In file included from /home/abc/arm-toolchain/aarch64-none-linux-gnu/libc/usr/include/math.h:27,
                 from /home/abc/nhat/optee_examples/eevm_minimal_ta/external/openenclave/3rdparty/libcxx/libcxx/include/math.h:303,
                 from /home/abc/nhat/optee_examples/eevm_minimal_ta/external/openenclave/3rdparty/libcxx/libcxx/include/stdlib.h:100,
                 from /home/abc/nhat/optee_examples/eevm_minimal_ta/external/openenclave/3rdparty/libcxx/libcxx/include/cstdlib:85,
                 from /home/abc/nhat/optee_examples/eevm_minimal_ta/external/openenclave/3rdparty/libcxx/libcxx/include/__debug:25,
                 from /home/abc/nhat/optee_examples/eevm_minimal_ta/external/openenclave/3rdparty/libcxx/libcxx/include/utility:206,
                 from /home/abc/nhat/optee_examples/eevm_minimal_ta/external/openenclave/3rdparty/libcxx/libcxx/include/algorithm:642,
                 from /home/abc/nhat/optee_examples/eevm_minimal_ta/external/openenclave/3rdparty/libcxx/libcxx/include/__string:57,
                 from /home/abc/nhat/optee_examples/eevm_minimal_ta/external/openenclave/3rdparty/libcxx/libcxx/include/string_view:175,
                 from /home/abc/nhat/optee_examples/eevm_minimal_ta/external/openenclave/3rdparty/libcxx/libcxx/include/string:504,
                 from /home/abc/nhat/optee_examples/eevm_minimal_ta/external/openenclave/3rdparty/libcxx/libcxx/src/string.cpp:9:
/home/abc/arm-toolchain/aarch64-none-linux-gnu/libc/usr/include/bits/libc-header-start.h:74:17: error: missing binary operator before token "("
   74 | #if __GLIBC_USE (IEC_60559_BFP_EXT) || __GLIBC_USE (ISOC23)
      |                 ^
/home/abc/arm-toolchain/aarch64-none-linux-gnu/libc/usr/include/bits/libc-header-start.h:80:17: error: missing binary operator before token "("
   80 | #if __GLIBC_USE (IEC_60559_BFP_EXT) || defined __STDC_WANT_IEC_60559_EXT__
      |                 ^
/home/abc/arm-toolchain/aarch64-none-linux-gnu/libc/usr/include/bits/libc-header-start.h:97:17: error: missing binary operator before token "("
   97 | #if __GLIBC_USE (IEC_60559_FUNCS_EXT) || __GLIBC_USE (ISOC23)
      |                 ^
In file included from /home/abc/arm-toolchain/aarch64-none-linux-gnu/libc/usr/include/math.h:40:
/home/abc/arm-toolchain/aarch64-none-linux-gnu/libc/usr/include/bits/math-vector.h:28:67: error: missing binary operator before token "("
   28 | #if defined __aarch64__ && defined __FAST_MATH__ && __GNUC_PREREQ (6, 0)
      |                                                                   ^
/home/abc/arm-toolchain/aarch64-none-linux-gnu/libc/usr/include/bits/math-vector.h:138:18: error: missing binary operator before token "("
  138 | #if __GNUC_PREREQ(9, 0)
      |                  ^
/home/abc/arm-toolchain/aarch64-none-linux-gnu/libc/usr/include/bits/math-vector.h:142:27: error: missing binary operator before token "("
  142 | #elif __glibc_clang_prereq(8, 0)
      |                           ^
/home/abc/arm-toolchain/aarch64-none-linux-gnu/libc/usr/include/bits/math-vector.h:148:18: error: missing binary operator before token "("
  148 | #if __GNUC_PREREQ(10, 0) || __glibc_clang_prereq(11, 0)
      |                  ^
In file included from /home/abc/arm-toolchain/aarch64-none-linux-gnu/libc/usr/include/math.h:43:
/home/abc/arm-toolchain/aarch64-none-linux-gnu/libc/usr/include/bits/floatn.h:58:22: error: missing binary operator before token "("
   58 | #  if !__GNUC_PREREQ (7, 0) || (defined __cplusplus && !__GNUC_PREREQ (13, 0))
      |                      ^
/home/abc/arm-toolchain/aarch64-none-linux-gnu/libc/usr/include/bits/floatn.h:68:22: error: missing binary operator before token "("
   68 | #  if !__GNUC_PREREQ (7, 0) || (defined __cplusplus && !__GNUC_PREREQ (13, 0))
      |                      ^
/home/abc/arm-toolchain/aarch64-none-linux-gnu/libc/usr/include/bits/floatn.h:79:22: error: missing binary operator before token "("
   79 | #  if !__GNUC_PREREQ (7, 0) || (defined __cplusplus && !__GNUC_PREREQ (13, 0))
      |                      ^
/home/abc/arm-toolchain/aarch64-none-linux-gnu/libc/usr/include/bits/floatn.h:84:22: error: missing binary operator before token "("
   84 | #  if !__GNUC_PREREQ (7, 0)
      |                      ^
In file included from /home/abc/arm-toolchain/aarch64-none-linux-gnu/libc/usr/include/bits/floatn.h:95:
/home/abc/arm-toolchain/aarch64-none-linux-gnu/libc/usr/include/bits/floatn-common.h:69:19: error: missing binary operator before token "("
   69 | #if __GNUC_PREREQ (7, 0) && !defined __cplusplus
      |                   ^
/home/abc/arm-toolchain/aarch64-none-linux-gnu/libc/usr/include/bits/floatn-common.h:90:22: error: missing binary operator before token "("
   90 | #  if !__GNUC_PREREQ (7, 0) || (defined __cplusplus && !__GNUC_PREREQ (13, 0))
      |                      ^
/home/abc/arm-toolchain/aarch64-none-linux-gnu/libc/usr/include/bits/floatn-common.h:98:22: error: missing binary operator before token "("
   98 | #  if !__GNUC_PREREQ (7, 0) || (defined __cplusplus && !__GNUC_PREREQ (13, 0))
      |                      ^
/home/abc/arm-toolchain/aarch64-none-linux-gnu/libc/usr/include/bits/floatn-common.h:110:22: error: missing binary operator before token "("
  110 | #  if !__GNUC_PREREQ (7, 0) || (defined __cplusplus && !__GNUC_PREREQ (13, 0))
      |                      ^
/home/abc/arm-toolchain/aarch64-none-linux-gnu/libc/usr/include/bits/floatn-common.h:118:22: error: missing binary operator before token "("
  118 | #  if !__GNUC_PREREQ (7, 0) || (defined __cplusplus && !__GNUC_PREREQ (13, 0))
      |                      ^
/home/abc/arm-toolchain/aarch64-none-linux-gnu/libc/usr/include/bits/floatn-common.h:148:22: error: missing binary operator before token "("
  148 | #  if !__GNUC_PREREQ (7, 0) || (defined __cplusplus && !__GNUC_PREREQ (13, 0))
      |                      ^
/home/abc/arm-toolchain/aarch64-none-linux-gnu/libc/usr/include/bits/floatn-common.h:156:22: error: missing binary operator before token "("
  156 | #  if !__GNUC_PREREQ (7, 0) || (defined __cplusplus && !__GNUC_PREREQ (13, 0))
      |                      ^
/home/abc/arm-toolchain/aarch64-none-linux-gnu/libc/usr/include/bits/floatn-common.h:168:22: error: missing binary operator before token "("
  168 | #  if !__GNUC_PREREQ (7, 0) || (defined __cplusplus && !__GNUC_PREREQ (13, 0))
      |                      ^
/home/abc/arm-toolchain/aarch64-none-linux-gnu/libc/usr/include/bits/floatn-common.h:176:22: error: missing binary operator before token "("
  176 | #  if !__GNUC_PREREQ (7, 0) || (defined __cplusplus && !__GNUC_PREREQ (13, 0))
      |                      ^
/home/abc/arm-toolchain/aarch64-none-linux-gnu/libc/usr/include/bits/floatn-common.h:213:22: error: missing binary operator before token "("
  213 | #  if !__GNUC_PREREQ (7, 0) || (defined __cplusplus && !__GNUC_PREREQ (13, 0))
      |                      ^
/home/abc/arm-toolchain/aarch64-none-linux-gnu/libc/usr/include/bits/floatn-common.h:217:22: error: missing binary operator before token "("
  217 | #  if !__GNUC_PREREQ (7, 0)
      |                      ^
/home/abc/arm-toolchain/aarch64-none-linux-gnu/libc/usr/include/bits/floatn-common.h:250:23: error: missing binary operator before token "("
  250 | #   if !__GNUC_PREREQ (7, 0) || (defined __cplusplus && !__GNUC_PREREQ (13, 0))
      |                       ^
/home/abc/arm-toolchain/aarch64-none-linux-gnu/libc/usr/include/bits/floatn-common.h:254:23: error: missing binary operator before token "("
  254 | #   if !__GNUC_PREREQ (7, 0)
      |                       ^
/home/abc/arm-toolchain/aarch64-none-linux-gnu/libc/usr/include/bits/floatn-common.h:267:22: error: missing binary operator before token "("
  267 | #  if !__GNUC_PREREQ (7, 0) || (defined __cplusplus && !__GNUC_PREREQ (13, 0))
      |                      ^
/home/abc/arm-toolchain/aarch64-none-linux-gnu/libc/usr/include/bits/floatn-common.h:271:22: error: missing binary operator before token "("
  271 | #  if !__GNUC_PREREQ (7, 0)
      |                      ^
/home/abc/arm-toolchain/aarch64-none-linux-gnu/libc/usr/include/bits/floatn-common.h:284:23: error: missing binary operator before token "("
  284 | #   if !__GNUC_PREREQ (7, 0) || (defined __cplusplus && !__GNUC_PREREQ (13, 0))
      |                       ^
/home/abc/arm-toolchain/aarch64-none-linux-gnu/libc/usr/include/bits/floatn-common.h:288:23: error: missing binary operator before token "("
  288 | #   if !__GNUC_PREREQ (7, 0)
      |                       ^
/home/abc/arm-toolchain/aarch64-none-linux-gnu/libc/usr/include/math.h:47:19: error: missing binary operator before token "("
   47 | #if __GNUC_PREREQ (3, 3)
      |                   ^
/home/abc/arm-toolchain/aarch64-none-linux-gnu/libc/usr/include/math.h:66:35: error: missing binary operator before token "("
   66 | #if __HAVE_FLOAT16 && __GLIBC_USE (IEC_60559_TYPES_EXT)
      |                                   ^
/home/abc/arm-toolchain/aarch64-none-linux-gnu/libc/usr/include/math.h:69:35: error: missing binary operator before token "("
   69 | #if __HAVE_FLOAT32 && __GLIBC_USE (IEC_60559_TYPES_EXT)
      |                                   ^
/home/abc/arm-toolchain/aarch64-none-linux-gnu/libc/usr/include/math.h:72:35: error: missing binary operator before token "("
   72 | #if __HAVE_FLOAT64 && __GLIBC_USE (IEC_60559_TYPES_EXT)
      |                                   ^
/home/abc/arm-toolchain/aarch64-none-linux-gnu/libc/usr/include/math.h:75:36: error: missing binary operator before token "("
   75 | #if __HAVE_FLOAT128 && __GLIBC_USE (IEC_60559_TYPES_EXT)
      |                                    ^
/home/abc/arm-toolchain/aarch64-none-linux-gnu/libc/usr/include/math.h:78:36: error: missing binary operator before token "("
   78 | #if __HAVE_FLOAT32X && __GLIBC_USE (IEC_60559_TYPES_EXT)
      |                                    ^
/home/abc/arm-toolchain/aarch64-none-linux-gnu/libc/usr/include/math.h:81:36: error: missing binary operator before token "("
   81 | #if __HAVE_FLOAT64X && __GLIBC_USE (IEC_60559_TYPES_EXT)
      |                                    ^
/home/abc/arm-toolchain/aarch64-none-linux-gnu/libc/usr/include/math.h:84:37: error: missing binary operator before token "("
   84 | #if __HAVE_FLOAT128X && __GLIBC_USE (IEC_60559_TYPES_EXT)
      |                                     ^
/home/abc/arm-toolchain/aarch64-none-linux-gnu/libc/usr/include/math.h:107:17: error: missing binary operator before token "("
  107 | #if __GLIBC_USE (IEC_60559_BFP_EXT)
      |                 ^
/home/abc/arm-toolchain/aarch64-none-linux-gnu/libc/usr/include/math.h:116:21: error: missing binary operator before token "("
  116 |      && __GLIBC_USE (IEC_60559_TYPES_EXT)               \
      |                     ^
/home/abc/arm-toolchain/aarch64-none-linux-gnu/libc/usr/include/math.h:121:21: error: missing binary operator before token "("
  121 |      && __GLIBC_USE (IEC_60559_TYPES_EXT)               \
      |                     ^
/home/abc/arm-toolchain/aarch64-none-linux-gnu/libc/usr/include/math.h:126:21: error: missing binary operator before token "("
  126 |      && __GLIBC_USE (IEC_60559_TYPES_EXT)               \
      |                     ^
/home/abc/arm-toolchain/aarch64-none-linux-gnu/libc/usr/include/math.h:131:21: error: missing binary operator before token "("
  131 |      && __GLIBC_USE (IEC_60559_TYPES_EXT)               \
      |                     ^
/home/abc/arm-toolchain/aarch64-none-linux-gnu/libc/usr/include/math.h:136:21: error: missing binary operator before token "("
  136 |      && __GLIBC_USE (IEC_60559_TYPES_EXT)               \
      |                     ^
/home/abc/arm-toolchain/aarch64-none-linux-gnu/libc/usr/include/math.h:141:21: error: missing binary operator before token "("
  141 |      && __GLIBC_USE (IEC_60559_TYPES_EXT)               \
      |                     ^
/home/abc/arm-toolchain/aarch64-none-linux-gnu/libc/usr/include/math.h:146:21: error: missing binary operator before token "("
  146 |      && __GLIBC_USE (IEC_60559_TYPES_EXT)               \
      |                     ^
/home/abc/arm-toolchain/aarch64-none-linux-gnu/libc/usr/include/math.h:217:17: error: missing binary operator before token "("
  217 | #if __GLIBC_USE (IEC_60559_BFP_EXT_C23)
      |                 ^
/home/abc/arm-toolchain/aarch64-none-linux-gnu/libc/usr/include/math.h:249:17: error: missing binary operator before token "("
  249 | #if __GLIBC_USE (IEC_60559_BFP_EXT_C23)
      |                 ^
In file included from /home/abc/arm-toolchain/aarch64-none-linux-gnu/libc/usr/include/math.h:313:
/home/abc/arm-toolchain/aarch64-none-linux-gnu/libc/usr/include/bits/mathcalls.h:112:17: error: missing binary operator before token "("
  112 | #if __GLIBC_USE (IEC_60559_FUNCS_EXT_C23)
      |                 ^
/home/abc/arm-toolchain/aarch64-none-linux-gnu/libc/usr/include/bits/mathcalls.h:301:17: error: missing binary operator before token "("
  301 | #if __GLIBC_USE (IEC_60559_BFP_EXT_C23) || __MATH_DECLARING_FLOATN
      |                 ^
/home/abc/arm-toolchain/aarch64-none-linux-gnu/libc/usr/include/bits/mathcalls.h:358:17: error: missing binary operator before token "("
  358 | #if __GLIBC_USE (IEC_60559_BFP_EXT_C23) || __MATH_DECLARING_FLOATN
      |                 ^
/home/abc/arm-toolchain/aarch64-none-linux-gnu/libc/usr/include/bits/mathcalls.h:388:18: error: missing binary operator before token "("
  388 | #if (__GLIBC_USE (IEC_60559_BFP_EXT)                            \
      |                  ^
/home/abc/arm-toolchain/aarch64-none-linux-gnu/libc/usr/include/bits/mathcalls.h:398:17: error: missing binary operator before token "("
  398 | #if __GLIBC_USE (ISOC23)
      |                 ^
/home/abc/arm-toolchain/aarch64-none-linux-gnu/libc/usr/include/bits/mathcalls.h:424:17: error: missing binary operator before token "("
  424 | #if __GLIBC_USE (IEC_60559_EXT) || __MATH_DECLARING_FLOATN
      |                 ^
/home/abc/arm-toolchain/aarch64-none-linux-gnu/libc/usr/include/math.h:449:18: error: missing binary operator before token "("
  449 | # if __GLIBC_USE (IEC_60559_TYPES_EXT)
      |                  ^
/home/abc/arm-toolchain/aarch64-none-linux-gnu/libc/usr/include/math.h:466:18: error: missing binary operator before token "("
  466 | # if __GLIBC_USE (IEC_60559_TYPES_EXT)
      |                  ^
/home/abc/arm-toolchain/aarch64-none-linux-gnu/libc/usr/include/math.h:483:18: error: missing binary operator before token "("
  483 | # if __GLIBC_USE (IEC_60559_TYPES_EXT)
      |                  ^
/home/abc/arm-toolchain/aarch64-none-linux-gnu/libc/usr/include/math.h:500:18: error: missing binary operator before token "("
  500 | # if __GLIBC_USE (IEC_60559_TYPES_EXT)
      |                  ^
/home/abc/arm-toolchain/aarch64-none-linux-gnu/libc/usr/include/math.h:517:18: error: missing binary operator before token "("
  517 | # if __GLIBC_USE (IEC_60559_TYPES_EXT)
      |                  ^
/home/abc/arm-toolchain/aarch64-none-linux-gnu/libc/usr/include/math.h:561:17: error: missing binary operator before token "("
  561 | #if __GLIBC_USE (IEC_60559_BFP_EXT_C23)
      |                 ^
/home/abc/arm-toolchain/aarch64-none-linux-gnu/libc/usr/include/math.h:631:17: error: missing binary operator before token "("
  631 | #if __GLIBC_USE (IEC_60559_TYPES_EXT)
      |                 ^
/home/abc/arm-toolchain/aarch64-none-linux-gnu/libc/usr/include/math.h:1054:17: error: missing binary operator before token "("
 1054 | #if __GLIBC_USE (IEC_60559_BFP_EXT_C23)
      |                 ^
/home/abc/arm-toolchain/aarch64-none-linux-gnu/libc/usr/include/math.h:1335:17: error: missing binary operator before token "("
 1335 | #if __GLIBC_USE (IEC_60559_BFP_EXT_C23)
      |                 ^
In file included from /home/abc/arm-toolchain/aarch64-none-linux-gnu/libc/usr/include/stdio.h:28,
                 from /home/abc/nhat/optee_examples/eevm_minimal_ta/external/openenclave/3rdparty/libcxx/libcxx/include/stdio.h:107,
                 from /home/abc/nhat/optee_examples/eevm_minimal_ta/external/openenclave/3rdparty/libcxx/libcxx/include/cstdio:99,
                 from /home/abc/nhat/optee_examples/eevm_minimal_ta/external/openenclave/3rdparty/libcxx/libcxx/include/__debug:26:
/home/abc/arm-toolchain/aarch64-none-linux-gnu/libc/usr/include/bits/libc-header-start.h:74:17: error: missing binary operator before token "("
   74 | #if __GLIBC_USE (IEC_60559_BFP_EXT) || __GLIBC_USE (ISOC23)
      |                 ^
/home/abc/arm-toolchain/aarch64-none-linux-gnu/libc/usr/include/bits/libc-header-start.h:80:17: error: missing binary operator before token "("
   80 | #if __GLIBC_USE (IEC_60559_BFP_EXT) || defined __STDC_WANT_IEC_60559_EXT__
      |                 ^
/home/abc/arm-toolchain/aarch64-none-linux-gnu/libc/usr/include/bits/libc-header-start.h:97:17: error: missing binary operator before token "("
   97 | #if __GLIBC_USE (IEC_60559_FUNCS_EXT) || __GLIBC_USE (ISOC23)
      |                 ^
/home/abc/arm-toolchain/aarch64-none-linux-gnu/libc/usr/include/stdio.h:142:17: error: missing binary operator before token "("
  142 | #if __GLIBC_USE (ISOC23)
      |                 ^
/home/abc/arm-toolchain/aarch64-none-linux-gnu/libc/usr/include/stdio.h:312:43: error: missing binary operator before token "("
  312 | #if defined __USE_XOPEN2K8 || __GLIBC_USE (LIB_EXT2)
      |                                           ^
/home/abc/arm-toolchain/aarch64-none-linux-gnu/libc/usr/include/stdio.h:394:41: error: missing binary operator before token "("
  394 | #if defined (__USE_MISC) || __GLIBC_USE (LIB_EXT2)
      |                                         ^
/home/abc/arm-toolchain/aarch64-none-linux-gnu/libc/usr/include/stdio.h:438:18: error: missing binary operator before token "("
  438 | #if !__GLIBC_USE (DEPRECATED_SCANF) && !defined __LDBL_COMPAT \
      |                  ^
/home/abc/arm-toolchain/aarch64-none-linux-gnu/libc/usr/include/stdio.h:657:17: error: missing binary operator before token "("
  657 | #if __GLIBC_USE (DEPRECATED_GETS)
      |                 ^
/home/abc/arm-toolchain/aarch64-none-linux-gnu/libc/usr/include/stdio.h:683:43: error: missing binary operator before token "("
  683 | #if defined __USE_XOPEN2K8 || __GLIBC_USE (LIB_EXT2)
      |                                           ^
In file included from /home/abc/nhat/optee_examples/eevm_minimal_ta/external/openenclave/3rdparty/libcxx/libcxx/include/algorithm:641:
/home/abc/nhat/optee_examples/eevm_minimal_ta/external/openenclave/3rdparty/libcxx/libcxx/include/cstring:71:9: error: ‘strcpy’ has not been declared in ‘::’
   71 | using ::strcpy;
      |         ^~~~~~
/home/abc/nhat/optee_examples/eevm_minimal_ta/external/openenclave/3rdparty/libcxx/libcxx/include/cstring:72:9: error: ‘strncpy’ has not been declared in ‘::’
   72 | using ::strncpy;
      |         ^~~~~~~
/home/abc/nhat/optee_examples/eevm_minimal_ta/external/openenclave/3rdparty/libcxx/libcxx/include/cstring:73:9: error: ‘strcat’ has not been declared in ‘::’
   73 | using ::strcat;
      |         ^~~~~~
/home/abc/nhat/optee_examples/eevm_minimal_ta/external/openenclave/3rdparty/libcxx/libcxx/include/cstring:74:9: error: ‘strncat’ has not been declared in ‘::’
   74 | using ::strncat;
      |         ^~~~~~~
/home/abc/nhat/optee_examples/eevm_minimal_ta/external/openenclave/3rdparty/libcxx/libcxx/include/cstring:76:9: error: ‘strcmp’ has not been declared in ‘::’
   76 | using ::strcmp;
      |         ^~~~~~
/home/abc/nhat/optee_examples/eevm_minimal_ta/external/openenclave/3rdparty/libcxx/libcxx/include/cstring:77:9: error: ‘strncmp’ has not been declared in ‘::’
   77 | using ::strncmp;
      |         ^~~~~~~
/home/abc/nhat/optee_examples/eevm_minimal_ta/external/openenclave/3rdparty/libcxx/libcxx/include/cstring:78:9: error: ‘strcoll’ has not been declared in ‘::’
   78 | using ::strcoll;
      |         ^~~~~~~
/home/abc/nhat/optee_examples/eevm_minimal_ta/external/openenclave/3rdparty/libcxx/libcxx/include/cstring:79:9: error: ‘strxfrm’ has not been declared in ‘::’
   79 | using ::strxfrm;
      |         ^~~~~~~
/home/abc/nhat/optee_examples/eevm_minimal_ta/external/openenclave/3rdparty/libcxx/libcxx/include/cstring:80:9: error: ‘memchr’ has not been declared in ‘::’
   80 | using ::memchr;
      |         ^~~~~~
/home/abc/nhat/optee_examples/eevm_minimal_ta/external/openenclave/3rdparty/libcxx/libcxx/include/cstring:81:9: error: ‘strchr’ has not been declared in ‘::’
   81 | using ::strchr;
      |         ^~~~~~
/home/abc/nhat/optee_examples/eevm_minimal_ta/external/openenclave/3rdparty/libcxx/libcxx/include/cstring:82:9: error: ‘strcspn’ has not been declared in ‘::’
   82 | using ::strcspn;
      |         ^~~~~~~
/home/abc/nhat/optee_examples/eevm_minimal_ta/external/openenclave/3rdparty/libcxx/libcxx/include/cstring:83:9: error: ‘strpbrk’ has not been declared in ‘::’
   83 | using ::strpbrk;
      |         ^~~~~~~
/home/abc/nhat/optee_examples/eevm_minimal_ta/external/openenclave/3rdparty/libcxx/libcxx/include/cstring:84:9: error: ‘strrchr’ has not been declared in ‘::’
   84 | using ::strrchr;
      |         ^~~~~~~
/home/abc/nhat/optee_examples/eevm_minimal_ta/external/openenclave/3rdparty/libcxx/libcxx/include/cstring:85:9: error: ‘strspn’ has not been declared in ‘::’
   85 | using ::strspn;
      |         ^~~~~~
/home/abc/nhat/optee_examples/eevm_minimal_ta/external/openenclave/3rdparty/libcxx/libcxx/include/cstring:86:9: error: ‘strstr’ has not been declared in ‘::’
   86 | using ::strstr;
      |         ^~~~~~
/home/abc/nhat/optee_examples/eevm_minimal_ta/external/openenclave/3rdparty/libcxx/libcxx/include/cstring:88:9: error: ‘strtok’ has not been declared in ‘::’
   88 | using ::strtok;
      |         ^~~~~~
/home/abc/nhat/optee_examples/eevm_minimal_ta/external/openenclave/3rdparty/libcxx/libcxx/include/cstring:91:9: error: ‘strerror’ has not been declared in ‘::’
   91 | using ::strerror;
      |         ^~~~~~~~
/home/abc/arm-toolchain/aarch64-none-linux-gnu/libc/usr/include/math.h:34:1: error: ‘__BEGIN_DECLS’ does not name a type
   34 | __BEGIN_DECLS
      | ^~~~~~~~~~~~~
/home/abc/arm-toolchain/aarch64-none-linux-gnu/libc/usr/include/bits/mathcalls-helper-functions.h:20:1: error: ‘__fpclassify’ was not declared in this scope
   20 | __MATHDECL_ALIAS (int, __fpclassify,, (_Mdouble_ __value), fpclassify)
      | ^~~~~~~~~~~~~~~~
/home/abc/arm-toolchain/aarch64-none-linux-gnu/libc/usr/include/bits/mathcalls-helper-functions.h:20:1: error: expected primary-expression before ‘)’ token
   20 | __MATHDECL_ALIAS (int, __fpclassify,, (_Mdouble_ __value), fpclassify)
      | ^~~~~~~~~~~~~~~~
/home/abc/arm-toolchain/aarch64-none-linux-gnu/libc/usr/include/bits/mathcalls-helper-functions.h:20:1: error: expression list treated as compound expression in initializer [-fpermissive]
/home/abc/arm-toolchain/aarch64-none-linux-gnu/libc/usr/include/bits/mathcalls-helper-functions.h:24:1: error: redefinition of ‘int __CONCAT’
   24 | __MATHDECL_ALIAS (int, __signbit,, (_Mdouble_ __value), signbit)
      | ^~~~~~~~~~~~~~~~
/home/abc/arm-toolchain/aarch64-none-linux-gnu/libc/usr/include/bits/mathcalls-helper-functions.h:20:1: note: ‘int __CONCAT’ previously defined here
   20 | __MATHDECL_ALIAS (int, __fpclassify,, (_Mdouble_ __value), fpclassify)
      | ^~~~~~~~~~~~~~~~
/home/abc/arm-toolchain/aarch64-none-linux-gnu/libc/usr/include/bits/mathcalls-helper-functions.h:24:1: error: ‘__signbit’ was not declared in this scope
   24 | __MATHDECL_ALIAS (int, __signbit,, (_Mdouble_ __value), signbit)
      | ^~~~~~~~~~~~~~~~
/home/abc/arm-toolchain/aarch64-none-linux-gnu/libc/usr/include/bits/mathcalls-helper-functions.h:24:1: error: expected primary-expression before ‘)’ token
   24 | __MATHDECL_ALIAS (int, __signbit,, (_Mdouble_ __value), signbit)
      | ^~~~~~~~~~~~~~~~
/home/abc/arm-toolchain/aarch64-none-linux-gnu/libc/usr/include/bits/mathcalls-helper-functions.h:29:1: error: redefinition of ‘int __CONCAT’
   29 | __MATHDECL_ALIAS (int, __isinf,, (_Mdouble_ __value), isinf)
      | ^~~~~~~~~~~~~~~~
/home/abc/arm-toolchain/aarch64-none-linux-gnu/libc/usr/include/bits/mathcalls-helper-functions.h:20:1: note: ‘int __CONCAT’ previously defined here
   20 | __MATHDECL_ALIAS (int, __fpclassify,, (_Mdouble_ __value), fpclassify)
      | ^~~~~~~~~~~~~~~~
/home/abc/arm-toolchain/aarch64-none-linux-gnu/libc/usr/include/bits/mathcalls-helper-functions.h:29:1: error: ‘__isinf’ was not declared in this scope
   29 | __MATHDECL_ALIAS (int, __isinf,, (_Mdouble_ __value), isinf)
      | ^~~~~~~~~~~~~~~~
/home/abc/arm-toolchain/aarch64-none-linux-gnu/libc/usr/include/bits/mathcalls-helper-functions.h:29:1: error: expected primary-expression before ‘)’ token
   29 | __MATHDECL_ALIAS (int, __isinf,, (_Mdouble_ __value), isinf)
      | ^~~~~~~~~~~~~~~~
/home/abc/arm-toolchain/aarch64-none-linux-gnu/libc/usr/include/bits/mathcalls-helper-functions.h:33:1: error: redefinition of ‘int __CONCAT’
   33 | __MATHDECL_ALIAS (int, __finite,, (_Mdouble_ __value), finite)
      | ^~~~~~~~~~~~~~~~
/home/abc/arm-toolchain/aarch64-none-linux-gnu/libc/usr/include/bits/mathcalls-helper-functions.h:20:1: note: ‘int __CONCAT’ previously defined here
   20 | __MATHDECL_ALIAS (int, __fpclassify,, (_Mdouble_ __value), fpclassify)
      | ^~~~~~~~~~~~~~~~
/home/abc/arm-toolchain/aarch64-none-linux-gnu/libc/usr/include/bits/mathcalls-helper-functions.h:33:1: error: ‘__finite’ was not declared in this scope
   33 | __MATHDECL_ALIAS (int, __finite,, (_Mdouble_ __value), finite)
      | ^~~~~~~~~~~~~~~~
/home/abc/arm-toolchain/aarch64-none-linux-gnu/libc/usr/include/bits/mathcalls-helper-functions.h:33:1: error: expected primary-expression before ‘)’ token
   33 | __MATHDECL_ALIAS (int, __finite,, (_Mdouble_ __value), finite)
      | ^~~~~~~~~~~~~~~~
/home/abc/arm-toolchain/aarch64-none-linux-gnu/libc/usr/include/bits/mathcalls-helper-functions.h:37:1: error: redefinition of ‘int __CONCAT’
   37 | __MATHDECL_ALIAS (int, __isnan,, (_Mdouble_ __value), isnan)
      | ^~~~~~~~~~~~~~~~
/home/abc/arm-toolchain/aarch64-none-linux-gnu/libc/usr/include/bits/mathcalls-helper-functions.h:20:1: note: ‘int __CONCAT’ previously defined here
   20 | __MATHDECL_ALIAS (int, __fpclassify,, (_Mdouble_ __value), fpclassify)
      | ^~~~~~~~~~~~~~~~
/home/abc/arm-toolchain/aarch64-none-linux-gnu/libc/usr/include/bits/mathcalls-helper-functions.h:37:1: error: ‘__isnan’ was not declared in this scope
   37 | __MATHDECL_ALIAS (int, __isnan,, (_Mdouble_ __value), isnan)
      | ^~~~~~~~~~~~~~~~
/home/abc/arm-toolchain/aarch64-none-linux-gnu/libc/usr/include/bits/mathcalls-helper-functions.h:37:1: error: expected primary-expression before ‘)’ token
   37 | __MATHDECL_ALIAS (int, __isnan,, (_Mdouble_ __value), isnan)
      | ^~~~~~~~~~~~~~~~
/home/abc/arm-toolchain/aarch64-none-linux-gnu/libc/usr/include/bits/mathcalls-helper-functions.h:41:1: error: redefinition of ‘int __CONCAT’
   41 | __MATHDECL_ALIAS (int, __iseqsig,, (_Mdouble_ __x, _Mdouble_ __y), iseqsig);
      | ^~~~~~~~~~~~~~~~
/home/abc/arm-toolchain/aarch64-none-linux-gnu/libc/usr/include/bits/mathcalls-helper-functions.h:20:1: note: ‘int __CONCAT’ previously defined here
   20 | __MATHDECL_ALIAS (int, __fpclassify,, (_Mdouble_ __value), fpclassify)
      | ^~~~~~~~~~~~~~~~
/home/abc/arm-toolchain/aarch64-none-linux-gnu/libc/usr/include/bits/mathcalls-helper-functions.h:41:1: error: ‘__iseqsig’ was not declared in this scope
   41 | __MATHDECL_ALIAS (int, __iseqsig,, (_Mdouble_ __x, _Mdouble_ __y), iseqsig);
      | ^~~~~~~~~~~~~~~~
/home/abc/arm-toolchain/aarch64-none-linux-gnu/libc/usr/include/bits/mathcalls-helper-functions.h:41:1: error: expected primary-expression before ‘)’ token
   41 | __MATHDECL_ALIAS (int, __iseqsig,, (_Mdouble_ __x, _Mdouble_ __y), iseqsig);
      | ^~~~~~~~~~~~~~~~
/home/abc/arm-toolchain/aarch64-none-linux-gnu/libc/usr/include/bits/mathcalls-helper-functions.h:44:1: error: redefinition of ‘int __CONCAT’
   44 | __MATHDECL_ALIAS (int, __issignaling,, (_Mdouble_ __value), issignaling)
      | ^~~~~~~~~~~~~~~~
/home/abc/arm-toolchain/aarch64-none-linux-gnu/libc/usr/include/bits/mathcalls-helper-functions.h:20:1: note: ‘int __CONCAT’ previously defined here
   20 | __MATHDECL_ALIAS (int, __fpclassify,, (_Mdouble_ __value), fpclassify)
      | ^~~~~~~~~~~~~~~~
/home/abc/arm-toolchain/aarch64-none-linux-gnu/libc/usr/include/bits/mathcalls-helper-functions.h:44:1: error: ‘__issignaling’ was not declared in this scope
   44 | __MATHDECL_ALIAS (int, __issignaling,, (_Mdouble_ __value), issignaling)
      | ^~~~~~~~~~~~~~~~
/home/abc/arm-toolchain/aarch64-none-linux-gnu/libc/usr/include/bits/mathcalls-helper-functions.h:44:1: error: expected primary-expression before ‘)’ token
   44 | __MATHDECL_ALIAS (int, __issignaling,, (_Mdouble_ __value), issignaling)
      | ^~~~~~~~~~~~~~~~
/home/abc/arm-toolchain/aarch64-none-linux-gnu/libc/usr/include/bits/mathcalls.h:53:1: error: expected constructor, destructor, or type conversion before ‘(’ token
   53 | __MATHCALL_VEC (acos,, (_Mdouble_ __x));
      | ^~~~~~~~~~~~~~
/home/abc/arm-toolchain/aarch64-none-linux-gnu/libc/usr/include/bits/mathcalls.h:53:1: error: conflicting declaration ‘double __CONCAT’
   53 | __MATHCALL_VEC (acos,, (_Mdouble_ __x));
      | ^~~~~~~~~~~~~~
/home/abc/arm-toolchain/aarch64-none-linux-gnu/libc/usr/include/bits/mathcalls-helper-functions.h:20:1: note: previous declaration as ‘int __CONCAT’
   20 | __MATHDECL_ALIAS (int, __fpclassify,, (_Mdouble_ __value), fpclassify)
      | ^~~~~~~~~~~~~~~~
/home/abc/arm-toolchain/aarch64-none-linux-gnu/libc/usr/include/bits/mathcalls.h:53:1: error: ‘__’ was not declared in this scope
   53 | __MATHCALL_VEC (acos,, (_Mdouble_ __x));
      | ^~~~~~~~~~~~~~
/home/abc/arm-toolchain/aarch64-none-linux-gnu/libc/usr/include/bits/mathcalls.h:53:1: error: ‘acos’ was not declared in this scope
   53 | __MATHCALL_VEC (acos,, (_Mdouble_ __x));
      | ^~~~~~~~~~~~~~
/home/abc/arm-toolchain/aarch64-none-linux-gnu/libc/usr/include/bits/mathcalls.h:53:1: error: ‘__CONCAT’ cannot be used as a function
   53 | __MATHCALL_VEC (acos,, (_Mdouble_ __x));
      | ^~~~~~~~~~~~~~
/home/abc/arm-toolchain/aarch64-none-linux-gnu/libc/usr/include/bits/mathcalls.h:53:1: error: expected primary-expression before ‘)’ token
   53 | __MATHCALL_VEC (acos,, (_Mdouble_ __x));
      | ^~~~~~~~~~~~~~
/home/abc/arm-toolchain/aarch64-none-linux-gnu/libc/usr/include/bits/mathcalls.h:55:1: error: expected constructor, destructor, or type conversion before ‘(’ token
   55 | __MATHCALL_VEC (asin,, (_Mdouble_ __x));
      | ^~~~~~~~~~~~~~
/home/abc/arm-toolchain/aarch64-none-linux-gnu/libc/usr/include/bits/mathcalls.h:55:1: error: conflicting declaration ‘double __CONCAT’
   55 | __MATHCALL_VEC (asin,, (_Mdouble_ __x));
      | ^~~~~~~~~~~~~~
/home/abc/arm-toolchain/aarch64-none-linux-gnu/libc/usr/include/bits/mathcalls-helper-functions.h:20:1: note: previous declaration as ‘int __CONCAT’
   20 | __MATHDECL_ALIAS (int, __fpclassify,, (_Mdouble_ __value), fpclassify)
      | ^~~~~~~~~~~~~~~~
/home/abc/arm-toolchain/aarch64-none-linux-gnu/libc/usr/include/bits/mathcalls.h:55:1: error: ‘__’ was not declared in this scope
   55 | __MATHCALL_VEC (asin,, (_Mdouble_ __x));
      | ^~~~~~~~~~~~~~
/home/abc/arm-toolchain/aarch64-none-linux-gnu/libc/usr/include/bits/mathcalls.h:55:1: error: ‘asin’ was not declared in this scope
   55 | __MATHCALL_VEC (asin,, (_Mdouble_ __x));
      | ^~~~~~~~~~~~~~
/home/abc/arm-toolchain/aarch64-none-linux-gnu/libc/usr/include/bits/mathcalls.h:55:1: error: ‘__CONCAT’ cannot be used as a function
   55 | __MATHCALL_VEC (asin,, (_Mdouble_ __x));
      | ^~~~~~~~~~~~~~
/home/abc/arm-toolchain/aarch64-none-linux-gnu/libc/usr/include/bits/mathcalls.h:55:1: error: expected primary-expression before ‘)’ token
   55 | __MATHCALL_VEC (asin,, (_Mdouble_ __x));
      | ^~~~~~~~~~~~~~
/home/abc/arm-toolchain/aarch64-none-linux-gnu/libc/usr/include/bits/mathcalls.h:57:1: error: expected constructor, destructor, or type conversion before ‘(’ token
   57 | __MATHCALL_VEC (atan,, (_Mdouble_ __x));
      | ^~~~~~~~~~~~~~
/home/abc/arm-toolchain/aarch64-none-linux-gnu/libc/usr/include/bits/mathcalls.h:57:1: error: conflicting declaration ‘double __CONCAT’
   57 | __MATHCALL_VEC (atan,, (_Mdouble_ __x));
      | ^~~~~~~~~~~~~~
/home/abc/arm-toolchain/aarch64-none-linux-gnu/libc/usr/include/bits/mathcalls-helper-functions.h:20:1: note: previous declaration as ‘int __CONCAT’
   20 | __MATHDECL_ALIAS (int, __fpclassify,, (_Mdouble_ __value), fpclassify)
      | ^~~~~~~~~~~~~~~~
/home/abc/arm-toolchain/aarch64-none-linux-gnu/libc/usr/include/bits/mathcalls.h:57:1: error: ‘__’ was not declared in this scope
   57 | __MATHCALL_VEC (atan,, (_Mdouble_ __x));
      | ^~~~~~~~~~~~~~
/home/abc/arm-toolchain/aarch64-none-linux-gnu/libc/usr/include/bits/mathcalls.h:57:1: error: ‘atan’ was not declared in this scope
   57 | __MATHCALL_VEC (atan,, (_Mdouble_ __x));
      | ^~~~~~~~~~~~~~
/home/abc/arm-toolchain/aarch64-none-linux-gnu/libc/usr/include/bits/mathcalls.h:57:1: error: ‘__CONCAT’ cannot be used as a function
   57 | __MATHCALL_VEC (atan,, (_Mdouble_ __x));
      | ^~~~~~~~~~~~~~
/home/abc/arm-toolchain/aarch64-none-linux-gnu/libc/usr/include/bits/mathcalls.h:57:1: error: expected primary-expression before ‘)’ token
   57 | __MATHCALL_VEC (atan,, (_Mdouble_ __x));
      | ^~~~~~~~~~~~~~
/home/abc/arm-toolchain/aarch64-none-linux-gnu/libc/usr/include/bits/mathcalls.h:59:1: error: expected constructor, destructor, or type conversion before ‘(’ token
   59 | __MATHCALL_VEC (atan2,, (_Mdouble_ __y, _Mdouble_ __x));
      | ^~~~~~~~~~~~~~
/home/abc/arm-toolchain/aarch64-none-linux-gnu/libc/usr/include/bits/mathcalls.h:59:1: error: conflicting declaration ‘double __CONCAT’
   59 | __MATHCALL_VEC (atan2,, (_Mdouble_ __y, _Mdouble_ __x));
      | ^~~~~~~~~~~~~~
/home/abc/arm-toolchain/aarch64-none-linux-gnu/libc/usr/include/bits/mathcalls-helper-functions.h:20:1: note: previous declaration as ‘int __CONCAT’
   20 | __MATHDECL_ALIAS (int, __fpclassify,, (_Mdouble_ __value), fpclassify)
      | ^~~~~~~~~~~~~~~~
/home/abc/arm-toolchain/aarch64-none-linux-gnu/libc/usr/include/bits/mathcalls.h:59:1: error: ‘__’ was not declared in this scope
   59 | __MATHCALL_VEC (atan2,, (_Mdouble_ __y, _Mdouble_ __x));
      | ^~~~~~~~~~~~~~
/home/abc/arm-toolchain/aarch64-none-linux-gnu/libc/usr/include/bits/mathcalls.h:59:1: error: ‘atan2’ was not declared in this scope
   59 | __MATHCALL_VEC (atan2,, (_Mdouble_ __y, _Mdouble_ __x));
      | ^~~~~~~~~~~~~~
/home/abc/arm-toolchain/aarch64-none-linux-gnu/libc/usr/include/bits/mathcalls.h:59:1: error: ‘__CONCAT’ cannot be used as a function
   59 | __MATHCALL_VEC (atan2,, (_Mdouble_ __y, _Mdouble_ __x));
      | ^~~~~~~~~~~~~~
/home/abc/arm-toolchain/aarch64-none-linux-gnu/libc/usr/include/bits/mathcalls.h:59:1: error: expected primary-expression before ‘)’ token
   59 | __MATHCALL_VEC (atan2,, (_Mdouble_ __y, _Mdouble_ __x));
      | ^~~~~~~~~~~~~~
/home/abc/arm-toolchain/aarch64-none-linux-gnu/libc/usr/include/bits/mathcalls.h:62:1: error: expected constructor, destructor, or type conversion before ‘(’ token
   62 | __MATHCALL_VEC (cos,, (_Mdouble_ __x));
      | ^~~~~~~~~~~~~~
/home/abc/arm-toolchain/aarch64-none-linux-gnu/libc/usr/include/bits/mathcalls.h:62:1: error: conflicting declaration ‘double __CONCAT’
   62 | __MATHCALL_VEC (cos,, (_Mdouble_ __x));
      | ^~~~~~~~~~~~~~
/home/abc/arm-toolchain/aarch64-none-linux-gnu/libc/usr/include/bits/mathcalls-helper-functions.h:20:1: note: previous declaration as ‘int __CONCAT’
   20 | __MATHDECL_ALIAS (int, __fpclassify,, (_Mdouble_ __value), fpclassify)
      | ^~~~~~~~~~~~~~~~
/home/abc/arm-toolchain/aarch64-none-linux-gnu/libc/usr/include/bits/mathcalls.h:62:1: error: ‘__’ was not declared in this scope
   62 | __MATHCALL_VEC (cos,, (_Mdouble_ __x));
      | ^~~~~~~~~~~~~~
/home/abc/arm-toolchain/aarch64-none-linux-gnu/libc/usr/include/bits/mathcalls.h:62:1: error: ‘cos’ was not declared in this scope; did you mean ‘const’?
   62 | __MATHCALL_VEC (cos,, (_Mdouble_ __x));
      | ^~~~~~~~~~~~~~
/home/abc/arm-toolchain/aarch64-none-linux-gnu/libc/usr/include/bits/mathcalls.h:62:1: error: ‘__CONCAT’ cannot be used as a function
   62 | __MATHCALL_VEC (cos,, (_Mdouble_ __x));
      | ^~~~~~~~~~~~~~
/home/abc/arm-toolchain/aarch64-none-linux-gnu/libc/usr/include/bits/mathcalls.h:62:1: error: expected primary-expression before ‘)’ token
   62 | __MATHCALL_VEC (cos,, (_Mdouble_ __x));
      | ^~~~~~~~~~~~~~
/home/abc/arm-toolchain/aarch64-none-linux-gnu/libc/usr/include/bits/mathcalls.h:64:1: error: expected constructor, destructor, or type conversion before ‘(’ token
   64 | __MATHCALL_VEC (sin,, (_Mdouble_ __x));
      | ^~~~~~~~~~~~~~
/home/abc/arm-toolchain/aarch64-none-linux-gnu/libc/usr/include/bits/mathcalls.h:64:1: error: conflicting declaration ‘double __CONCAT’
   64 | __MATHCALL_VEC (sin,, (_Mdouble_ __x));
      | ^~~~~~~~~~~~~~
/home/abc/arm-toolchain/aarch64-none-linux-gnu/libc/usr/include/bits/mathcalls-helper-functions.h:20:1: note: previous declaration as ‘int __CONCAT’
   20 | __MATHDECL_ALIAS (int, __fpclassify,, (_Mdouble_ __value), fpclassify)
      | ^~~~~~~~~~~~~~~~
/home/abc/arm-toolchain/aarch64-none-linux-gnu/libc/usr/include/bits/mathcalls.h:64:1: error: ‘__’ was not declared in this scope
   64 | __MATHCALL_VEC (sin,, (_Mdouble_ __x));
      | ^~~~~~~~~~~~~~
/home/abc/arm-toolchain/aarch64-none-linux-gnu/libc/usr/include/bits/mathcalls.h:64:1: error: ‘sin’ was not declared in this scope
   64 | __MATHCALL_VEC (sin,, (_Mdouble_ __x));
      | ^~~~~~~~~~~~~~
/home/abc/arm-toolchain/aarch64-none-linux-gnu/libc/usr/include/bits/mathcalls.h:64:1: error: ‘__CONCAT’ cannot be used as a function
   64 | __MATHCALL_VEC (sin,, (_Mdouble_ __x));
      | ^~~~~~~~~~~~~~
/home/abc/arm-toolchain/aarch64-none-linux-gnu/libc/usr/include/bits/mathcalls.h:64:1: error: expected primary-expression before ‘)’ token
   64 | __MATHCALL_VEC (sin,, (_Mdouble_ __x));
      | ^~~~~~~~~~~~~~
/home/abc/arm-toolchain/aarch64-none-linux-gnu/libc/usr/include/bits/mathcalls.h:66:1: error: expected constructor, destructor, or type conversion before ‘(’ token
   66 | __MATHCALL_VEC (tan,, (_Mdouble_ __x));
      | ^~~~~~~~~~~~~~
/home/abc/arm-toolchain/aarch64-none-linux-gnu/libc/usr/include/bits/mathcalls.h:66:1: error: conflicting declaration ‘double __CONCAT’
   66 | __MATHCALL_VEC (tan,, (_Mdouble_ __x));
      | ^~~~~~~~~~~~~~
/home/abc/arm-toolchain/aarch64-none-linux-gnu/libc/usr/include/bits/mathcalls-helper-functions.h:20:1: note: previous declaration as ‘int __CONCAT’
   20 | __MATHDECL_ALIAS (int, __fpclassify,, (_Mdouble_ __value), fpclassify)
      | ^~~~~~~~~~~~~~~~
/home/abc/arm-toolchain/aarch64-none-linux-gnu/libc/usr/include/bits/mathcalls.h:66:1: error: ‘__’ was not declared in this scope
   66 | __MATHCALL_VEC (tan,, (_Mdouble_ __x));
      | ^~~~~~~~~~~~~~
/home/abc/arm-toolchain/aarch64-none-linux-gnu/libc/usr/include/bits/mathcalls.h:66:1: error: ‘tan’ was not declared in this scope
   66 | __MATHCALL_VEC (tan,, (_Mdouble_ __x));
      | ^~~~~~~~~~~~~~
/home/abc/arm-toolchain/aarch64-none-linux-gnu/libc/usr/include/bits/mathcalls.h:66:1: error: ‘__CONCAT’ cannot be used as a function
   66 | __MATHCALL_VEC (tan,, (_Mdouble_ __x));
      | ^~~~~~~~~~~~~~
/home/abc/arm-toolchain/aarch64-none-linux-gnu/libc/usr/include/bits/mathcalls.h:66:1: error: expected primary-expression before ‘)’ token
   66 | __MATHCALL_VEC (tan,, (_Mdouble_ __x));
      | ^~~~~~~~~~~~~~
/home/abc/arm-toolchain/aarch64-none-linux-gnu/libc/usr/include/bits/mathcalls.h:71:1: error: expected constructor, destructor, or type conversion before ‘(’ token
   71 | __MATHCALL_VEC (cosh,, (_Mdouble_ __x));
      | ^~~~~~~~~~~~~~
/home/abc/arm-toolchain/aarch64-none-linux-gnu/libc/usr/include/bits/mathcalls.h:71:1: error: conflicting declaration ‘double __CONCAT’
   71 | __MATHCALL_VEC (cosh,, (_Mdouble_ __x));
      | ^~~~~~~~~~~~~~
/home/abc/arm-toolchain/aarch64-none-linux-gnu/libc/usr/include/bits/mathcalls-helper-functions.h:20:1: note: previous declaration as ‘int __CONCAT’
   20 | __MATHDECL_ALIAS (int, __fpclassify,, (_Mdouble_ __value), fpclassify)
      | ^~~~~~~~~~~~~~~~
/home/abc/arm-toolchain/aarch64-none-linux-gnu/libc/usr/include/bits/mathcalls.h:71:1: error: ‘__’ was not declared in this scope
   71 | __MATHCALL_VEC (cosh,, (_Mdouble_ __x));
      | ^~~~~~~~~~~~~~
/home/abc/arm-toolchain/aarch64-none-linux-gnu/libc/usr/include/bits/mathcalls.h:71:1: error: ‘cosh’ was not declared in this scope
   71 | __MATHCALL_VEC (cosh,, (_Mdouble_ __x));
      | ^~~~~~~~~~~~~~
/home/abc/arm-toolchain/aarch64-none-linux-gnu/libc/usr/include/bits/mathcalls.h:71:1: error: ‘__CONCAT’ cannot be used as a function
   71 | __MATHCALL_VEC (cosh,, (_Mdouble_ __x));
      | ^~~~~~~~~~~~~~
/home/abc/arm-toolchain/aarch64-none-linux-gnu/libc/usr/include/bits/mathcalls.h:71:1: error: expected primary-expression before ‘)’ token
   71 | __MATHCALL_VEC (cosh,, (_Mdouble_ __x));
      | ^~~~~~~~~~~~~~
/home/abc/arm-toolchain/aarch64-none-linux-gnu/libc/usr/include/bits/mathcalls.h:73:1: error: expected constructor, destructor, or type conversion before ‘(’ token
   73 | __MATHCALL_VEC (sinh,, (_Mdouble_ __x));
      | ^~~~~~~~~~~~~~
/home/abc/arm-toolchain/aarch64-none-linux-gnu/libc/usr/include/bits/mathcalls.h:73:1: error: conflicting declaration ‘double __CONCAT’
   73 | __MATHCALL_VEC (sinh,, (_Mdouble_ __x));
      | ^~~~~~~~~~~~~~
/home/abc/arm-toolchain/aarch64-none-linux-gnu/libc/usr/include/bits/mathcalls-helper-functions.h:20:1: note: previous declaration as ‘int __CONCAT’
   20 | __MATHDECL_ALIAS (int, __fpclassify,, (_Mdouble_ __value), fpclassify)
      | ^~~~~~~~~~~~~~~~
/home/abc/arm-toolchain/aarch64-none-linux-gnu/libc/usr/include/bits/mathcalls.h:73:1: error: ‘__’ was not declared in this scope
   73 | __MATHCALL_VEC (sinh,, (_Mdouble_ __x));
      | ^~~~~~~~~~~~~~
/home/abc/arm-toolchain/aarch64-none-linux-gnu/libc/usr/include/bits/mathcalls.h:73:1: error: ‘sinh’ was not declared in this scope
   73 | __MATHCALL_VEC (sinh,, (_Mdouble_ __x));
      | ^~~~~~~~~~~~~~
/home/abc/arm-toolchain/aarch64-none-linux-gnu/libc/usr/include/bits/mathcalls.h:73:1: error: ‘__CONCAT’ cannot be used as a function
   73 | __MATHCALL_VEC (sinh,, (_Mdouble_ __x));
      | ^~~~~~~~~~~~~~
/home/abc/arm-toolchain/aarch64-none-linux-gnu/libc/usr/include/bits/mathcalls.h:73:1: error: expected primary-expression before ‘)’ token
   73 | __MATHCALL_VEC (sinh,, (_Mdouble_ __x));
      | ^~~~~~~~~~~~~~
/home/abc/arm-toolchain/aarch64-none-linux-gnu/libc/usr/include/bits/mathcalls.h:75:1: error: expected constructor, destructor, or type conversion before ‘(’ token
   75 | __MATHCALL_VEC (tanh,, (_Mdouble_ __x));
      | ^~~~~~~~~~~~~~
/home/abc/arm-toolchain/aarch64-none-linux-gnu/libc/usr/include/bits/mathcalls.h:75:1: error: conflicting declaration ‘double __CONCAT’
   75 | __MATHCALL_VEC (tanh,, (_Mdouble_ __x));
      | ^~~~~~~~~~~~~~
/home/abc/arm-toolchain/aarch64-none-linux-gnu/libc/usr/include/bits/mathcalls-helper-functions.h:20:1: note: previous declaration as ‘int __CONCAT’
   20 | __MATHDECL_ALIAS (int, __fpclassify,, (_Mdouble_ __value), fpclassify)
      | ^~~~~~~~~~~~~~~~
/home/abc/arm-toolchain/aarch64-none-linux-gnu/libc/usr/include/bits/mathcalls.h:75:1: error: ‘__’ was not declared in this scope
   75 | __MATHCALL_VEC (tanh,, (_Mdouble_ __x));
      | ^~~~~~~~~~~~~~
/home/abc/arm-toolchain/aarch64-none-linux-gnu/libc/usr/include/bits/mathcalls.h:75:1: error: ‘tanh’ was not declared in this scope
   75 | __MATHCALL_VEC (tanh,, (_Mdouble_ __x));
      | ^~~~~~~~~~~~~~
/home/abc/arm-toolchain/aarch64-none-linux-gnu/libc/usr/include/bits/mathcalls.h:75:1: error: ‘__CONCAT’ cannot be used as a function
   75 | __MATHCALL_VEC (tanh,, (_Mdouble_ __x));
      | ^~~~~~~~~~~~~~
/home/abc/arm-toolchain/aarch64-none-linux-gnu/libc/usr/include/bits/mathcalls.h:75:1: error: expected primary-expression before ‘)’ token
   75 | __MATHCALL_VEC (tanh,, (_Mdouble_ __x));
      | ^~~~~~~~~~~~~~
/home/abc/arm-toolchain/aarch64-none-linux-gnu/libc/usr/include/bits/mathcalls.h:95:1: error: expected constructor, destructor, or type conversion before ‘(’ token
   95 | __MATHCALL_VEC (exp,, (_Mdouble_ __x));
      | ^~~~~~~~~~~~~~
/home/abc/arm-toolchain/aarch64-none-linux-gnu/libc/usr/include/bits/mathcalls.h:95:1: error: conflicting declaration ‘double __CONCAT’
   95 | __MATHCALL_VEC (exp,, (_Mdouble_ __x));
      | ^~~~~~~~~~~~~~
/home/abc/arm-toolchain/aarch64-none-linux-gnu/libc/usr/include/bits/mathcalls-helper-functions.h:20:1: note: previous declaration as ‘int __CONCAT’
   20 | __MATHDECL_ALIAS (int, __fpclassify,, (_Mdouble_ __value), fpclassify)
      | ^~~~~~~~~~~~~~~~
/home/abc/arm-toolchain/aarch64-none-linux-gnu/libc/usr/include/bits/mathcalls.h:95:1: error: ‘__’ was not declared in this scope
   95 | __MATHCALL_VEC (exp,, (_Mdouble_ __x));
      | ^~~~~~~~~~~~~~
/home/abc/arm-toolchain/aarch64-none-linux-gnu/libc/usr/include/bits/mathcalls.h:95:1: error: ‘exp’ was not declared in this scope
   95 | __MATHCALL_VEC (exp,, (_Mdouble_ __x));
      | ^~~~~~~~~~~~~~
/home/abc/arm-toolchain/aarch64-none-linux-gnu/libc/usr/include/bits/mathcalls.h:95:1: error: ‘__CONCAT’ cannot be used as a function
   95 | __MATHCALL_VEC (exp,, (_Mdouble_ __x));
      | ^~~~~~~~~~~~~~
/home/abc/arm-toolchain/aarch64-none-linux-gnu/libc/usr/include/bits/mathcalls.h:95:1: error: expected primary-expression before ‘)’ token
   95 | __MATHCALL_VEC (exp,, (_Mdouble_ __x));
      | ^~~~~~~~~~~~~~
/home/abc/arm-toolchain/aarch64-none-linux-gnu/libc/usr/include/bits/mathcalls.h:98:1: error: conflicting declaration ‘double __CONCAT’
   98 | __MATHCALL (frexp,, (_Mdouble_ __x, int *__exponent));
      | ^~~~~~~~~~
/home/abc/arm-toolchain/aarch64-none-linux-gnu/libc/usr/include/bits/mathcalls-helper-functions.h:20:1: note: previous declaration as ‘int __CONCAT’
   20 | __MATHDECL_ALIAS (int, __fpclassify,, (_Mdouble_ __value), fpclassify)
      | ^~~~~~~~~~~~~~~~
/home/abc/arm-toolchain/aarch64-none-linux-gnu/libc/usr/include/bits/mathcalls.h:98:1: error: ‘frexp’ was not declared in this scope
   98 | __MATHCALL (frexp,, (_Mdouble_ __x, int *__exponent));
      | ^~~~~~~~~~
/home/abc/arm-toolchain/aarch64-none-linux-gnu/libc/usr/include/bits/mathcalls.h:98:1: error: expected primary-expression before ‘)’ token
   98 | __MATHCALL (frexp,, (_Mdouble_ __x, int *__exponent));
      | ^~~~~~~~~~
/home/abc/arm-toolchain/aarch64-none-linux-gnu/libc/usr/include/bits/mathcalls.h:98:1: error: conflicting declaration ‘double __CONCAT’
   98 | __MATHCALL (frexp,, (_Mdouble_ __x, int *__exponent));
      | ^~~~~~~~~~
/home/abc/arm-toolchain/aarch64-none-linux-gnu/libc/usr/include/bits/mathcalls-helper-functions.h:20:1: note: previous declaration as ‘int __CONCAT’
   20 | __MATHDECL_ALIAS (int, __fpclassify,, (_Mdouble_ __value), fpclassify)
      | ^~~~~~~~~~~~~~~~
/home/abc/arm-toolchain/aarch64-none-linux-gnu/libc/usr/include/bits/mathcalls.h:98:1: error: ‘__’ was not declared in this scope
   98 | __MATHCALL (frexp,, (_Mdouble_ __x, int *__exponent));
      | ^~~~~~~~~~
/home/abc/arm-toolchain/aarch64-none-linux-gnu/libc/usr/include/bits/mathcalls.h:98:1: error: ‘frexp’ was not declared in this scope
   98 | __MATHCALL (frexp,, (_Mdouble_ __x, int *__exponent));
      | ^~~~~~~~~~
/home/abc/arm-toolchain/aarch64-none-linux-gnu/libc/usr/include/bits/mathcalls.h:98:1: error: ‘__CONCAT’ cannot be used as a function
   98 | __MATHCALL (frexp,, (_Mdouble_ __x, int *__exponent));
      | ^~~~~~~~~~
/home/abc/arm-toolchain/aarch64-none-linux-gnu/libc/usr/include/bits/mathcalls.h:98:1: error: expected primary-expression before ‘)’ token
   98 | __MATHCALL (frexp,, (_Mdouble_ __x, int *__exponent));
      | ^~~~~~~~~~
/home/abc/arm-toolchain/aarch64-none-linux-gnu/libc/usr/include/bits/mathcalls.h:101:1: error: conflicting declaration ‘double __CONCAT’
  101 | __MATHCALL (ldexp,, (_Mdouble_ __x, int __exponent));
      | ^~~~~~~~~~
/home/abc/arm-toolchain/aarch64-none-linux-gnu/libc/usr/include/bits/mathcalls-helper-functions.h:20:1: note: previous declaration as ‘int __CONCAT’
   20 | __MATHDECL_ALIAS (int, __fpclassify,, (_Mdouble_ __value), fpclassify)
      | ^~~~~~~~~~~~~~~~
/home/abc/arm-toolchain/aarch64-none-linux-gnu/libc/usr/include/bits/mathcalls.h:101:1: error: ‘ldexp’ was not declared in this scope
  101 | __MATHCALL (ldexp,, (_Mdouble_ __x, int __exponent));
      | ^~~~~~~~~~
/home/abc/arm-toolchain/aarch64-none-linux-gnu/libc/usr/include/bits/mathcalls.h:101:1: error: expected primary-expression before ‘)’ token
  101 | __MATHCALL (ldexp,, (_Mdouble_ __x, int __exponent));
      | ^~~~~~~~~~
/home/abc/arm-toolchain/aarch64-none-linux-gnu/libc/usr/include/bits/mathcalls.h:101:1: error: conflicting declaration ‘double __CONCAT’
  101 | __MATHCALL (ldexp,, (_Mdouble_ __x, int __exponent));
      | ^~~~~~~~~~
/home/abc/arm-toolchain/aarch64-none-linux-gnu/libc/usr/include/bits/mathcalls-helper-functions.h:20:1: note: previous declaration as ‘int __CONCAT’
   20 | __MATHDECL_ALIAS (int, __fpclassify,, (_Mdouble_ __value), fpclassify)
      | ^~~~~~~~~~~~~~~~
/home/abc/arm-toolchain/aarch64-none-linux-gnu/libc/usr/include/bits/mathcalls.h:101:1: error: ‘__’ was not declared in this scope
  101 | __MATHCALL (ldexp,, (_Mdouble_ __x, int __exponent));
      | ^~~~~~~~~~
/home/abc/arm-toolchain/aarch64-none-linux-gnu/libc/usr/include/bits/mathcalls.h:101:1: error: ‘ldexp’ was not declared in this scope
  101 | __MATHCALL (ldexp,, (_Mdouble_ __x, int __exponent));
      | ^~~~~~~~~~
/home/abc/arm-toolchain/aarch64-none-linux-gnu/libc/usr/include/bits/mathcalls.h:101:1: error: ‘__CONCAT’ cannot be used as a function
  101 | __MATHCALL (ldexp,, (_Mdouble_ __x, int __exponent));
      | ^~~~~~~~~~
/home/abc/arm-toolchain/aarch64-none-linux-gnu/libc/usr/include/bits/mathcalls.h:101:1: error: expected primary-expression before ‘)’ token
  101 | __MATHCALL (ldexp,, (_Mdouble_ __x, int __exponent));
      | ^~~~~~~~~~
/home/abc/arm-toolchain/aarch64-none-linux-gnu/libc/usr/include/bits/mathcalls.h:104:1: error: expected constructor, destructor, or type conversion before ‘(’ token
  104 | __MATHCALL_VEC (log,, (_Mdouble_ __x));
      | ^~~~~~~~~~~~~~
/home/abc/arm-toolchain/aarch64-none-linux-gnu/libc/usr/include/bits/mathcalls.h:104:1: error: conflicting declaration ‘double __CONCAT’
  104 | __MATHCALL_VEC (log,, (_Mdouble_ __x));
      | ^~~~~~~~~~~~~~
/home/abc/arm-toolchain/aarch64-none-linux-gnu/libc/usr/include/bits/mathcalls-helper-functions.h:20:1: note: previous declaration as ‘int __CONCAT’
   20 | __MATHDECL_ALIAS (int, __fpclassify,, (_Mdouble_ __value), fpclassify)
      | ^~~~~~~~~~~~~~~~
/home/abc/arm-toolchain/aarch64-none-linux-gnu/libc/usr/include/bits/mathcalls.h:104:1: error: ‘__’ was not declared in this scope
  104 | __MATHCALL_VEC (log,, (_Mdouble_ __x));
      | ^~~~~~~~~~~~~~
/home/abc/arm-toolchain/aarch64-none-linux-gnu/libc/usr/include/bits/mathcalls.h:104:1: error: ‘log’ was not declared in this scope; did you mean ‘long’?
  104 | __MATHCALL_VEC (log,, (_Mdouble_ __x));
      | ^~~~~~~~~~~~~~
/home/abc/arm-toolchain/aarch64-none-linux-gnu/libc/usr/include/bits/mathcalls.h:104:1: error: ‘__CONCAT’ cannot be used as a function
  104 | __MATHCALL_VEC (log,, (_Mdouble_ __x));
      | ^~~~~~~~~~~~~~
/home/abc/arm-toolchain/aarch64-none-linux-gnu/libc/usr/include/bits/mathcalls.h:104:1: error: expected primary-expression before ‘)’ token
  104 | __MATHCALL_VEC (log,, (_Mdouble_ __x));
      | ^~~~~~~~~~~~~~
/home/abc/arm-toolchain/aarch64-none-linux-gnu/libc/usr/include/bits/mathcalls.h:107:1: error: expected constructor, destructor, or type conversion before ‘(’ token
  107 | __MATHCALL_VEC (log10,, (_Mdouble_ __x));
      | ^~~~~~~~~~~~~~
/home/abc/arm-toolchain/aarch64-none-linux-gnu/libc/usr/include/bits/mathcalls.h:107:1: error: conflicting declaration ‘double __CONCAT’
  107 | __MATHCALL_VEC (log10,, (_Mdouble_ __x));
      | ^~~~~~~~~~~~~~
/home/abc/arm-toolchain/aarch64-none-linux-gnu/libc/usr/include/bits/mathcalls-helper-functions.h:20:1: note: previous declaration as ‘int __CONCAT’
   20 | __MATHDECL_ALIAS (int, __fpclassify,, (_Mdouble_ __value), fpclassify)
      | ^~~~~~~~~~~~~~~~
/home/abc/arm-toolchain/aarch64-none-linux-gnu/libc/usr/include/bits/mathcalls.h:107:1: error: ‘__’ was not declared in this scope
  107 | __MATHCALL_VEC (log10,, (_Mdouble_ __x));
      | ^~~~~~~~~~~~~~
/home/abc/arm-toolchain/aarch64-none-linux-gnu/libc/usr/include/bits/mathcalls.h:107:1: error: ‘log10’ was not declared in this scope
  107 | __MATHCALL_VEC (log10,, (_Mdouble_ __x));
      | ^~~~~~~~~~~~~~
/home/abc/arm-toolchain/aarch64-none-linux-gnu/libc/usr/include/bits/mathcalls.h:107:1: error: ‘__CONCAT’ cannot be used as a function
  107 | __MATHCALL_VEC (log10,, (_Mdouble_ __x));
      | ^~~~~~~~~~~~~~
/home/abc/arm-toolchain/aarch64-none-linux-gnu/libc/usr/include/bits/mathcalls.h:107:1: error: expected primary-expression before ‘)’ token
  107 | __MATHCALL_VEC (log10,, (_Mdouble_ __x));
      | ^~~~~~~~~~~~~~
/home/abc/arm-toolchain/aarch64-none-linux-gnu/libc/usr/include/bits/mathcalls.h:110:1: error: conflicting declaration ‘double __CONCAT’
  110 | __MATHCALL (modf,, (_Mdouble_ __x, _Mdouble_ *__iptr)) __nonnull ((2));
      | ^~~~~~~~~~
/home/abc/arm-toolchain/aarch64-none-linux-gnu/libc/usr/include/bits/mathcalls-helper-functions.h:20:1: note: previous declaration as ‘int __CONCAT’
   20 | __MATHDECL_ALIAS (int, __fpclassify,, (_Mdouble_ __value), fpclassify)
      | ^~~~~~~~~~~~~~~~
/home/abc/arm-toolchain/aarch64-none-linux-gnu/libc/usr/include/bits/mathcalls.h:110:1: error: ‘modf’ was not declared in this scope
  110 | __MATHCALL (modf,, (_Mdouble_ __x, _Mdouble_ *__iptr)) __nonnull ((2));
      | ^~~~~~~~~~
/home/abc/arm-toolchain/aarch64-none-linux-gnu/libc/usr/include/bits/mathcalls.h:110:1: error: expected primary-expression before ‘)’ token
  110 | __MATHCALL (modf,, (_Mdouble_ __x, _Mdouble_ *__iptr)) __nonnull ((2));
      | ^~~~~~~~~~
/home/abc/arm-toolchain/aarch64-none-linux-gnu/libc/usr/include/bits/mathcalls.h:110:1: error: conflicting declaration ‘double __CONCAT’
  110 | __MATHCALL (modf,, (_Mdouble_ __x, _Mdouble_ *__iptr)) __nonnull ((2));
      | ^~~~~~~~~~
/home/abc/arm-toolchain/aarch64-none-linux-gnu/libc/usr/include/bits/mathcalls-helper-functions.h:20:1: note: previous declaration as ‘int __CONCAT’
   20 | __MATHDECL_ALIAS (int, __fpclassify,, (_Mdouble_ __value), fpclassify)
      | ^~~~~~~~~~~~~~~~
/home/abc/arm-toolchain/aarch64-none-linux-gnu/libc/usr/include/bits/mathcalls.h:110:1: error: ‘__’ was not declared in this scope
  110 | __MATHCALL (modf,, (_Mdouble_ __x, _Mdouble_ *__iptr)) __nonnull ((2));
      | ^~~~~~~~~~
/home/abc/arm-toolchain/aarch64-none-linux-gnu/libc/usr/include/bits/mathcalls.h:110:1: error: ‘modf’ was not declared in this scope
  110 | __MATHCALL (modf,, (_Mdouble_ __x, _Mdouble_ *__iptr)) __nonnull ((2));
      | ^~~~~~~~~~
/home/abc/arm-toolchain/aarch64-none-linux-gnu/libc/usr/include/bits/mathcalls.h:110:1: error: ‘__CONCAT’ cannot be used as a function
  110 | __MATHCALL (modf,, (_Mdouble_ __x, _Mdouble_ *__iptr)) __nonnull ((2));
      | ^~~~~~~~~~
/home/abc/arm-toolchain/aarch64-none-linux-gnu/libc/usr/include/bits/mathcalls.h:110:1: error: expected primary-expression before ‘)’ token
  110 | __MATHCALL (modf,, (_Mdouble_ __x, _Mdouble_ *__iptr)) __nonnull ((2));
      | ^~~~~~~~~~
/home/abc/arm-toolchain/aarch64-none-linux-gnu/libc/usr/include/bits/mathcalls.h:155:1: error: expected constructor, destructor, or type conversion before ‘(’ token
  155 | __MATHCALL_VEC (pow,, (_Mdouble_ __x, _Mdouble_ __y));
      | ^~~~~~~~~~~~~~
/home/abc/arm-toolchain/aarch64-none-linux-gnu/libc/usr/include/bits/mathcalls.h:155:1: error: conflicting declaration ‘double __CONCAT’
  155 | __MATHCALL_VEC (pow,, (_Mdouble_ __x, _Mdouble_ __y));
      | ^~~~~~~~~~~~~~
/home/abc/arm-toolchain/aarch64-none-linux-gnu/libc/usr/include/bits/mathcalls-helper-functions.h:20:1: note: previous declaration as ‘int __CONCAT’
   20 | __MATHDECL_ALIAS (int, __fpclassify,, (_Mdouble_ __value), fpclassify)
      | ^~~~~~~~~~~~~~~~
/home/abc/arm-toolchain/aarch64-none-linux-gnu/libc/usr/include/bits/mathcalls.h:155:1: error: ‘__’ was not declared in this scope
  155 | __MATHCALL_VEC (pow,, (_Mdouble_ __x, _Mdouble_ __y));
      | ^~~~~~~~~~~~~~
/home/abc/arm-toolchain/aarch64-none-linux-gnu/libc/usr/include/bits/mathcalls.h:155:1: error: ‘pow’ was not declared in this scope
  155 | __MATHCALL_VEC (pow,, (_Mdouble_ __x, _Mdouble_ __y));
      | ^~~~~~~~~~~~~~
/home/abc/arm-toolchain/aarch64-none-linux-gnu/libc/usr/include/bits/mathcalls.h:155:1: error: ‘__CONCAT’ cannot be used as a function
  155 | __MATHCALL_VEC (pow,, (_Mdouble_ __x, _Mdouble_ __y));
      | ^~~~~~~~~~~~~~
/home/abc/arm-toolchain/aarch64-none-linux-gnu/libc/usr/include/bits/mathcalls.h:155:1: error: expected primary-expression before ‘)’ token
  155 | __MATHCALL_VEC (pow,, (_Mdouble_ __x, _Mdouble_ __y));
      | ^~~~~~~~~~~~~~
/home/abc/arm-toolchain/aarch64-none-linux-gnu/libc/usr/include/bits/mathcalls.h:158:1: error: conflicting declaration ‘double __CONCAT’
  158 | __MATHCALL (sqrt,, (_Mdouble_ __x));
      | ^~~~~~~~~~
/home/abc/arm-toolchain/aarch64-none-linux-gnu/libc/usr/include/bits/mathcalls-helper-functions.h:20:1: note: previous declaration as ‘int __CONCAT’
   20 | __MATHDECL_ALIAS (int, __fpclassify,, (_Mdouble_ __value), fpclassify)
      | ^~~~~~~~~~~~~~~~
/home/abc/arm-toolchain/aarch64-none-linux-gnu/libc/usr/include/bits/mathcalls.h:158:1: error: ‘sqrt’ was not declared in this scope
  158 | __MATHCALL (sqrt,, (_Mdouble_ __x));
      | ^~~~~~~~~~
/home/abc/arm-toolchain/aarch64-none-linux-gnu/libc/usr/include/bits/mathcalls.h:158:1: error: expected primary-expression before ‘)’ token
  158 | __MATHCALL (sqrt,, (_Mdouble_ __x));
      | ^~~~~~~~~~
/home/abc/arm-toolchain/aarch64-none-linux-gnu/libc/usr/include/bits/mathcalls.h:158:1: error: conflicting declaration ‘double __CONCAT’
  158 | __MATHCALL (sqrt,, (_Mdouble_ __x));
      | ^~~~~~~~~~
/home/abc/arm-toolchain/aarch64-none-linux-gnu/libc/usr/include/bits/mathcalls-helper-functions.h:20:1: note: previous declaration as ‘int __CONCAT’
   20 | __MATHDECL_ALIAS (int, __fpclassify,, (_Mdouble_ __value), fpclassify)
      | ^~~~~~~~~~~~~~~~
/home/abc/arm-toolchain/aarch64-none-linux-gnu/libc/usr/include/bits/mathcalls.h:158:1: error: ‘__’ was not declared in this scope
  158 | __MATHCALL (sqrt,, (_Mdouble_ __x));
      | ^~~~~~~~~~
/home/abc/arm-toolchain/aarch64-none-linux-gnu/libc/usr/include/bits/mathcalls.h:158:1: error: ‘sqrt’ was not declared in this scope
  158 | __MATHCALL (sqrt,, (_Mdouble_ __x));
      | ^~~~~~~~~~
/home/abc/arm-toolchain/aarch64-none-linux-gnu/libc/usr/include/bits/mathcalls.h:158:1: error: ‘__CONCAT’ cannot be used as a function
  158 | __MATHCALL (sqrt,, (_Mdouble_ __x));
      | ^~~~~~~~~~
/home/abc/arm-toolchain/aarch64-none-linux-gnu/libc/usr/include/bits/mathcalls.h:158:1: error: expected primary-expression before ‘)’ token
  158 | __MATHCALL (sqrt,, (_Mdouble_ __x));
      | ^~~~~~~~~~
/home/abc/arm-toolchain/aarch64-none-linux-gnu/libc/usr/include/bits/mathcalls.h:174:1: error: conflicting declaration ‘double __CONCAT’
  174 | __MATHCALLX (ceil,, (_Mdouble_ __x), (__const__));
      | ^~~~~~~~~~~
/home/abc/arm-toolchain/aarch64-none-linux-gnu/libc/usr/include/bits/mathcalls-helper-functions.h:20:1: note: previous declaration as ‘int __CONCAT’
   20 | __MATHDECL_ALIAS (int, __fpclassify,, (_Mdouble_ __value), fpclassify)
      | ^~~~~~~~~~~~~~~~
/home/abc/arm-toolchain/aarch64-none-linux-gnu/libc/usr/include/bits/mathcalls.h:174:1: error: ‘ceil’ was not declared in this scope
  174 | __MATHCALLX (ceil,, (_Mdouble_ __x), (__const__));
      | ^~~~~~~~~~~
/home/abc/arm-toolchain/aarch64-none-linux-gnu/libc/usr/include/bits/mathcalls.h:174:1: error: expected primary-expression before ‘)’ token
  174 | __MATHCALLX (ceil,, (_Mdouble_ __x), (__const__));
      | ^~~~~~~~~~~
/home/abc/arm-toolchain/aarch64-none-linux-gnu/libc/usr/include/bits/mathcalls.h:174:1: error: conflicting declaration ‘double __CONCAT’
  174 | __MATHCALLX (ceil,, (_Mdouble_ __x), (__const__));
      | ^~~~~~~~~~~
/home/abc/arm-toolchain/aarch64-none-linux-gnu/libc/usr/include/bits/mathcalls-helper-functions.h:20:1: note: previous declaration as ‘int __CONCAT’
   20 | __MATHDECL_ALIAS (int, __fpclassify,, (_Mdouble_ __value), fpclassify)
      | ^~~~~~~~~~~~~~~~
/home/abc/arm-toolchain/aarch64-none-linux-gnu/libc/usr/include/bits/mathcalls.h:174:1: error: ‘__’ was not declared in this scope
  174 | __MATHCALLX (ceil,, (_Mdouble_ __x), (__const__));
      | ^~~~~~~~~~~
/home/abc/arm-toolchain/aarch64-none-linux-gnu/libc/usr/include/bits/mathcalls.h:174:1: error: ‘ceil’ was not declared in this scope
  174 | __MATHCALLX (ceil,, (_Mdouble_ __x), (__const__));
      | ^~~~~~~~~~~
/home/abc/arm-toolchain/aarch64-none-linux-gnu/libc/usr/include/bits/mathcalls.h:174:1: error: ‘__CONCAT’ cannot be used as a function
  174 | __MATHCALLX (ceil,, (_Mdouble_ __x), (__const__));
      | ^~~~~~~~~~~
/home/abc/arm-toolchain/aarch64-none-linux-gnu/libc/usr/include/bits/mathcalls.h:174:1: error: expected primary-expression before ‘)’ token
  174 | __MATHCALLX (ceil,, (_Mdouble_ __x), (__const__));
      | ^~~~~~~~~~~
/home/abc/arm-toolchain/aarch64-none-linux-gnu/libc/usr/include/bits/mathcalls.h:177:1: error: conflicting declaration ‘double __CONCAT’
  177 | __MATHCALLX (fabs,, (_Mdouble_ __x), (__const__));
      | ^~~~~~~~~~~
/home/abc/arm-toolchain/aarch64-none-linux-gnu/libc/usr/include/bits/mathcalls-helper-functions.h:20:1: note: previous declaration as ‘int __CONCAT’
   20 | __MATHDECL_ALIAS (int, __fpclassify,, (_Mdouble_ __value), fpclassify)
      | ^~~~~~~~~~~~~~~~
/home/abc/arm-toolchain/aarch64-none-linux-gnu/libc/usr/include/bits/mathcalls.h:177:1: error: ‘fabs’ was not declared in this scope
  177 | __MATHCALLX (fabs,, (_Mdouble_ __x), (__const__));
      | ^~~~~~~~~~~
/home/abc/arm-toolchain/aarch64-none-linux-gnu/libc/usr/include/bits/mathcalls.h:177:1: error: expected primary-expression before ‘)’ token
  177 | __MATHCALLX (fabs,, (_Mdouble_ __x), (__const__));
      | ^~~~~~~~~~~
/home/abc/arm-toolchain/aarch64-none-linux-gnu/libc/usr/include/bits/mathcalls.h:177:1: error: conflicting declaration ‘double __CONCAT’
  177 | __MATHCALLX (fabs,, (_Mdouble_ __x), (__const__));
      | ^~~~~~~~~~~
/home/abc/arm-toolchain/aarch64-none-linux-gnu/libc/usr/include/bits/mathcalls-helper-functions.h:20:1: note: previous declaration as ‘int __CONCAT’
   20 | __MATHDECL_ALIAS (int, __fpclassify,, (_Mdouble_ __value), fpclassify)
      | ^~~~~~~~~~~~~~~~
/home/abc/arm-toolchain/aarch64-none-linux-gnu/libc/usr/include/bits/mathcalls.h:177:1: error: ‘__’ was not declared in this scope
  177 | __MATHCALLX (fabs,, (_Mdouble_ __x), (__const__));
      | ^~~~~~~~~~~
/home/abc/arm-toolchain/aarch64-none-linux-gnu/libc/usr/include/bits/mathcalls.h:177:1: error: ‘fabs’ was not declared in this scope
  177 | __MATHCALLX (fabs,, (_Mdouble_ __x), (__const__));
      | ^~~~~~~~~~~
/home/abc/arm-toolchain/aarch64-none-linux-gnu/libc/usr/include/bits/mathcalls.h:177:1: error: ‘__CONCAT’ cannot be used as a function
  177 | __MATHCALLX (fabs,, (_Mdouble_ __x), (__const__));
      | ^~~~~~~~~~~
/home/abc/arm-toolchain/aarch64-none-linux-gnu/libc/usr/include/bits/mathcalls.h:177:1: error: expected primary-expression before ‘)’ token
  177 | __MATHCALLX (fabs,, (_Mdouble_ __x), (__const__));
      | ^~~~~~~~~~~
/home/abc/arm-toolchain/aarch64-none-linux-gnu/libc/usr/include/bits/mathcalls.h:180:1: error: conflicting declaration ‘double __CONCAT’
  180 | __MATHCALLX (floor,, (_Mdouble_ __x), (__const__));
      | ^~~~~~~~~~~
/home/abc/arm-toolchain/aarch64-none-linux-gnu/libc/usr/include/bits/mathcalls-helper-functions.h:20:1: note: previous declaration as ‘int __CONCAT’
   20 | __MATHDECL_ALIAS (int, __fpclassify,, (_Mdouble_ __value), fpclassify)
      | ^~~~~~~~~~~~~~~~
/home/abc/arm-toolchain/aarch64-none-linux-gnu/libc/usr/include/bits/mathcalls.h:180:1: error: ‘floor’ was not declared in this scope
  180 | __MATHCALLX (floor,, (_Mdouble_ __x), (__const__));
      | ^~~~~~~~~~~
/home/abc/arm-toolchain/aarch64-none-linux-gnu/libc/usr/include/bits/mathcalls.h:180:1: error: expected primary-expression before ‘)’ token
  180 | __MATHCALLX (floor,, (_Mdouble_ __x), (__const__));
      | ^~~~~~~~~~~
/home/abc/arm-toolchain/aarch64-none-linux-gnu/libc/usr/include/bits/mathcalls.h:180:1: error: conflicting declaration ‘double __CONCAT’
  180 | __MATHCALLX (floor,, (_Mdouble_ __x), (__const__));
      | ^~~~~~~~~~~
/home/abc/arm-toolchain/aarch64-none-linux-gnu/libc/usr/include/bits/mathcalls-helper-functions.h:20:1: note: previous declaration as ‘int __CONCAT’
   20 | __MATHDECL_ALIAS (int, __fpclassify,, (_Mdouble_ __value), fpclassify)
      | ^~~~~~~~~~~~~~~~
/home/abc/arm-toolchain/aarch64-none-linux-gnu/libc/usr/include/bits/mathcalls.h:180:1: error: ‘__’ was not declared in this scope
  180 | __MATHCALLX (floor,, (_Mdouble_ __x), (__const__));
      | ^~~~~~~~~~~
/home/abc/arm-toolchain/aarch64-none-linux-gnu/libc/usr/include/bits/mathcalls.h:180:1: error: ‘floor’ was not declared in this scope
  180 | __MATHCALLX (floor,, (_Mdouble_ __x), (__const__));
      | ^~~~~~~~~~~
/home/abc/arm-toolchain/aarch64-none-linux-gnu/libc/usr/include/bits/mathcalls.h:180:1: error: ‘__CONCAT’ cannot be used as a function
  180 | __MATHCALLX (floor,, (_Mdouble_ __x), (__const__));
      | ^~~~~~~~~~~
/home/abc/arm-toolchain/aarch64-none-linux-gnu/libc/usr/include/bits/mathcalls.h:180:1: error: expected primary-expression before ‘)’ token
  180 | __MATHCALLX (floor,, (_Mdouble_ __x), (__const__));
      | ^~~~~~~~~~~
/home/abc/arm-toolchain/aarch64-none-linux-gnu/libc/usr/include/bits/mathcalls.h:183:1: error: conflicting declaration ‘double __CONCAT’
  183 | __MATHCALL (fmod,, (_Mdouble_ __x, _Mdouble_ __y));
      | ^~~~~~~~~~
/home/abc/arm-toolchain/aarch64-none-linux-gnu/libc/usr/include/bits/mathcalls-helper-functions.h:20:1: note: previous declaration as ‘int __CONCAT’
   20 | __MATHDECL_ALIAS (int, __fpclassify,, (_Mdouble_ __value), fpclassify)
      | ^~~~~~~~~~~~~~~~
/home/abc/arm-toolchain/aarch64-none-linux-gnu/libc/usr/include/bits/mathcalls.h:183:1: error: ‘fmod’ was not declared in this scope
  183 | __MATHCALL (fmod,, (_Mdouble_ __x, _Mdouble_ __y));
      | ^~~~~~~~~~
/home/abc/arm-toolchain/aarch64-none-linux-gnu/libc/usr/include/bits/mathcalls.h:183:1: error: expected primary-expression before ‘)’ token
  183 | __MATHCALL (fmod,, (_Mdouble_ __x, _Mdouble_ __y));
      | ^~~~~~~~~~
/home/abc/arm-toolchain/aarch64-none-linux-gnu/libc/usr/include/bits/mathcalls.h:183:1: error: conflicting declaration ‘double __CONCAT’
  183 | __MATHCALL (fmod,, (_Mdouble_ __x, _Mdouble_ __y));
      | ^~~~~~~~~~
/home/abc/arm-toolchain/aarch64-none-linux-gnu/libc/usr/include/bits/mathcalls-helper-functions.h:20:1: note: previous declaration as ‘int __CONCAT’
   20 | __MATHDECL_ALIAS (int, __fpclassify,, (_Mdouble_ __value), fpclassify)
      | ^~~~~~~~~~~~~~~~
/home/abc/arm-toolchain/aarch64-none-linux-gnu/libc/usr/include/bits/mathcalls.h:183:1: error: ‘__’ was not declared in this scope
  183 | __MATHCALL (fmod,, (_Mdouble_ __x, _Mdouble_ __y));
      | ^~~~~~~~~~
/home/abc/arm-toolchain/aarch64-none-linux-gnu/libc/usr/include/bits/mathcalls.h:183:1: error: ‘fmod’ was not declared in this scope
  183 | __MATHCALL (fmod,, (_Mdouble_ __x, _Mdouble_ __y));
      | ^~~~~~~~~~
/home/abc/arm-toolchain/aarch64-none-linux-gnu/libc/usr/include/bits/mathcalls.h:183:1: error: ‘__CONCAT’ cannot be used as a function
  183 | __MATHCALL (fmod,, (_Mdouble_ __x, _Mdouble_ __y));
      | ^~~~~~~~~~
/home/abc/arm-toolchain/aarch64-none-linux-gnu/libc/usr/include/bits/mathcalls.h:183:1: error: expected primary-expression before ‘)’ token
  183 | __MATHCALL (fmod,, (_Mdouble_ __x, _Mdouble_ __y));
      | ^~~~~~~~~~
/home/abc/arm-toolchain/aarch64-none-linux-gnu/libc/usr/include/math.h:1472:1: error: ‘__END_DECLS’ does not name a type
 1472 | __END_DECLS
      | ^~~~~~~~~~~
/home/abc/nhat/optee_examples/eevm_minimal_ta/external/openenclave/3rdparty/libcxx/libcxx/include/cstdlib:100:9: error: ‘div_t’ has not been declared in ‘::’
  100 | using ::div_t;
      |         ^~~~~
/home/abc/nhat/optee_examples/eevm_minimal_ta/external/openenclave/3rdparty/libcxx/libcxx/include/cstdlib:101:9: error: ‘ldiv_t’ has not been declared in ‘::’
  101 | using ::ldiv_t;
      |         ^~~~~~
/home/abc/nhat/optee_examples/eevm_minimal_ta/external/openenclave/3rdparty/libcxx/libcxx/include/cstdlib:103:9: error: ‘lldiv_t’ has not been declared in ‘::’
  103 | using ::lldiv_t;
      |         ^~~~~~~
/home/abc/nhat/optee_examples/eevm_minimal_ta/external/openenclave/3rdparty/libcxx/libcxx/include/cstdlib:105:9: error: ‘atof’ has not been declared in ‘::’
  105 | using ::atof;
      |         ^~~~
/home/abc/nhat/optee_examples/eevm_minimal_ta/external/openenclave/3rdparty/libcxx/libcxx/include/cstdlib:106:9: error: ‘atoi’ has not been declared in ‘::’
  106 | using ::atoi;
      |         ^~~~
/home/abc/nhat/optee_examples/eevm_minimal_ta/external/openenclave/3rdparty/libcxx/libcxx/include/cstdlib:107:9: error: ‘atol’ has not been declared in ‘::’
  107 | using ::atol;
      |         ^~~~
/home/abc/nhat/optee_examples/eevm_minimal_ta/external/openenclave/3rdparty/libcxx/libcxx/include/cstdlib:109:9: error: ‘atoll’ has not been declared in ‘::’
  109 | using ::atoll;
      |         ^~~~~
/home/abc/nhat/optee_examples/eevm_minimal_ta/external/openenclave/3rdparty/libcxx/libcxx/include/cstdlib:111:9: error: ‘strtod’ has not been declared in ‘::’
  111 | using ::strtod;
      |         ^~~~~~
/home/abc/nhat/optee_examples/eevm_minimal_ta/external/openenclave/3rdparty/libcxx/libcxx/include/cstdlib:112:9: error: ‘strtof’ has not been declared in ‘::’
  112 | using ::strtof;
      |         ^~~~~~
/home/abc/nhat/optee_examples/eevm_minimal_ta/external/openenclave/3rdparty/libcxx/libcxx/include/cstdlib:113:9: error: ‘strtold’ has not been declared in ‘::’
  113 | using ::strtold;
      |         ^~~~~~~
/home/abc/nhat/optee_examples/eevm_minimal_ta/external/openenclave/3rdparty/libcxx/libcxx/include/cstdlib:114:9: error: ‘strtol’ has not been declared in ‘::’
  114 | using ::strtol;
      |         ^~~~~~
/home/abc/nhat/optee_examples/eevm_minimal_ta/external/openenclave/3rdparty/libcxx/libcxx/include/cstdlib:116:9: error: ‘strtoll’ has not been declared in ‘::’
  116 | using ::strtoll;
      |         ^~~~~~~
/home/abc/nhat/optee_examples/eevm_minimal_ta/external/openenclave/3rdparty/libcxx/libcxx/include/cstdlib:118:9: error: ‘strtoul’ has not been declared in ‘::’
  118 | using ::strtoul;
      |         ^~~~~~~
/home/abc/nhat/optee_examples/eevm_minimal_ta/external/openenclave/3rdparty/libcxx/libcxx/include/cstdlib:120:9: error: ‘strtoull’ has not been declared in ‘::’
  120 | using ::strtoull;
      |         ^~~~~~~~
/home/abc/nhat/optee_examples/eevm_minimal_ta/external/openenclave/3rdparty/libcxx/libcxx/include/cstdlib:122:9: error: ‘rand’ has not been declared in ‘::’
  122 | using ::rand;
      |         ^~~~
/home/abc/nhat/optee_examples/eevm_minimal_ta/external/openenclave/3rdparty/libcxx/libcxx/include/cstdlib:123:9: error: ‘srand’ has not been declared in ‘::’
  123 | using ::srand;
      |         ^~~~~
/home/abc/nhat/optee_examples/eevm_minimal_ta/external/openenclave/3rdparty/libcxx/libcxx/include/cstdlib:129:9: error: ‘atexit’ has not been declared in ‘::’
  129 | using ::atexit;
      |         ^~~~~~
/home/abc/nhat/optee_examples/eevm_minimal_ta/external/openenclave/3rdparty/libcxx/libcxx/include/cstdlib:130:9: error: ‘exit’ has not been declared in ‘::’
  130 | using ::exit;
      |         ^~~~
/home/abc/nhat/optee_examples/eevm_minimal_ta/external/openenclave/3rdparty/libcxx/libcxx/include/cstdlib:131:9: error: ‘_Exit’ has not been declared in ‘::’
  131 | using ::_Exit;
      |         ^~~~~
/home/abc/nhat/optee_examples/eevm_minimal_ta/external/openenclave/3rdparty/libcxx/libcxx/include/cstdlib:133:9: error: ‘getenv’ has not been declared in ‘::’
  133 | using ::getenv;
      |         ^~~~~~
/home/abc/nhat/optee_examples/eevm_minimal_ta/external/openenclave/3rdparty/libcxx/libcxx/include/cstdlib:134:9: error: ‘system’ has not been declared in ‘::’
  134 | using ::system;
      |         ^~~~~~
/home/abc/nhat/optee_examples/eevm_minimal_ta/external/openenclave/3rdparty/libcxx/libcxx/include/cstdlib:136:9: error: ‘bsearch’ has not been declared in ‘::’
  136 | using ::bsearch;
      |         ^~~~~~~
/home/abc/nhat/optee_examples/eevm_minimal_ta/external/openenclave/3rdparty/libcxx/libcxx/include/cstdlib:137:9: error: ‘qsort’ has not been declared in ‘::’
  137 | using ::qsort;
      |         ^~~~~
/home/abc/nhat/optee_examples/eevm_minimal_ta/external/openenclave/3rdparty/libcxx/libcxx/include/cstdlib:138:9: error: ‘abs’ has not been declared in ‘::’
  138 | using ::abs;
      |         ^~~
/home/abc/nhat/optee_examples/eevm_minimal_ta/external/openenclave/3rdparty/libcxx/libcxx/include/cstdlib:139:9: error: ‘labs’ has not been declared in ‘::’
  139 | using ::labs;
      |         ^~~~
/home/abc/nhat/optee_examples/eevm_minimal_ta/external/openenclave/3rdparty/libcxx/libcxx/include/cstdlib:141:9: error: ‘llabs’ has not been declared in ‘::’
  141 | using ::llabs;
      |         ^~~~~
/home/abc/nhat/optee_examples/eevm_minimal_ta/external/openenclave/3rdparty/libcxx/libcxx/include/cstdlib:143:9: error: ‘div’ has not been declared in ‘::’
  143 | using ::div;
      |         ^~~
/home/abc/nhat/optee_examples/eevm_minimal_ta/external/openenclave/3rdparty/libcxx/libcxx/include/cstdlib:144:9: error: ‘ldiv’ has not been declared in ‘::’
  144 | using ::ldiv;
      |         ^~~~
/home/abc/nhat/optee_examples/eevm_minimal_ta/external/openenclave/3rdparty/libcxx/libcxx/include/cstdlib:146:9: error: ‘lldiv’ has not been declared in ‘::’
  146 | using ::lldiv;
      |         ^~~~~
/home/abc/nhat/optee_examples/eevm_minimal_ta/external/openenclave/3rdparty/libcxx/libcxx/include/cstdlib:148:9: error: ‘mblen’ has not been declared in ‘::’
  148 | using ::mblen;
      |         ^~~~~
/home/abc/nhat/optee_examples/eevm_minimal_ta/external/openenclave/3rdparty/libcxx/libcxx/include/cstdlib:149:9: error: ‘mbtowc’ has not been declared in ‘::’
  149 | using ::mbtowc;
      |         ^~~~~~
/home/abc/nhat/optee_examples/eevm_minimal_ta/external/openenclave/3rdparty/libcxx/libcxx/include/cstdlib:150:9: error: ‘wctomb’ has not been declared in ‘::’
  150 | using ::wctomb;
      |         ^~~~~~
/home/abc/nhat/optee_examples/eevm_minimal_ta/external/openenclave/3rdparty/libcxx/libcxx/include/cstdlib:151:9: error: ‘mbstowcs’ has not been declared in ‘::’
  151 | using ::mbstowcs;
      |         ^~~~~~~~
/home/abc/nhat/optee_examples/eevm_minimal_ta/external/openenclave/3rdparty/libcxx/libcxx/include/cstdlib:152:9: error: ‘wcstombs’ has not been declared in ‘::’
  152 | using ::wcstombs;
      |         ^~~~~~~~
/home/abc/arm-toolchain/aarch64-none-linux-gnu/libc/usr/include/stdio.h:30:1: error: ‘__BEGIN_DECLS’ does not name a type
   30 | __BEGIN_DECLS
      | ^~~~~~~~~~~~~
/home/abc/arm-toolchain/aarch64-none-linux-gnu/libc/usr/include/stdio.h:158:44: error: expected initializer before ‘__THROW’
  158 | extern int remove (const char *__filename) __THROW;
      |                                            ^~~~~~~
/home/abc/arm-toolchain/aarch64-none-linux-gnu/libc/usr/include/stdio.h:160:58: error: expected initializer before ‘__THROW’
  160 | extern int rename (const char *__old, const char *__new) __THROW;
      |                                                          ^~~~~~~
/home/abc/arm-toolchain/aarch64-none-linux-gnu/libc/usr/include/stdio.h:184:36: error: expected initializer before ‘__nonnull’
  184 | extern int fclose (FILE *__stream) __nonnull ((1));
      |                                    ^~~~~~~~~
/home/abc/arm-toolchain/aarch64-none-linux-gnu/libc/usr/include/stdio.h:195:3: error: expected initializer before ‘__attribute_malloc__’
  195 |   __attribute_malloc__ __attr_dealloc_fclose __wur;
      |   ^~~~~~~~~~~~~~~~~~~~
/home/abc/arm-toolchain/aarch64-none-linux-gnu/libc/usr/include/stdio.h:211:38: error: expected initializer before ‘__THROW’
  211 | extern char *tmpnam (char[L_tmpnam]) __THROW __wur;
      |                                      ^~~~~~~
/home/abc/arm-toolchain/aarch64-none-linux-gnu/libc/usr/include/stdio.h:266:3: error: expected initializer before ‘__attribute_malloc__’
  266 |   __attribute_malloc__ __attr_dealloc_fclose __wur;
      |   ^~~~~~~~~~~~~~~~~~~~
/home/abc/arm-toolchain/aarch64-none-linux-gnu/libc/usr/include/stdio.h:273:50: error: expected initializer before ‘__wur’
  273 |                       FILE *__restrict __stream) __wur __nonnull ((3));
      |                                                  ^~~~~
/home/abc/arm-toolchain/aarch64-none-linux-gnu/libc/usr/include/stdio.h:334:72: error: expected initializer before ‘__THROW’
  334 | extern void setbuf (FILE *__restrict __stream, char *__restrict __buf) __THROW
      |                                                                        ^~~~~~~
/home/abc/arm-toolchain/aarch64-none-linux-gnu/libc/usr/include/stdio.h:340:46: error: expected initializer before ‘__THROW’
  340 |                     int __modes, size_t __n) __THROW __nonnull ((1));
      |                                              ^~~~~~~
/home/abc/arm-toolchain/aarch64-none-linux-gnu/libc/usr/include/stdio.h:358:59: error: expected initializer before ‘__nonnull’
  358 |                     const char *__restrict __format, ...) __nonnull ((1));
      |                                                           ^~~~~~~~~
/home/abc/arm-toolchain/aarch64-none-linux-gnu/libc/usr/include/stdio.h:366:59: error: expected initializer before ‘__THROWNL’
  366 |                     const char *__restrict __format, ...) __THROWNL;
      |                                                           ^~~~~~~~~
/home/abc/arm-toolchain/aarch64-none-linux-gnu/libc/usr/include/stdio.h:373:22: error: ‘__gnuc_va_list’ has not been declared
  373 |                      __gnuc_va_list __arg) __nonnull ((1));
      |                      ^~~~~~~~~~~~~~
/home/abc/arm-toolchain/aarch64-none-linux-gnu/libc/usr/include/stdio.h:373:44: error: expected initializer before ‘__nonnull’
  373 |                      __gnuc_va_list __arg) __nonnull ((1));
      |                                            ^~~~~~~~~
/home/abc/arm-toolchain/aarch64-none-linux-gnu/libc/usr/include/stdio.h:378:54: error: ‘__gnuc_va_list’ has not been declared
  378 | extern int vprintf (const char *__restrict __format, __gnuc_va_list __arg);
      |                                                      ^~~~~~~~~~~~~~
/home/abc/arm-toolchain/aarch64-none-linux-gnu/libc/usr/include/stdio.h:381:22: error: ‘__gnuc_va_list’ has not been declared
  381 |                      __gnuc_va_list __arg) __THROWNL;
      |                      ^~~~~~~~~~~~~~
/home/abc/arm-toolchain/aarch64-none-linux-gnu/libc/usr/include/stdio.h:381:44: error: expected initializer before ‘__THROWNL’
  381 |                      __gnuc_va_list __arg) __THROWNL;
      |                                            ^~~~~~~~~
/home/abc/arm-toolchain/aarch64-none-linux-gnu/libc/usr/include/stdio.h:423:58: error: expected initializer before ‘__wur’
  423 |                    const char *__restrict __format, ...) __wur __nonnull ((1));
      |                                                          ^~~~~
/home/abc/arm-toolchain/aarch64-none-linux-gnu/libc/usr/include/stdio.h:428:57: error: expected initializer before ‘__wur’
  428 | extern int scanf (const char *__restrict __format, ...) __wur;
      |                                                         ^~~~~
/home/abc/arm-toolchain/aarch64-none-linux-gnu/libc/usr/include/stdio.h:431:58: error: expected initializer before ‘__THROW’
  431 |                    const char *__restrict __format, ...) __THROW;
      |                                                          ^~~~~~~
/home/abc/arm-toolchain/aarch64-none-linux-gnu/libc/usr/include/stdio.h:575:35: error: expected initializer before ‘__nonnull’
  575 | extern int fgetc (FILE *__stream) __nonnull ((1));
      |                                   ^~~~~~~~~
/home/abc/arm-toolchain/aarch64-none-linux-gnu/libc/usr/include/stdio.h:576:34: error: expected initializer before ‘__nonnull’
  576 | extern int getc (FILE *__stream) __nonnull ((1));
      |                                  ^~~~~~~~~
/home/abc/arm-toolchain/aarch64-none-linux-gnu/libc/usr/include/stdio.h:611:44: error: expected initializer before ‘__nonnull’
  611 | extern int fputc (int __c, FILE *__stream) __nonnull ((2));
      |                                            ^~~~~~~~~
/home/abc/arm-toolchain/aarch64-none-linux-gnu/libc/usr/include/stdio.h:612:43: error: expected initializer before ‘__nonnull’
  612 | extern int putc (int __c, FILE *__stream) __nonnull ((2));
      |                                           ^~~~~~~~~
/home/abc/arm-toolchain/aarch64-none-linux-gnu/libc/usr/include/stdio.h:655:6: error: expected initializer before ‘__wur’
  655 |      __wur __fortified_attr_access (__write_only__, 1, 2) __nonnull ((3));
      |      ^~~~~
/home/abc/arm-toolchain/aarch64-none-linux-gnu/libc/usr/include/stdio.h:708:3: error: expected initializer before ‘__nonnull’
  708 |   __nonnull ((2));
      |   ^~~~~~~~~
/home/abc/arm-toolchain/aarch64-none-linux-gnu/libc/usr/include/stdio.h:721:45: error: expected initializer before ‘__nonnull’
  721 | extern int ungetc (int __c, FILE *__stream) __nonnull ((2));
      |                                             ^~~~~~~~~
/home/abc/arm-toolchain/aarch64-none-linux-gnu/libc/usr/include/stdio.h:729:61: error: expected initializer before ‘__wur’
  729 |                      size_t __n, FILE *__restrict __stream) __wur
      |                                                             ^~~~~
/home/abc/arm-toolchain/aarch64-none-linux-gnu/libc/usr/include/stdio.h:736:57: error: expected initializer before ‘__nonnull’
  736 |                       size_t __n, FILE *__restrict __s) __nonnull((4));
      |                                                         ^~~~~~~~~
/home/abc/arm-toolchain/aarch64-none-linux-gnu/libc/usr/include/stdio.h:770:3: error: expected initializer before ‘__nonnull’
  770 |   __nonnull ((1));
      |   ^~~~~~~~~
/home/abc/arm-toolchain/aarch64-none-linux-gnu/libc/usr/include/stdio.h:775:40: error: expected initializer before ‘__wur’
  775 | extern long int ftell (FILE *__stream) __wur __nonnull ((1));
      |                                        ^~~~~
/home/abc/arm-toolchain/aarch64-none-linux-gnu/libc/usr/include/stdio.h:780:37: error: expected initializer before ‘__nonnull’
  780 | extern void rewind (FILE *__stream) __nonnull ((1));
      |                                     ^~~~~~~~~
/home/abc/arm-toolchain/aarch64-none-linux-gnu/libc/usr/include/stdio.h:820:3: error: expected initializer before ‘__nonnull’
  820 |   __nonnull ((1));
      |   ^~~~~~~~~
/home/abc/arm-toolchain/aarch64-none-linux-gnu/libc/usr/include/stdio.h:825:58: error: expected initializer before ‘__nonnull’
  825 | extern int fsetpos (FILE *__stream, const fpos_t *__pos) __nonnull ((1));
      |                                                          ^~~~~~~~~
/home/abc/arm-toolchain/aarch64-none-linux-gnu/libc/usr/include/stdio.h:850:39: error: expected initializer before ‘__THROW’
  850 | extern void clearerr (FILE *__stream) __THROW __nonnull ((1));
      |                                       ^~~~~~~
/home/abc/arm-toolchain/aarch64-none-linux-gnu/libc/usr/include/stdio.h:852:34: error: expected initializer before ‘__THROW’
  852 | extern int feof (FILE *__stream) __THROW __wur __nonnull ((1));
      |                                  ^~~~~~~
/home/abc/arm-toolchain/aarch64-none-linux-gnu/libc/usr/include/stdio.h:854:36: error: expected initializer before ‘__THROW’
  854 | extern int ferror (FILE *__stream) __THROW __wur __nonnull ((1));
      |                                    ^~~~~~~
/home/abc/arm-toolchain/aarch64-none-linux-gnu/libc/usr/include/stdio.h:868:38: error: expected initializer before ‘__COLD’
  868 | extern void perror (const char *__s) __COLD;
      |                                      ^~~~~~
/home/abc/arm-toolchain/aarch64-none-linux-gnu/libc/usr/include/stdio.h:973:1: error: ‘__END_DECLS’ does not name a type
  973 | __END_DECLS
      | ^~~~~~~~~~~
In file included from /home/abc/nhat/optee_examples/eevm_minimal_ta/external/openenclave/3rdparty/libcxx/libcxx/include/algorithm:643:
/home/abc/nhat/optee_examples/eevm_minimal_ta/external/openenclave/3rdparty/libcxx/libcxx/include/memory: In static member function ‘static std::__1::allocator_traits<_Alloc>::size_type std::__1::allocator_traits<_Alloc>::__max_size(std::__1::false_type, const allocator_type&)’:
/home/abc/nhat/optee_examples/eevm_minimal_ta/external/openenclave/3rdparty/libcxx/libcxx/include/memory:1806:21: error: ‘numeric_limits’ was not declared in this scope
 1806 |             {return numeric_limits<size_type>::max() / sizeof(value_type);}
      |                     ^~~~~~~~~~~~~~
/home/abc/nhat/optee_examples/eevm_minimal_ta/external/openenclave/3rdparty/libcxx/libcxx/include/memory:1806:45: error: expected primary-expression before ‘>’ token
 1806 |             {return numeric_limits<size_type>::max() / sizeof(value_type);}
      |                                             ^
/home/abc/nhat/optee_examples/eevm_minimal_ta/external/openenclave/3rdparty/libcxx/libcxx/include/memory:1806:48: error: ‘::max’ has not been declared
 1806 |             {return numeric_limits<size_type>::max() / sizeof(value_type);}
      |                                                ^~~
In file included from /home/abc/nhat/optee_examples/eevm_minimal_ta/external/openenclave/3rdparty/libcxx/libcxx/include/algorithm:647:
/home/abc/nhat/optee_examples/eevm_minimal_ta/external/openenclave/3rdparty/libcxx/libcxx/include/bit: In function ‘constexpr _Tp std::__1::__rotl(_Tp, unsigned int)’:
/home/abc/nhat/optee_examples/eevm_minimal_ta/external/openenclave/3rdparty/libcxx/libcxx/include/bit:212:32: error: ‘numeric_limits’ was not declared in this scope
  212 |     const unsigned int __dig = numeric_limits<_Tp>::digits;
      |                                ^~~~~~~~~~~~~~
/home/abc/nhat/optee_examples/eevm_minimal_ta/external/openenclave/3rdparty/libcxx/libcxx/include/bit:212:50: error: expected primary-expression before ‘>’ token
  212 |     const unsigned int __dig = numeric_limits<_Tp>::digits;
      |                                                  ^
/home/abc/nhat/optee_examples/eevm_minimal_ta/external/openenclave/3rdparty/libcxx/libcxx/include/bit:212:53: error: ‘::digits’ has not been declared
  212 |     const unsigned int __dig = numeric_limits<_Tp>::digits;
      |                                                     ^~~~~~
/home/abc/nhat/optee_examples/eevm_minimal_ta/external/openenclave/3rdparty/libcxx/libcxx/include/bit: In function ‘constexpr _Tp std::__1::__rotr(_Tp, unsigned int)’:
/home/abc/nhat/optee_examples/eevm_minimal_ta/external/openenclave/3rdparty/libcxx/libcxx/include/bit:224:32: error: ‘numeric_limits’ was not declared in this scope
  224 |     const unsigned int __dig = numeric_limits<_Tp>::digits;
      |                                ^~~~~~~~~~~~~~
/home/abc/nhat/optee_examples/eevm_minimal_ta/external/openenclave/3rdparty/libcxx/libcxx/include/bit:224:50: error: expected primary-expression before ‘>’ token
  224 |     const unsigned int __dig = numeric_limits<_Tp>::digits;
      |                                                  ^
/home/abc/nhat/optee_examples/eevm_minimal_ta/external/openenclave/3rdparty/libcxx/libcxx/include/bit:224:53: error: ‘::digits’ has not been declared
  224 |     const unsigned int __dig = numeric_limits<_Tp>::digits;
      |                                                     ^~~~~~
/home/abc/nhat/optee_examples/eevm_minimal_ta/external/openenclave/3rdparty/libcxx/libcxx/include/bit: In function ‘constexpr int std::__1::__countr_zero(_Tp)’:
/home/abc/nhat/optee_examples/eevm_minimal_ta/external/openenclave/3rdparty/libcxx/libcxx/include/bit:238:16: error: ‘numeric_limits’ was not declared in this scope
  238 |         return numeric_limits<_Tp>::digits;
      |                ^~~~~~~~~~~~~~
/home/abc/nhat/optee_examples/eevm_minimal_ta/external/openenclave/3rdparty/libcxx/libcxx/include/bit:238:34: error: expected primary-expression before ‘>’ token
  238 |         return numeric_limits<_Tp>::digits;
      |                                  ^
/home/abc/nhat/optee_examples/eevm_minimal_ta/external/openenclave/3rdparty/libcxx/libcxx/include/bit:238:37: error: ‘::digits’ has not been declared
  238 |         return numeric_limits<_Tp>::digits;
      |                                     ^~~~~~
/home/abc/nhat/optee_examples/eevm_minimal_ta/external/openenclave/3rdparty/libcxx/libcxx/include/bit:250:42: error: ‘numeric_limits’ was not declared in this scope
  250 |         const unsigned int __ulldigits = numeric_limits<unsigned long long>::digits;
      |                                          ^~~~~~~~~~~~~~
/home/abc/nhat/optee_examples/eevm_minimal_ta/external/openenclave/3rdparty/libcxx/libcxx/include/bit:250:57: error: expected primary-expression before ‘unsigned’
  250 |         const unsigned int __ulldigits = numeric_limits<unsigned long long>::digits;
      |                                                         ^~~~~~~~
/home/abc/nhat/optee_examples/eevm_minimal_ta/external/openenclave/3rdparty/libcxx/libcxx/include/bit: In function ‘constexpr int std::__1::__countl_zero(_Tp)’:
/home/abc/nhat/optee_examples/eevm_minimal_ta/external/openenclave/3rdparty/libcxx/libcxx/include/bit:266:16: error: ‘numeric_limits’ was not declared in this scope
  266 |         return numeric_limits<_Tp>::digits;
      |                ^~~~~~~~~~~~~~
/home/abc/nhat/optee_examples/eevm_minimal_ta/external/openenclave/3rdparty/libcxx/libcxx/include/bit:266:34: error: expected primary-expression before ‘>’ token
  266 |         return numeric_limits<_Tp>::digits;
      |                                  ^
/home/abc/nhat/optee_examples/eevm_minimal_ta/external/openenclave/3rdparty/libcxx/libcxx/include/bit:266:37: error: ‘::digits’ has not been declared
  266 |         return numeric_limits<_Tp>::digits;
      |                                     ^~~~~~
/home/abc/nhat/optee_examples/eevm_minimal_ta/external/openenclave/3rdparty/libcxx/libcxx/include/bit:270:18: error: ‘numeric_limits’ was not declared in this scope
  270 |               - (numeric_limits<unsigned int>::digits - numeric_limits<_Tp>::digits);
      |                  ^~~~~~~~~~~~~~
/home/abc/nhat/optee_examples/eevm_minimal_ta/external/openenclave/3rdparty/libcxx/libcxx/include/bit:270:33: error: expected primary-expression before ‘unsigned’
  270 |               - (numeric_limits<unsigned int>::digits - numeric_limits<_Tp>::digits);
      |                                 ^~~~~~~~
/home/abc/nhat/optee_examples/eevm_minimal_ta/external/openenclave/3rdparty/libcxx/libcxx/include/bit:270:33: error: expected ‘)’ before ‘unsigned’
  270 |               - (numeric_limits<unsigned int>::digits - numeric_limits<_Tp>::digits);
      |                 ~               ^~~~~~~~
      |                                 )
/home/abc/nhat/optee_examples/eevm_minimal_ta/external/openenclave/3rdparty/libcxx/libcxx/include/bit:273:18: error: ‘numeric_limits’ was not declared in this scope
  273 |               - (numeric_limits<unsigned long>::digits - numeric_limits<_Tp>::digits);
      |                  ^~~~~~~~~~~~~~
/home/abc/nhat/optee_examples/eevm_minimal_ta/external/openenclave/3rdparty/libcxx/libcxx/include/bit:273:33: error: expected primary-expression before ‘unsigned’
  273 |               - (numeric_limits<unsigned long>::digits - numeric_limits<_Tp>::digits);
      |                                 ^~~~~~~~
/home/abc/nhat/optee_examples/eevm_minimal_ta/external/openenclave/3rdparty/libcxx/libcxx/include/bit:273:33: error: expected ‘)’ before ‘unsigned’
  273 |               - (numeric_limits<unsigned long>::digits - numeric_limits<_Tp>::digits);
      |                 ~               ^~~~~~~~
      |                                 )
/home/abc/nhat/optee_examples/eevm_minimal_ta/external/openenclave/3rdparty/libcxx/libcxx/include/bit:276:18: error: ‘numeric_limits’ was not declared in this scope
  276 |               - (numeric_limits<unsigned long long>::digits - numeric_limits<_Tp>::digits);
      |                  ^~~~~~~~~~~~~~
/home/abc/nhat/optee_examples/eevm_minimal_ta/external/openenclave/3rdparty/libcxx/libcxx/include/bit:276:33: error: expected primary-expression before ‘unsigned’
  276 |               - (numeric_limits<unsigned long long>::digits - numeric_limits<_Tp>::digits);
      |                                 ^~~~~~~~
/home/abc/nhat/optee_examples/eevm_minimal_ta/external/openenclave/3rdparty/libcxx/libcxx/include/bit:276:33: error: expected ‘)’ before ‘unsigned’
  276 |               - (numeric_limits<unsigned long long>::digits - numeric_limits<_Tp>::digits);
      |                 ~               ^~~~~~~~
      |                                 )
/home/abc/nhat/optee_examples/eevm_minimal_ta/external/openenclave/3rdparty/libcxx/libcxx/include/bit:281:42: error: ‘numeric_limits’ was not declared in this scope
  281 |         const unsigned int __ulldigits = numeric_limits<unsigned long long>::digits;
      |                                          ^~~~~~~~~~~~~~
/home/abc/nhat/optee_examples/eevm_minimal_ta/external/openenclave/3rdparty/libcxx/libcxx/include/bit:281:57: error: expected primary-expression before ‘unsigned’
  281 |         const unsigned int __ulldigits = numeric_limits<unsigned long long>::digits;
      |                                                         ^~~~~~~~
/home/abc/nhat/optee_examples/eevm_minimal_ta/external/openenclave/3rdparty/libcxx/libcxx/include/bit: In function ‘constexpr int std::__1::__countl_one(_Tp)’:
/home/abc/nhat/optee_examples/eevm_minimal_ta/external/openenclave/3rdparty/libcxx/libcxx/include/bit:297:19: error: ‘numeric_limits’ was not declared in this scope
  297 |     return __t != numeric_limits<_Tp>::max()
      |                   ^~~~~~~~~~~~~~
/home/abc/nhat/optee_examples/eevm_minimal_ta/external/openenclave/3rdparty/libcxx/libcxx/include/bit:297:37: error: expected primary-expression before ‘>’ token
  297 |     return __t != numeric_limits<_Tp>::max()
      |                                     ^
/home/abc/nhat/optee_examples/eevm_minimal_ta/external/openenclave/3rdparty/libcxx/libcxx/include/bit:297:40: error: ‘::max’ has not been declared
  297 |     return __t != numeric_limits<_Tp>::max()
      |                                        ^~~
/home/abc/nhat/optee_examples/eevm_minimal_ta/external/openenclave/3rdparty/libcxx/libcxx/include/bit:299:29: error: expected primary-expression before ‘>’ token
  299 |         : numeric_limits<_Tp>::digits;
      |                             ^
/home/abc/nhat/optee_examples/eevm_minimal_ta/external/openenclave/3rdparty/libcxx/libcxx/include/bit:299:32: error: ‘::digits’ has not been declared
  299 |         : numeric_limits<_Tp>::digits;
      |                                ^~~~~~
/home/abc/nhat/optee_examples/eevm_minimal_ta/external/openenclave/3rdparty/libcxx/libcxx/include/bit: In function ‘constexpr int std::__1::__countr_one(_Tp)’:
/home/abc/nhat/optee_examples/eevm_minimal_ta/external/openenclave/3rdparty/libcxx/libcxx/include/bit:308:19: error: ‘numeric_limits’ was not declared in this scope
  308 |     return __t != numeric_limits<_Tp>::max()
      |                   ^~~~~~~~~~~~~~
/home/abc/nhat/optee_examples/eevm_minimal_ta/external/openenclave/3rdparty/libcxx/libcxx/include/bit:308:37: error: expected primary-expression before ‘>’ token
  308 |     return __t != numeric_limits<_Tp>::max()
      |                                     ^
/home/abc/nhat/optee_examples/eevm_minimal_ta/external/openenclave/3rdparty/libcxx/libcxx/include/bit:308:40: error: ‘::max’ has not been declared
  308 |     return __t != numeric_limits<_Tp>::max()
      |                                        ^~~
/home/abc/nhat/optee_examples/eevm_minimal_ta/external/openenclave/3rdparty/libcxx/libcxx/include/bit:310:29: error: expected primary-expression before ‘>’ token
  310 |         : numeric_limits<_Tp>::digits;
      |                             ^
/home/abc/nhat/optee_examples/eevm_minimal_ta/external/openenclave/3rdparty/libcxx/libcxx/include/bit:310:32: error: ‘::digits’ has not been declared
  310 |         : numeric_limits<_Tp>::digits;
      |                                ^~~~~~
/home/abc/nhat/optee_examples/eevm_minimal_ta/external/openenclave/3rdparty/libcxx/libcxx/include/bit: In function ‘constexpr int std::__1::__popcount(_Tp)’:
/home/abc/nhat/optee_examples/eevm_minimal_ta/external/openenclave/3rdparty/libcxx/libcxx/include/bit:332:21: error: ‘numeric_limits’ was not declared in this scope
  332 |             __t >>= numeric_limits<unsigned long long>::digits;
      |                     ^~~~~~~~~~~~~~
/home/abc/nhat/optee_examples/eevm_minimal_ta/external/openenclave/3rdparty/libcxx/libcxx/include/bit:332:36: error: expected primary-expression before ‘unsigned’
  332 |             __t >>= numeric_limits<unsigned long long>::digits;
      |                                    ^~~~~~~~
/home/abc/nhat/optee_examples/eevm_minimal_ta/external/openenclave/3rdparty/libcxx/libcxx/include/bit: In function ‘constexpr unsigned int std::__1::__bit_log2(_Tp)’:
/home/abc/nhat/optee_examples/eevm_minimal_ta/external/openenclave/3rdparty/libcxx/libcxx/include/bit:345:17: error: ‘numeric_limits’ is not a member of ‘std’
  345 |     return std::numeric_limits<_Tp>::digits - 1 - __countl_zero(__t);
      |                 ^~~~~~~~~~~~~~
/home/abc/nhat/optee_examples/eevm_minimal_ta/external/openenclave/3rdparty/libcxx/libcxx/include/bit:345:35: error: expected primary-expression before ‘>’ token
  345 |     return std::numeric_limits<_Tp>::digits - 1 - __countl_zero(__t);
      |                                   ^
/home/abc/nhat/optee_examples/eevm_minimal_ta/external/openenclave/3rdparty/libcxx/libcxx/include/bit:345:38: error: ‘::digits’ has not been declared
  345 |     return std::numeric_limits<_Tp>::digits - 1 - __countl_zero(__t);
      |                                      ^~~~~~
/home/abc/nhat/optee_examples/eevm_minimal_ta/external/openenclave/3rdparty/libcxx/libcxx/include/algorithm: At global scope:
/home/abc/nhat/optee_examples/eevm_minimal_ta/external/openenclave/3rdparty/libcxx/libcxx/include/algorithm:2881:50: error: ‘numeric_limits’ was not declared in this scope
 2881 |     static _LIBCPP_CONSTEXPR const size_t _WDt = numeric_limits<_Working_result_type>::digits;
      |                                                  ^~~~~~~~~~~~~~
/home/abc/nhat/optee_examples/eevm_minimal_ta/external/openenclave/3rdparty/libcxx/libcxx/include/algorithm:2881:85: error: expected primary-expression before ‘>’ token
 2881 |     static _LIBCPP_CONSTEXPR const size_t _WDt = numeric_limits<_Working_result_type>::digits;
      |                                                                                     ^
/home/abc/nhat/optee_examples/eevm_minimal_ta/external/openenclave/3rdparty/libcxx/libcxx/include/algorithm:2881:88: error: ‘::digits’ has not been declared
 2881 |     static _LIBCPP_CONSTEXPR const size_t _WDt = numeric_limits<_Working_result_type>::digits;
      |                                                                                        ^~~~~~
/home/abc/nhat/optee_examples/eevm_minimal_ta/external/openenclave/3rdparty/libcxx/libcxx/include/algorithm:2882:50: error: ‘numeric_limits’ was not declared in this scope
 2882 |     static _LIBCPP_CONSTEXPR const size_t _EDt = numeric_limits<_Engine_result_type>::digits;
      |                                                  ^~~~~~~~~~~~~~
/home/abc/nhat/optee_examples/eevm_minimal_ta/external/openenclave/3rdparty/libcxx/libcxx/include/algorithm:2882:84: error: expected primary-expression before ‘>’ token
 2882 |     static _LIBCPP_CONSTEXPR const size_t _EDt = numeric_limits<_Engine_result_type>::digits;
      |                                                                                    ^
/home/abc/nhat/optee_examples/eevm_minimal_ta/external/openenclave/3rdparty/libcxx/libcxx/include/algorithm:2882:87: error: ‘::digits’ has not been declared
 2882 |     static _LIBCPP_CONSTEXPR const size_t _EDt = numeric_limits<_Engine_result_type>::digits;
      |                                                                                       ^~~~~~
/home/abc/nhat/optee_examples/eevm_minimal_ta/external/openenclave/3rdparty/libcxx/libcxx/include/algorithm: In member function ‘_UIntType std::__1::__independent_bits_engine<_Engine, _UIntType>::__eval(std::__1::true_type)’:
/home/abc/nhat/optee_examples/eevm_minimal_ta/external/openenclave/3rdparty/libcxx/libcxx/include/algorithm:2943:25: error: ‘numeric_limits’ was not declared in this scope
 2943 |     const size_t _WRt = numeric_limits<result_type>::digits;
      |                         ^~~~~~~~~~~~~~
/home/abc/nhat/optee_examples/eevm_minimal_ta/external/openenclave/3rdparty/libcxx/libcxx/include/algorithm:2943:51: error: expected primary-expression before ‘>’ token
 2943 |     const size_t _WRt = numeric_limits<result_type>::digits;
      |                                                   ^
/home/abc/nhat/optee_examples/eevm_minimal_ta/external/openenclave/3rdparty/libcxx/libcxx/include/algorithm:2943:54: error: ‘::digits’ has not been declared
 2943 |     const size_t _WRt = numeric_limits<result_type>::digits;
      |                                                      ^~~~~~
/home/abc/nhat/optee_examples/eevm_minimal_ta/external/openenclave/3rdparty/libcxx/libcxx/include/algorithm: At global scope:
/home/abc/nhat/optee_examples/eevm_minimal_ta/external/openenclave/3rdparty/libcxx/libcxx/include/algorithm:2991:47: error: ‘numeric_limits’ was not declared in this scope
 2991 |                             result_type __b = numeric_limits<result_type>::max())
      |                                               ^~~~~~~~~~~~~~
/home/abc/nhat/optee_examples/eevm_minimal_ta/external/openenclave/3rdparty/libcxx/libcxx/include/algorithm:2991:73: error: expected primary-expression before ‘>’ token
 2991 |                             result_type __b = numeric_limits<result_type>::max())
      |                                                                         ^
/home/abc/nhat/optee_examples/eevm_minimal_ta/external/openenclave/3rdparty/libcxx/libcxx/include/algorithm:2991:76: error: ‘::max’ has not been declared; did you mean ‘std::__1::max’?
 2991 |                             result_type __b = numeric_limits<result_type>::max())
      |                                                                            ^~~
      |                                                                            std::__1::max
/home/abc/nhat/optee_examples/eevm_minimal_ta/external/openenclave/3rdparty/libcxx/libcxx/include/algorithm:2653:1: note: ‘std::__1::max’ declared here
 2653 | max(initializer_list<_Tp> __t)
      | ^~~
/home/abc/nhat/optee_examples/eevm_minimal_ta/external/openenclave/3rdparty/libcxx/libcxx/include/algorithm:3009:57: error: ‘numeric_limits’ was not declared in this scope
 3009 |                                       result_type __b = numeric_limits<result_type>::max())
      |                                                         ^~~~~~~~~~~~~~
/home/abc/nhat/optee_examples/eevm_minimal_ta/external/openenclave/3rdparty/libcxx/libcxx/include/algorithm:3009:83: error: expected primary-expression before ‘>’ token
 3009 |                                       result_type __b = numeric_limits<result_type>::max())
      |                                                                                   ^
/home/abc/nhat/optee_examples/eevm_minimal_ta/external/openenclave/3rdparty/libcxx/libcxx/include/algorithm:3009:86: error: ‘::max’ has not been declared; did you mean ‘std::__1::max’?
 3009 |                                       result_type __b = numeric_limits<result_type>::max())
      |                                                                                      ^~~
      |                                                                                      std::__1::max
/home/abc/nhat/optee_examples/eevm_minimal_ta/external/openenclave/3rdparty/libcxx/libcxx/include/algorithm:2653:1: note: ‘std::__1::max’ declared here
 2653 | max(initializer_list<_Tp> __t)
      | ^~~
/home/abc/nhat/optee_examples/eevm_minimal_ta/external/openenclave/3rdparty/libcxx/libcxx/include/algorithm: In member function ‘std::__1::uniform_int_distribution<_IntType>::result_type std::__1::uniform_int_distribution<_IntType>::operator()(_URNG&, const param_type&)’:
/home/abc/nhat/optee_examples/eevm_minimal_ta/external/openenclave/3rdparty/libcxx/libcxx/include/algorithm:3048:24: error: ‘numeric_limits’ was not declared in this scope
 3048 |     const size_t _Dt = numeric_limits<_UIntType>::digits;
      |                        ^~~~~~~~~~~~~~
/home/abc/nhat/optee_examples/eevm_minimal_ta/external/openenclave/3rdparty/libcxx/libcxx/include/algorithm:3048:48: error: expected primary-expression before ‘>’ token
 3048 |     const size_t _Dt = numeric_limits<_UIntType>::digits;
      |                                                ^
/home/abc/nhat/optee_examples/eevm_minimal_ta/external/openenclave/3rdparty/libcxx/libcxx/include/algorithm:3048:51: error: ‘::digits’ has not been declared
 3048 |     const size_t _Dt = numeric_limits<_UIntType>::digits;
      |                                                   ^~~~~~
/home/abc/nhat/optee_examples/eevm_minimal_ta/external/openenclave/3rdparty/libcxx/libcxx/include/algorithm:3053:22: error: ‘numeric_limits’ is not a member of ‘std’
 3053 |     if ((_Rp & (std::numeric_limits<_UIntType>::max() >> (_Dt - __w))) != 0)
      |                      ^~~~~~~~~~~~~~
/home/abc/nhat/optee_examples/eevm_minimal_ta/external/openenclave/3rdparty/libcxx/libcxx/include/algorithm:3053:46: error: expected primary-expression before ‘>’ token
 3053 |     if ((_Rp & (std::numeric_limits<_UIntType>::max() >> (_Dt - __w))) != 0)
      |                                              ^
/home/abc/nhat/optee_examples/eevm_minimal_ta/external/openenclave/3rdparty/libcxx/libcxx/include/algorithm:3053:49: error: ‘::max’ has not been declared; did you mean ‘std::__1::max’?
 3053 |     if ((_Rp & (std::numeric_limits<_UIntType>::max() >> (_Dt - __w))) != 0)
      |                                                 ^~~
      |                                                 std::__1::max
/home/abc/nhat/optee_examples/eevm_minimal_ta/external/openenclave/3rdparty/libcxx/libcxx/include/algorithm:2653:1: note: ‘std::__1::max’ declared here
 2653 | max(initializer_list<_Tp> __t)
      | ^~~
/home/abc/nhat/optee_examples/eevm_minimal_ta/external/openenclave/3rdparty/libcxx/libcxx/include/__string: In static member function ‘static std::__1::char_traits<wchar_t>::char_type* std::__1::char_traits<wchar_t>::move(char_type*, const char_type*, size_t)’:
/home/abc/nhat/optee_examples/eevm_minimal_ta/external/openenclave/3rdparty/libcxx/libcxx/include/__string:364:44: error: ‘wmemmove’ was not declared in this scope; did you mean ‘memmove’?
  364 |                        : __n == 0 ? __s1 : wmemmove(__s1, __s2, __n);
      |                                            ^~~~~~~~
      |                                            memmove
/home/abc/nhat/optee_examples/eevm_minimal_ta/external/openenclave/3rdparty/libcxx/libcxx/include/__string: In static member function ‘static std::__1::char_traits<wchar_t>::char_type* std::__1::char_traits<wchar_t>::copy(char_type*, const char_type*, size_t)’:
/home/abc/nhat/optee_examples/eevm_minimal_ta/external/openenclave/3rdparty/libcxx/libcxx/include/__string:372:44: error: ‘wmemcpy’ was not declared in this scope; did you mean ‘memcpy’?
  372 |                        : __n == 0 ? __s1 : wmemcpy(__s1, __s2, __n);
      |                                            ^~~~~~~
      |                                            memcpy
/home/abc/nhat/optee_examples/eevm_minimal_ta/external/openenclave/3rdparty/libcxx/libcxx/include/__string: In static member function ‘static std::__1::char_traits<wchar_t>::char_type* std::__1::char_traits<wchar_t>::assign(char_type*, size_t, char_type)’:
/home/abc/nhat/optee_examples/eevm_minimal_ta/external/openenclave/3rdparty/libcxx/libcxx/include/__string:379:43: error: ‘wmemset’ was not declared in this scope; did you mean ‘memset’?
  379 |                        : __n == 0 ? __s : wmemset(__s, __a, __n);
      |                                           ^~~~~~~
      |                                           memset
/home/abc/nhat/optee_examples/eevm_minimal_ta/external/openenclave/3rdparty/libcxx/libcxx/include/__string: In static member function ‘static constexpr std::__1::char_traits<wchar_t>::int_type std::__1::char_traits<wchar_t>::eof()’:
/home/abc/nhat/optee_examples/eevm_minimal_ta/external/openenclave/3rdparty/libcxx/libcxx/include/__string:390:26: error: ‘WEOF’ was not declared in this scope
  390 |         {return int_type(WEOF);}
      |                          ^~~~
/home/abc/nhat/optee_examples/eevm_minimal_ta/external/openenclave/3rdparty/libcxx/libcxx/include/__string:390:26: note: the macro ‘WEOF’ had not yet been defined
In file included from /home/abc/nhat/optee_examples/eevm_minimal_ta/external/openenclave/3rdparty/libcxx/libcxx/include/wctype.h:53,
                 from /home/abc/nhat/optee_examples/eevm_minimal_ta/external/openenclave/3rdparty/libcxx/libcxx/include/cwctype:54,
                 from /home/abc/nhat/optee_examples/eevm_minimal_ta/external/openenclave/3rdparty/libcxx/libcxx/include/cwchar:106,
                 from /home/abc/nhat/optee_examples/eevm_minimal_ta/external/openenclave/3rdparty/libcxx/libcxx/include/string:508:
/home/abc/arm-toolchain/aarch64-none-linux-gnu/libc/usr/include/wctype.h:33:10: note: it was later defined here
   33 | # define WEOF (0xffffffffu)
      |          ^~~~
/home/abc/nhat/optee_examples/eevm_minimal_ta/external/openenclave/3rdparty/libcxx/libcxx/include/string_view: In member function ‘constexpr std::__1::basic_string_view<_CharT, _Traits>::size_type std::__1::basic_string_view<_CharT, _Traits>::max_size() const’:
/home/abc/nhat/optee_examples/eevm_minimal_ta/external/openenclave/3rdparty/libcxx/libcxx/include/string_view:274:51: error: ‘numeric_limits’ was not declared in this scope
  274 |     size_type max_size() const _NOEXCEPT { return numeric_limits<size_type>::max(); }
      |                                                   ^~~~~~~~~~~~~~
/home/abc/nhat/optee_examples/eevm_minimal_ta/external/openenclave/3rdparty/libcxx/libcxx/include/string_view:274:75: error: expected primary-expression before ‘>’ token
  274 |     size_type max_size() const _NOEXCEPT { return numeric_limits<size_type>::max(); }
      |                                                                           ^
/home/abc/nhat/optee_examples/eevm_minimal_ta/external/openenclave/3rdparty/libcxx/libcxx/include/string_view:274:78: error: ‘::max’ has not been declared; did you mean ‘std::__1::max’?
  274 |     size_type max_size() const _NOEXCEPT { return numeric_limits<size_type>::max(); }
      |                                                                              ^~~
      |                                                                              std::__1::max
/home/abc/nhat/optee_examples/eevm_minimal_ta/external/openenclave/3rdparty/libcxx/libcxx/include/algorithm:2653:1: note: ‘std::__1::max’ declared here
 2653 | max(initializer_list<_Tp> __t)
      | ^~~
In file included from /home/abc/nhat/optee_examples/eevm_minimal_ta/external/openenclave/3rdparty/libcxx/libcxx/include/ctype.h:38,
                 from /home/abc/nhat/optee_examples/eevm_minimal_ta/external/openenclave/3rdparty/libcxx/libcxx/include/cctype:38,
                 from /home/abc/nhat/optee_examples/eevm_minimal_ta/external/openenclave/3rdparty/libcxx/libcxx/include/cwctype:53:
/home/abc/arm-toolchain/aarch64-none-linux-gnu/libc/usr/include/ctype.h: At global scope:
/home/abc/arm-toolchain/aarch64-none-linux-gnu/libc/usr/include/ctype.h:28:1: error: ‘__BEGIN_DECLS’ does not name a type
   28 | __BEGIN_DECLS
      | ^~~~~~~~~~~~~
/home/abc/arm-toolchain/aarch64-none-linux-gnu/libc/usr/include/ctype.h:80:6: error: expected initializer before ‘__THROW’
   80 |      __THROW __attribute__ ((__const__));
      |      ^~~~~~~
/home/abc/arm-toolchain/aarch64-none-linux-gnu/libc/usr/include/ctype.h:82:6: error: expected initializer before ‘__THROW’
   82 |      __THROW __attribute__ ((__const__));
      |      ^~~~~~~
/home/abc/arm-toolchain/aarch64-none-linux-gnu/libc/usr/include/ctype.h:84:6: error: expected initializer before ‘__THROW’
   84 |      __THROW __attribute__ ((__const__));
      |      ^~~~~~~
/home/abc/arm-toolchain/aarch64-none-linux-gnu/libc/usr/include/ctype.h:108:1: error: expected initializer before ‘__THROW’
  108 | __exctype (isalnum);
      | ^~~~~~~~~
/home/abc/arm-toolchain/aarch64-none-linux-gnu/libc/usr/include/ctype.h:109:1: error: expected initializer before ‘__THROW’
  109 | __exctype (isalpha);
      | ^~~~~~~~~
/home/abc/arm-toolchain/aarch64-none-linux-gnu/libc/usr/include/ctype.h:110:1: error: expected initializer before ‘__THROW’
  110 | __exctype (iscntrl);
      | ^~~~~~~~~
/home/abc/arm-toolchain/aarch64-none-linux-gnu/libc/usr/include/ctype.h:111:1: error: expected initializer before ‘__THROW’
  111 | __exctype (isdigit);
      | ^~~~~~~~~
/home/abc/arm-toolchain/aarch64-none-linux-gnu/libc/usr/include/ctype.h:112:1: error: expected initializer before ‘__THROW’
  112 | __exctype (islower);
      | ^~~~~~~~~
/home/abc/arm-toolchain/aarch64-none-linux-gnu/libc/usr/include/ctype.h:113:1: error: expected initializer before ‘__THROW’
  113 | __exctype (isgraph);
      | ^~~~~~~~~
/home/abc/arm-toolchain/aarch64-none-linux-gnu/libc/usr/include/ctype.h:114:1: error: expected initializer before ‘__THROW’
  114 | __exctype (isprint);
      | ^~~~~~~~~
/home/abc/arm-toolchain/aarch64-none-linux-gnu/libc/usr/include/ctype.h:115:1: error: expected initializer before ‘__THROW’
  115 | __exctype (ispunct);
      | ^~~~~~~~~
/home/abc/arm-toolchain/aarch64-none-linux-gnu/libc/usr/include/ctype.h:116:1: error: expected initializer before ‘__THROW’
  116 | __exctype (isspace);
      | ^~~~~~~~~
/home/abc/arm-toolchain/aarch64-none-linux-gnu/libc/usr/include/ctype.h:117:1: error: expected initializer before ‘__THROW’
  117 | __exctype (isupper);
      | ^~~~~~~~~
/home/abc/arm-toolchain/aarch64-none-linux-gnu/libc/usr/include/ctype.h:118:1: error: expected initializer before ‘__THROW’
  118 | __exctype (isxdigit);
      | ^~~~~~~~~
/home/abc/arm-toolchain/aarch64-none-linux-gnu/libc/usr/include/ctype.h:122:30: error: expected initializer before ‘__THROW’
  122 | extern int tolower (int __c) __THROW;
      |                              ^~~~~~~
/home/abc/arm-toolchain/aarch64-none-linux-gnu/libc/usr/include/ctype.h:125:30: error: expected initializer before ‘__THROW’
  125 | extern int toupper (int __c) __THROW;
      |                              ^~~~~~~
/home/abc/arm-toolchain/aarch64-none-linux-gnu/libc/usr/include/ctype.h:327:1: error: ‘__END_DECLS’ does not name a type
  327 | __END_DECLS
      | ^~~~~~~~~~~
In file included from /home/abc/arm-toolchain/aarch64-none-linux-gnu/libc/usr/include/wctype.h:28:
/home/abc/arm-toolchain/aarch64-none-linux-gnu/libc/usr/include/bits/types/wint_t.h:20:23: error: conflicting declaration ‘typedef unsigned int wint_t’
   20 | typedef __WINT_TYPE__ wint_t;
      |                       ^~~~~~
In file included from /home/abc/nhat/optee_examples/eevm_minimal_ta/external/openenclave/3rdparty/libcxx/libcxx/include/wchar.h:118,
                 from /home/abc/nhat/optee_examples/eevm_minimal_ta/external/openenclave/3rdparty/libcxx/libcxx/include/iosfwd:95,
                 from /home/abc/nhat/optee_examples/eevm_minimal_ta/external/openenclave/3rdparty/libcxx/libcxx/include/__debug:14:
./include/wchar.h:4:13: note: previous declaration as ‘typedef int wint_t’
    4 | typedef int wint_t;
      |             ^~~~~~
In file included from /home/abc/arm-toolchain/aarch64-none-linux-gnu/libc/usr/include/wctype.h:38:
/home/abc/arm-toolchain/aarch64-none-linux-gnu/libc/usr/include/bits/wctype-wchar.h:87:1: error: ‘__BEGIN_DECLS’ does not name a type
   87 | __BEGIN_DECLS
      | ^~~~~~~~~~~~~
/home/abc/arm-toolchain/aarch64-none-linux-gnu/libc/usr/include/bits/wctype-wchar.h:101:35: error: expected initializer before ‘__THROW’
  101 | extern int iswalpha (wint_t __wc) __THROW;
      |                                   ^~~~~~~
/home/abc/arm-toolchain/aarch64-none-linux-gnu/libc/usr/include/bits/wctype-wchar.h:104:35: error: expected initializer before ‘__THROW’
  104 | extern int iswcntrl (wint_t __wc) __THROW;
      |                                   ^~~~~~~
/home/abc/arm-toolchain/aarch64-none-linux-gnu/libc/usr/include/bits/wctype-wchar.h:108:35: error: expected initializer before ‘__THROW’
  108 | extern int iswdigit (wint_t __wc) __THROW;
      |                                   ^~~~~~~
/home/abc/arm-toolchain/aarch64-none-linux-gnu/libc/usr/include/bits/wctype-wchar.h:112:35: error: expected initializer before ‘__THROW’
  112 | extern int iswgraph (wint_t __wc) __THROW;
      |                                   ^~~~~~~
/home/abc/arm-toolchain/aarch64-none-linux-gnu/libc/usr/include/bits/wctype-wchar.h:117:35: error: expected initializer before ‘__THROW’
  117 | extern int iswlower (wint_t __wc) __THROW;
      |                                   ^~~~~~~
/home/abc/arm-toolchain/aarch64-none-linux-gnu/libc/usr/include/bits/wctype-wchar.h:120:35: error: expected initializer before ‘__THROW’
  120 | extern int iswprint (wint_t __wc) __THROW;
      |                                   ^~~~~~~
/home/abc/arm-toolchain/aarch64-none-linux-gnu/libc/usr/include/bits/wctype-wchar.h:125:35: error: expected initializer before ‘__THROW’
  125 | extern int iswpunct (wint_t __wc) __THROW;
      |                                   ^~~~~~~
/home/abc/arm-toolchain/aarch64-none-linux-gnu/libc/usr/include/bits/wctype-wchar.h:130:35: error: expected initializer before ‘__THROW’
  130 | extern int iswspace (wint_t __wc) __THROW;
      |                                   ^~~~~~~
/home/abc/arm-toolchain/aarch64-none-linux-gnu/libc/usr/include/bits/wctype-wchar.h:135:35: error: expected initializer before ‘__THROW’
  135 | extern int iswupper (wint_t __wc) __THROW;
      |                                   ^~~~~~~
/home/abc/arm-toolchain/aarch64-none-linux-gnu/libc/usr/include/bits/wctype-wchar.h:140:36: error: expected initializer before ‘__THROW’
  140 | extern int iswxdigit (wint_t __wc) __THROW;
      |                                    ^~~~~~~
/home/abc/arm-toolchain/aarch64-none-linux-gnu/libc/usr/include/bits/wctype-wchar.h:155:49: error: expected initializer before ‘__THROW’
  155 | extern wctype_t wctype (const char *__property) __THROW;
      |                                                 ^~~~~~~
/home/abc/arm-toolchain/aarch64-none-linux-gnu/libc/usr/include/bits/wctype-wchar.h:159:52: error: expected initializer before ‘__THROW’
  159 | extern int iswctype (wint_t __wc, wctype_t __desc) __THROW;
      |                                                    ^~~~~~~
/home/abc/arm-toolchain/aarch64-none-linux-gnu/libc/usr/include/bits/wctype-wchar.h:166:38: error: expected initializer before ‘__THROW’
  166 | extern wint_t towlower (wint_t __wc) __THROW;
      |                                      ^~~~~~~
/home/abc/arm-toolchain/aarch64-none-linux-gnu/libc/usr/include/bits/wctype-wchar.h:169:38: error: expected initializer before ‘__THROW’
  169 | extern wint_t towupper (wint_t __wc) __THROW;
      |                                      ^~~~~~~
/home/abc/arm-toolchain/aarch64-none-linux-gnu/libc/usr/include/bits/wctype-wchar.h:171:1: error: ‘__END_DECLS’ does not name a type
  171 | __END_DECLS
      | ^~~~~~~~~~~
/home/abc/arm-toolchain/aarch64-none-linux-gnu/libc/usr/include/wctype.h:52:8: error: ‘wctrans_t’ does not name a type
   52 | extern wctrans_t wctrans (const char *__property) __THROW;
      |        ^~~~~~~~~
/home/abc/arm-toolchain/aarch64-none-linux-gnu/libc/usr/include/wctype.h:55:39: error: ‘wctrans_t’ has not been declared
   55 | extern wint_t towctrans (wint_t __wc, wctrans_t __desc) __THROW;
      |                                       ^~~~~~~~~
/home/abc/arm-toolchain/aarch64-none-linux-gnu/libc/usr/include/wctype.h:55:57: error: expected initializer before ‘__THROW’
   55 | extern wint_t towctrans (wint_t __wc, wctrans_t __desc) __THROW;
      |                                                         ^~~~~~~
/home/abc/arm-toolchain/aarch64-none-linux-gnu/libc/usr/include/wctype.h:146:1: error: ‘__END_DECLS’ does not name a type
  146 | __END_DECLS
      | ^~~~~~~~~~~
/home/abc/nhat/optee_examples/eevm_minimal_ta/external/openenclave/3rdparty/libcxx/libcxx/include/cwchar:117:9: error: ‘tm’ has not been declared in ‘::’
  117 | using ::tm;
      |         ^~
/home/abc/nhat/optee_examples/eevm_minimal_ta/external/openenclave/3rdparty/libcxx/libcxx/include/cwchar:120:9: error: ‘fwprintf’ has not been declared in ‘::’
  120 | using ::fwprintf;
      |         ^~~~~~~~
/home/abc/nhat/optee_examples/eevm_minimal_ta/external/openenclave/3rdparty/libcxx/libcxx/include/cwchar:121:9: error: ‘fwscanf’ has not been declared in ‘::’
  121 | using ::fwscanf;
      |         ^~~~~~~
/home/abc/nhat/optee_examples/eevm_minimal_ta/external/openenclave/3rdparty/libcxx/libcxx/include/cwchar:122:9: error: ‘swprintf’ has not been declared in ‘::’
  122 | using ::swprintf;
      |         ^~~~~~~~
/home/abc/nhat/optee_examples/eevm_minimal_ta/external/openenclave/3rdparty/libcxx/libcxx/include/cwchar:123:9: error: ‘vfwprintf’ has not been declared in ‘::’
  123 | using ::vfwprintf;
      |         ^~~~~~~~~
/home/abc/nhat/optee_examples/eevm_minimal_ta/external/openenclave/3rdparty/libcxx/libcxx/include/cwchar:124:9: error: ‘vswprintf’ has not been declared in ‘::’
  124 | using ::vswprintf;
      |         ^~~~~~~~~
/home/abc/nhat/optee_examples/eevm_minimal_ta/external/openenclave/3rdparty/libcxx/libcxx/include/cwchar:125:9: error: ‘swscanf’ has not been declared in ‘::’
  125 | using ::swscanf;
      |         ^~~~~~~
/home/abc/nhat/optee_examples/eevm_minimal_ta/external/openenclave/3rdparty/libcxx/libcxx/include/cwchar:126:9: error: ‘vfwscanf’ has not been declared in ‘::’
  126 | using ::vfwscanf;
      |         ^~~~~~~~
/home/abc/nhat/optee_examples/eevm_minimal_ta/external/openenclave/3rdparty/libcxx/libcxx/include/cwchar:127:9: error: ‘vswscanf’ has not been declared in ‘::’
  127 | using ::vswscanf;
      |         ^~~~~~~~
/home/abc/nhat/optee_examples/eevm_minimal_ta/external/openenclave/3rdparty/libcxx/libcxx/include/cwchar:128:9: error: ‘fgetwc’ has not been declared in ‘::’
  128 | using ::fgetwc;
      |         ^~~~~~
/home/abc/nhat/optee_examples/eevm_minimal_ta/external/openenclave/3rdparty/libcxx/libcxx/include/cwchar:129:9: error: ‘fgetws’ has not been declared in ‘::’
  129 | using ::fgetws;
      |         ^~~~~~
/home/abc/nhat/optee_examples/eevm_minimal_ta/external/openenclave/3rdparty/libcxx/libcxx/include/cwchar:130:9: error: ‘fputwc’ has not been declared in ‘::’
  130 | using ::fputwc;
      |         ^~~~~~
/home/abc/nhat/optee_examples/eevm_minimal_ta/external/openenclave/3rdparty/libcxx/libcxx/include/cwchar:131:9: error: ‘fputws’ has not been declared in ‘::’
  131 | using ::fputws;
      |         ^~~~~~
/home/abc/nhat/optee_examples/eevm_minimal_ta/external/openenclave/3rdparty/libcxx/libcxx/include/cwchar:132:9: error: ‘fwide’ has not been declared in ‘::’
  132 | using ::fwide;
      |         ^~~~~
/home/abc/nhat/optee_examples/eevm_minimal_ta/external/openenclave/3rdparty/libcxx/libcxx/include/cwchar:133:9: error: ‘getwc’ has not been declared in ‘::’
  133 | using ::getwc;
      |         ^~~~~
/home/abc/nhat/optee_examples/eevm_minimal_ta/external/openenclave/3rdparty/libcxx/libcxx/include/cwchar:134:9: error: ‘putwc’ has not been declared in ‘::’
  134 | using ::putwc;
      |         ^~~~~
/home/abc/nhat/optee_examples/eevm_minimal_ta/external/openenclave/3rdparty/libcxx/libcxx/include/cwchar:135:9: error: ‘ungetwc’ has not been declared in ‘::’
  135 | using ::ungetwc;
      |         ^~~~~~~
/home/abc/nhat/optee_examples/eevm_minimal_ta/external/openenclave/3rdparty/libcxx/libcxx/include/cwchar:136:9: error: ‘wcstod’ has not been declared in ‘::’
  136 | using ::wcstod;
      |         ^~~~~~
/home/abc/nhat/optee_examples/eevm_minimal_ta/external/openenclave/3rdparty/libcxx/libcxx/include/cwchar:137:9: error: ‘wcstof’ has not been declared in ‘::’
  137 | using ::wcstof;
      |         ^~~~~~
/home/abc/nhat/optee_examples/eevm_minimal_ta/external/openenclave/3rdparty/libcxx/libcxx/include/cwchar:138:9: error: ‘wcstold’ has not been declared in ‘::’
  138 | using ::wcstold;
      |         ^~~~~~~
/home/abc/nhat/optee_examples/eevm_minimal_ta/external/openenclave/3rdparty/libcxx/libcxx/include/cwchar:139:9: error: ‘wcstol’ has not been declared in ‘::’
  139 | using ::wcstol;
      |         ^~~~~~
/home/abc/nhat/optee_examples/eevm_minimal_ta/external/openenclave/3rdparty/libcxx/libcxx/include/cwchar:141:9: error: ‘wcstoll’ has not been declared in ‘::’
  141 | using ::wcstoll;
      |         ^~~~~~~
/home/abc/nhat/optee_examples/eevm_minimal_ta/external/openenclave/3rdparty/libcxx/libcxx/include/cwchar:143:9: error: ‘wcstoul’ has not been declared in ‘::’
  143 | using ::wcstoul;
      |         ^~~~~~~
/home/abc/nhat/optee_examples/eevm_minimal_ta/external/openenclave/3rdparty/libcxx/libcxx/include/cwchar:145:9: error: ‘wcstoull’ has not been declared in ‘::’
  145 | using ::wcstoull;
      |         ^~~~~~~~
/home/abc/nhat/optee_examples/eevm_minimal_ta/external/openenclave/3rdparty/libcxx/libcxx/include/cwchar:147:9: error: ‘wcscpy’ has not been declared in ‘::’
  147 | using ::wcscpy;
      |         ^~~~~~
/home/abc/nhat/optee_examples/eevm_minimal_ta/external/openenclave/3rdparty/libcxx/libcxx/include/cwchar:148:9: error: ‘wcsncpy’ has not been declared in ‘::’
  148 | using ::wcsncpy;
      |         ^~~~~~~
/home/abc/nhat/optee_examples/eevm_minimal_ta/external/openenclave/3rdparty/libcxx/libcxx/include/cwchar:149:9: error: ‘wcscat’ has not been declared in ‘::’
  149 | using ::wcscat;
      |         ^~~~~~
/home/abc/nhat/optee_examples/eevm_minimal_ta/external/openenclave/3rdparty/libcxx/libcxx/include/cwchar:150:9: error: ‘wcsncat’ has not been declared in ‘::’
  150 | using ::wcsncat;
      |         ^~~~~~~
/home/abc/nhat/optee_examples/eevm_minimal_ta/external/openenclave/3rdparty/libcxx/libcxx/include/cwchar:151:9: error: ‘wcscmp’ has not been declared in ‘::’
  151 | using ::wcscmp;
      |         ^~~~~~
/home/abc/nhat/optee_examples/eevm_minimal_ta/external/openenclave/3rdparty/libcxx/libcxx/include/cwchar:152:9: error: ‘wcscoll’ has not been declared in ‘::’
  152 | using ::wcscoll;
      |         ^~~~~~~
/home/abc/nhat/optee_examples/eevm_minimal_ta/external/openenclave/3rdparty/libcxx/libcxx/include/cwchar:153:9: error: ‘wcsncmp’ has not been declared in ‘::’
  153 | using ::wcsncmp;
      |         ^~~~~~~
/home/abc/nhat/optee_examples/eevm_minimal_ta/external/openenclave/3rdparty/libcxx/libcxx/include/cwchar:154:9: error: ‘wcsxfrm’ has not been declared in ‘::’
  154 | using ::wcsxfrm;
      |         ^~~~~~~
/home/abc/nhat/optee_examples/eevm_minimal_ta/external/openenclave/3rdparty/libcxx/libcxx/include/cwchar:155:9: error: ‘wcschr’ has not been declared in ‘::’
  155 | using ::wcschr;
      |         ^~~~~~
/home/abc/nhat/optee_examples/eevm_minimal_ta/external/openenclave/3rdparty/libcxx/libcxx/include/cwchar:156:9: error: ‘wcspbrk’ has not been declared in ‘::’
  156 | using ::wcspbrk;
      |         ^~~~~~~
/home/abc/nhat/optee_examples/eevm_minimal_ta/external/openenclave/3rdparty/libcxx/libcxx/include/cwchar:157:9: error: ‘wcsrchr’ has not been declared in ‘::’
  157 | using ::wcsrchr;
      |         ^~~~~~~
/home/abc/nhat/optee_examples/eevm_minimal_ta/external/openenclave/3rdparty/libcxx/libcxx/include/cwchar:158:9: error: ‘wcsstr’ has not been declared in ‘::’
  158 | using ::wcsstr;
      |         ^~~~~~
/home/abc/nhat/optee_examples/eevm_minimal_ta/external/openenclave/3rdparty/libcxx/libcxx/include/cwchar:159:9: error: ‘wmemchr’ has not been declared in ‘::’
  159 | using ::wmemchr;
      |         ^~~~~~~
/home/abc/nhat/optee_examples/eevm_minimal_ta/external/openenclave/3rdparty/libcxx/libcxx/include/cwchar:160:9: error: ‘wcscspn’ has not been declared in ‘::’
  160 | using ::wcscspn;
      |         ^~~~~~~
/home/abc/nhat/optee_examples/eevm_minimal_ta/external/openenclave/3rdparty/libcxx/libcxx/include/cwchar:161:9: error: ‘wcslen’ has not been declared in ‘::’
  161 | using ::wcslen;
      |         ^~~~~~
/home/abc/nhat/optee_examples/eevm_minimal_ta/external/openenclave/3rdparty/libcxx/libcxx/include/cwchar:162:9: error: ‘wcsspn’ has not been declared in ‘::’
  162 | using ::wcsspn;
      |         ^~~~~~
/home/abc/nhat/optee_examples/eevm_minimal_ta/external/openenclave/3rdparty/libcxx/libcxx/include/cwchar:163:9: error: ‘wcstok’ has not been declared in ‘::’
  163 | using ::wcstok;
      |         ^~~~~~
/home/abc/nhat/optee_examples/eevm_minimal_ta/external/openenclave/3rdparty/libcxx/libcxx/include/cwchar:164:9: error: ‘wmemcmp’ has not been declared in ‘::’
  164 | using ::wmemcmp;
      |         ^~~~~~~
/home/abc/nhat/optee_examples/eevm_minimal_ta/external/openenclave/3rdparty/libcxx/libcxx/include/cwchar:165:9: error: ‘wmemcpy’ has not been declared in ‘::’
  165 | using ::wmemcpy;
      |         ^~~~~~~
/home/abc/nhat/optee_examples/eevm_minimal_ta/external/openenclave/3rdparty/libcxx/libcxx/include/cwchar:166:9: error: ‘wmemmove’ has not been declared in ‘::’
  166 | using ::wmemmove;
      |         ^~~~~~~~
/home/abc/nhat/optee_examples/eevm_minimal_ta/external/openenclave/3rdparty/libcxx/libcxx/include/cwchar:167:9: error: ‘wmemset’ has not been declared in ‘::’
  167 | using ::wmemset;
      |         ^~~~~~~
/home/abc/nhat/optee_examples/eevm_minimal_ta/external/openenclave/3rdparty/libcxx/libcxx/include/cwchar:168:9: error: ‘wcsftime’ has not been declared in ‘::’
  168 | using ::wcsftime;
      |         ^~~~~~~~
/home/abc/nhat/optee_examples/eevm_minimal_ta/external/openenclave/3rdparty/libcxx/libcxx/include/cwchar:169:9: error: ‘btowc’ has not been declared in ‘::’
  169 | using ::btowc;
      |         ^~~~~
/home/abc/nhat/optee_examples/eevm_minimal_ta/external/openenclave/3rdparty/libcxx/libcxx/include/cwchar:170:9: error: ‘wctob’ has not been declared in ‘::’
  170 | using ::wctob;
      |         ^~~~~
/home/abc/nhat/optee_examples/eevm_minimal_ta/external/openenclave/3rdparty/libcxx/libcxx/include/cwchar:171:9: error: ‘mbsinit’ has not been declared in ‘::’
  171 | using ::mbsinit;
      |         ^~~~~~~
/home/abc/nhat/optee_examples/eevm_minimal_ta/external/openenclave/3rdparty/libcxx/libcxx/include/cwchar:172:9: error: ‘mbrlen’ has not been declared in ‘::’
  172 | using ::mbrlen;
      |         ^~~~~~
/home/abc/nhat/optee_examples/eevm_minimal_ta/external/openenclave/3rdparty/libcxx/libcxx/include/cwchar:173:9: error: ‘mbrtowc’ has not been declared in ‘::’
  173 | using ::mbrtowc;
      |         ^~~~~~~
/home/abc/nhat/optee_examples/eevm_minimal_ta/external/openenclave/3rdparty/libcxx/libcxx/include/cwchar:174:9: error: ‘wcrtomb’ has not been declared in ‘::’
  174 | using ::wcrtomb;
      |         ^~~~~~~
/home/abc/nhat/optee_examples/eevm_minimal_ta/external/openenclave/3rdparty/libcxx/libcxx/include/cwchar:175:9: error: ‘mbsrtowcs’ has not been declared in ‘::’
  175 | using ::mbsrtowcs;
      |         ^~~~~~~~~
/home/abc/nhat/optee_examples/eevm_minimal_ta/external/openenclave/3rdparty/libcxx/libcxx/include/cwchar:176:9: error: ‘wcsrtombs’ has not been declared in ‘::’
  176 | using ::wcsrtombs;
      |         ^~~~~~~~~
/home/abc/nhat/optee_examples/eevm_minimal_ta/external/openenclave/3rdparty/libcxx/libcxx/include/cwchar:179:9: error: ‘getwchar’ has not been declared in ‘::’
  179 | using ::getwchar;
      |         ^~~~~~~~
/home/abc/nhat/optee_examples/eevm_minimal_ta/external/openenclave/3rdparty/libcxx/libcxx/include/cwchar:180:9: error: ‘vwscanf’ has not been declared in ‘::’
  180 | using ::vwscanf;
      |         ^~~~~~~
/home/abc/nhat/optee_examples/eevm_minimal_ta/external/openenclave/3rdparty/libcxx/libcxx/include/cwchar:181:9: error: ‘wscanf’ has not been declared in ‘::’
  181 | using ::wscanf;
      |         ^~~~~~
/home/abc/nhat/optee_examples/eevm_minimal_ta/external/openenclave/3rdparty/libcxx/libcxx/include/cwchar:185:9: error: ‘putwchar’ has not been declared in ‘::’
  185 | using ::putwchar;
      |         ^~~~~~~~
/home/abc/nhat/optee_examples/eevm_minimal_ta/external/openenclave/3rdparty/libcxx/libcxx/include/cwchar:186:9: error: ‘vwprintf’ has not been declared in ‘::’
  186 | using ::vwprintf;
      |         ^~~~~~~~
/home/abc/nhat/optee_examples/eevm_minimal_ta/external/openenclave/3rdparty/libcxx/libcxx/include/cwchar:187:9: error: ‘wprintf’ has not been declared in ‘::’
  187 | using ::wprintf;
      |         ^~~~~~~
In file included from /home/abc/nhat/optee_examples/eevm_minimal_ta/external/openenclave/3rdparty/libcxx/libcxx/include/errno.h:31,
                 from /home/abc/nhat/optee_examples/eevm_minimal_ta/external/openenclave/3rdparty/libcxx/libcxx/include/cerrno:26,
                 from /home/abc/nhat/optee_examples/eevm_minimal_ta/external/openenclave/3rdparty/libcxx/libcxx/include/__errc:104,
                 from /home/abc/nhat/optee_examples/eevm_minimal_ta/external/openenclave/3rdparty/libcxx/libcxx/include/charconv:76,
                 from /home/abc/nhat/optee_examples/eevm_minimal_ta/external/openenclave/3rdparty/libcxx/libcxx/src/string.cpp:10:
/home/abc/arm-toolchain/aarch64-none-linux-gnu/libc/usr/include/errno.h:34:1: error: ‘__BEGIN_DECLS’ does not name a type
   34 | __BEGIN_DECLS
      | ^~~~~~~~~~~~~
/home/abc/arm-toolchain/aarch64-none-linux-gnu/libc/usr/include/errno.h:52:1: error: ‘__END_DECLS’ does not name a type
   52 | __END_DECLS
      | ^~~~~~~~~~~
/home/abc/nhat/optee_examples/eevm_minimal_ta/external/openenclave/3rdparty/libcxx/libcxx/include/charconv:112:5: error: ‘errc’ does not name a type
  112 |     errc ec;
      |     ^~~~
/home/abc/nhat/optee_examples/eevm_minimal_ta/external/openenclave/3rdparty/libcxx/libcxx/include/charconv:118:5: error: ‘errc’ does not name a type
  118 |     errc ec;
      |     ^~~~
/home/abc/nhat/optee_examples/eevm_minimal_ta/external/openenclave/3rdparty/libcxx/libcxx/include/charconv: In function ‘bool std::__1::__itoa::__mul_overflowed(unsigned char, _Tp, unsigned char&)’:
/home/abc/nhat/optee_examples/eevm_minimal_ta/external/openenclave/3rdparty/libcxx/libcxx/include/charconv:206:19: error: ‘numeric_limits’ was not declared in this scope
  206 |     return __c > (numeric_limits<unsigned char>::max)();
      |                   ^~~~~~~~~~~~~~
/home/abc/nhat/optee_examples/eevm_minimal_ta/external/openenclave/3rdparty/libcxx/libcxx/include/charconv:206:34: error: expected primary-expression before ‘unsigned’
  206 |     return __c > (numeric_limits<unsigned char>::max)();
      |                                  ^~~~~~~~
/home/abc/nhat/optee_examples/eevm_minimal_ta/external/openenclave/3rdparty/libcxx/libcxx/include/charconv:206:34: error: expected ‘)’ before ‘unsigned’
  206 |     return __c > (numeric_limits<unsigned char>::max)();
      |                  ~               ^~~~~~~~
      |                                  )
/home/abc/nhat/optee_examples/eevm_minimal_ta/external/openenclave/3rdparty/libcxx/libcxx/include/charconv: In function ‘bool std::__1::__itoa::__mul_overflowed(short unsigned int, _Tp, short unsigned int&)’:
/home/abc/nhat/optee_examples/eevm_minimal_ta/external/openenclave/3rdparty/libcxx/libcxx/include/charconv:215:19: error: ‘numeric_limits’ was not declared in this scope
  215 |     return __c > (numeric_limits<unsigned short>::max)();
      |                   ^~~~~~~~~~~~~~
/home/abc/nhat/optee_examples/eevm_minimal_ta/external/openenclave/3rdparty/libcxx/libcxx/include/charconv:215:34: error: expected primary-expression before ‘unsigned’
  215 |     return __c > (numeric_limits<unsigned short>::max)();
      |                                  ^~~~~~~~
/home/abc/nhat/optee_examples/eevm_minimal_ta/external/openenclave/3rdparty/libcxx/libcxx/include/charconv:215:34: error: expected ‘)’ before ‘unsigned’
  215 |     return __c > (numeric_limits<unsigned short>::max)();
      |                  ~               ^~~~~~~~
      |                                  )
/home/abc/nhat/optee_examples/eevm_minimal_ta/external/openenclave/3rdparty/libcxx/libcxx/include/charconv: At global scope:
/home/abc/nhat/optee_examples/eevm_minimal_ta/external/openenclave/3rdparty/libcxx/libcxx/include/charconv:242:43: error: ‘numeric_limits’ was not declared in this scope
  242 |     static _LIBCPP_CONSTEXPR int digits = numeric_limits<_Tp>::digits10 + 1;
      |                                           ^~~~~~~~~~~~~~
/home/abc/nhat/optee_examples/eevm_minimal_ta/external/openenclave/3rdparty/libcxx/libcxx/include/charconv:242:61: error: expected primary-expression before ‘>’ token
  242 |     static _LIBCPP_CONSTEXPR int digits = numeric_limits<_Tp>::digits10 + 1;
      |                                                             ^
/home/abc/nhat/optee_examples/eevm_minimal_ta/external/openenclave/3rdparty/libcxx/libcxx/include/charconv:242:64: error: ‘::digits10’ has not been declared
  242 |     static _LIBCPP_CONSTEXPR int digits = numeric_limits<_Tp>::digits10 + 1;
      |                                                                ^~~~~~~~
/home/abc/nhat/optee_examples/eevm_minimal_ta/external/openenclave/3rdparty/libcxx/libcxx/include/charconv: In static member function ‘static const char* std::__1::__itoa::__traits<_Tp>::__read(const char*, const char*, typename std::__1::__itoa::__traits_base<_Tp>::type&, typename std::__1::__itoa::__traits_base<_Tp>::type&)’:
/home/abc/nhat/optee_examples/eevm_minimal_ta/external/openenclave/3rdparty/libcxx/libcxx/include/charconv:250:22: error: size of array ‘__cprod’ is not an integral constant-expression
  250 |         type __cprod[digits];
      |                      ^~~~~~
/home/abc/nhat/optee_examples/eevm_minimal_ta/external/openenclave/3rdparty/libcxx/libcxx/include/charconv: In function ‘std::__1::to_chars_result std::__1::__to_chars_itoa(char*, char*, _Tp, false_type)’:
/home/abc/nhat/optee_examples/eevm_minimal_ta/external/openenclave/3rdparty/libcxx/libcxx/include/charconv:317:52: error: there are no arguments to ‘errc’ that depend on a template parameter, so a declaration of ‘errc’ must be available [-fpermissive]
  317 |         return {__tx::__convert(__value, __first), errc(0)};
      |                                                    ^~~~
/home/abc/nhat/optee_examples/eevm_minimal_ta/external/openenclave/3rdparty/libcxx/libcxx/include/charconv:317:52: note: (if you use ‘-fpermissive’, G++ will accept your code, but allowing the use of an undeclared name is deprecated)
/home/abc/nhat/optee_examples/eevm_minimal_ta/external/openenclave/3rdparty/libcxx/libcxx/include/charconv:319:25: error: ‘errc’ has not been declared
  319 |         return {__last, errc::value_too_large};
      |                         ^~~~
/home/abc/nhat/optee_examples/eevm_minimal_ta/external/openenclave/3rdparty/libcxx/libcxx/include/charconv:319:46: error: could not convert ‘{__last, <expression error>}’ from ‘<brace-enclosed initializer list>’ to ‘std::__1::to_chars_result’
  319 |         return {__last, errc::value_too_large};
      |                                              ^
      |                                              |
      |                                              <brace-enclosed initializer list>
/home/abc/nhat/optee_examples/eevm_minimal_ta/external/openenclave/3rdparty/libcxx/libcxx/include/charconv: In function ‘std::__1::to_chars_result std::__1::__to_chars_integral(char*, char*, _Tp, int, false_type)’:
/home/abc/nhat/optee_examples/eevm_minimal_ta/external/openenclave/3rdparty/libcxx/libcxx/include/charconv:374:25: error: ‘errc’ has not been declared
  374 |         return {__last, errc::value_too_large};
      |                         ^~~~
/home/abc/nhat/optee_examples/eevm_minimal_ta/external/openenclave/3rdparty/libcxx/libcxx/include/charconv:374:46: error: could not convert ‘{__last, <expression error>}’ from ‘<brace-enclosed initializer list>’ to ‘std::__1::to_chars_result’
  374 |         return {__last, errc::value_too_large};
      |                                              ^
      |                                              |
      |                                              <brace-enclosed initializer list>
/home/abc/nhat/optee_examples/eevm_minimal_ta/external/openenclave/3rdparty/libcxx/libcxx/include/charconv:378:36: error: could not convert ‘{(__first + __len), <brace-enclosed initializer list>()}’ from ‘<brace-enclosed initializer list>’ to ‘std::__1::to_chars_result’
  378 |         return {__first + __len, {}};
      |                                    ^
      |                                    |
      |                                    <brace-enclosed initializer list>
/home/abc/nhat/optee_examples/eevm_minimal_ta/external/openenclave/3rdparty/libcxx/libcxx/include/charconv: In function ‘std::__1::from_chars_result std::__1::__sign_combinator(_It, _It, _Tp&, _Fn, _Ts ...)’:
/home/abc/nhat/optee_examples/eevm_minimal_ta/external/openenclave/3rdparty/libcxx/libcxx/include/charconv:402:18: error: ‘numeric_limits’ does not name a type
  402 |     using __tl = numeric_limits<_Tp>;
      |                  ^~~~~~~~~~~~~~
/home/abc/nhat/optee_examples/eevm_minimal_ta/external/openenclave/3rdparty/libcxx/libcxx/include/charconv:409:10: error: ‘errc’ has not been declared
  409 |     case errc::invalid_argument:
      |          ^~~~
/home/abc/nhat/optee_examples/eevm_minimal_ta/external/openenclave/3rdparty/libcxx/libcxx/include/charconv:411:10: error: ‘errc’ has not been declared
  411 |     case errc::result_out_of_range:
      |          ^~~~
/home/abc/nhat/optee_examples/eevm_minimal_ta/external/openenclave/3rdparty/libcxx/libcxx/include/charconv:419:47: error: ‘__tl’ has not been declared
  419 |         if (__x <= __complement(__to_unsigned(__tl::min())))
      |                                               ^~~~
/home/abc/nhat/optee_examples/eevm_minimal_ta/external/openenclave/3rdparty/libcxx/libcxx/include/charconv:428:21: error: ‘__tl’ has not been declared
  428 |         if (__x <= (__tl::max)())
      |                     ^~~~
/home/abc/nhat/optee_examples/eevm_minimal_ta/external/openenclave/3rdparty/libcxx/libcxx/include/charconv:435:22: error: ‘errc’ has not been declared
  435 |     return {__r.ptr, errc::result_out_of_range};
      |                      ^~~~
/home/abc/nhat/optee_examples/eevm_minimal_ta/external/openenclave/3rdparty/libcxx/libcxx/include/charconv: In function ‘std::__1::from_chars_result std::__1::__subject_seq_combinator(_It, _It, _Tp&, _Fn, _Ts ...)’:
/home/abc/nhat/optee_examples/eevm_minimal_ta/external/openenclave/3rdparty/libcxx/libcxx/include/charconv:483:30: error: ‘errc’ has not been declared
  483 |             return {__first, errc::invalid_argument};
      |                              ^~~~
/home/abc/nhat/optee_examples/eevm_minimal_ta/external/openenclave/3rdparty/libcxx/libcxx/include/charconv:492:19: error: ‘errc’ has not been declared
  492 |     if (__r.ec == errc::result_out_of_range)
      |                   ^~~~
/home/abc/nhat/optee_examples/eevm_minimal_ta/external/openenclave/3rdparty/libcxx/libcxx/include/charconv: In lambda function:
/home/abc/nhat/optee_examples/eevm_minimal_ta/external/openenclave/3rdparty/libcxx/libcxx/include/charconv:519:38: error: ‘numeric_limits’ was not declared in this scope
  519 |                 __output_type __m = (numeric_limits<_Tp>::max)();
      |                                      ^~~~~~~~~~~~~~
/home/abc/nhat/optee_examples/eevm_minimal_ta/external/openenclave/3rdparty/libcxx/libcxx/include/charconv:519:56: error: expected primary-expression before ‘>’ token
  519 |                 __output_type __m = (numeric_limits<_Tp>::max)();
      |                                                        ^
/home/abc/nhat/optee_examples/eevm_minimal_ta/external/openenclave/3rdparty/libcxx/libcxx/include/charconv:519:59: error: ‘::max’ has not been declared; did you mean ‘std::__1::max’?
  519 |                 __output_type __m = (numeric_limits<_Tp>::max)();
      |                                                           ^~~
      |                                                           std::__1::max
/home/abc/nhat/optee_examples/eevm_minimal_ta/external/openenclave/3rdparty/libcxx/libcxx/include/algorithm:2653:1: note: ‘std::__1::max’ declared here
 2653 | max(initializer_list<_Tp> __t)
      | ^~~
/home/abc/nhat/optee_examples/eevm_minimal_ta/external/openenclave/3rdparty/libcxx/libcxx/include/charconv:526:26: error: ‘errc’ has not been declared
  526 |             return {__p, errc::result_out_of_range};
      |                          ^~~~
/home/abc/nhat/optee_examples/eevm_minimal_ta/external/openenclave/3rdparty/libcxx/libcxx/include/charconv: In lambda function:
/home/abc/nhat/optee_examples/eevm_minimal_ta/external/openenclave/3rdparty/libcxx/libcxx/include/charconv:550:26: error: ‘numeric_limits’ does not name a type
  550 |             using __tl = numeric_limits<_Tp>;
      |                          ^~~~~~~~~~~~~~
/home/abc/nhat/optee_examples/eevm_minimal_ta/external/openenclave/3rdparty/libcxx/libcxx/include/charconv:551:29: error: ‘__tl’ has not been declared
  551 |             auto __digits = __tl::digits / log2f(float(__base));
      |                             ^~~~
/home/abc/nhat/optee_examples/eevm_minimal_ta/external/openenclave/3rdparty/libcxx/libcxx/include/charconv:551:44: error: there are no arguments to ‘log2f’ that depend on a template parameter, so a declaration of ‘log2f’ must be available [-fpermissive]
  551 |             auto __digits = __tl::digits / log2f(float(__base));
      |                                            ^~~~~
/home/abc/nhat/optee_examples/eevm_minimal_ta/external/openenclave/3rdparty/libcxx/libcxx/include/charconv:574:22: error: ‘__tl’ has not been declared
  574 |                 if ((__tl::max)() - __a >= __b)
      |                      ^~~~
/home/abc/nhat/optee_examples/eevm_minimal_ta/external/openenclave/3rdparty/libcxx/libcxx/include/charconv:577:36: error: could not convert ‘{__p, <brace-enclosed initializer list>()}’ from ‘<brace-enclosed initializer list>’ to ‘std::__1::from_chars_result’
  577 |                     return {__p, {}};
      |                                    ^
      |                                    |
      |                                    <brace-enclosed initializer list>
/home/abc/nhat/optee_examples/eevm_minimal_ta/external/openenclave/3rdparty/libcxx/libcxx/include/charconv:580:26: error: ‘errc’ has not been declared
  580 |             return {__p, errc::result_out_of_range};
      |                          ^~~~
/home/abc/nhat/optee_examples/eevm_minimal_ta/external/openenclave/3rdparty/libcxx/libcxx/include/charconv:580:51: error: could not convert ‘{__p, <expression error>}’ from ‘<brace-enclosed initializer list>’ to ‘std::__1::from_chars_result’
  580 |             return {__p, errc::result_out_of_range};
      |                                                   ^
      |                                                   |
      |                                                   <brace-enclosed initializer list>
/home/abc/nhat/optee_examples/eevm_minimal_ta/external/openenclave/3rdparty/libcxx/libcxx/src/string.cpp: In function ‘void std::__1::{anonymous}::throw_helper(const std::__1::string&)’:
/home/abc/nhat/optee_examples/eevm_minimal_ta/external/openenclave/3rdparty/libcxx/libcxx/src/string.cpp:40:5: error: there are no arguments to ‘fprintf’ that depend on a template parameter, so a declaration of ‘fprintf’ must be available [-fpermissive]
   40 |     fprintf(stderr, "%s\n", msg.c_str());
      |     ^~~~~~~
/home/abc/nhat/optee_examples/eevm_minimal_ta/external/openenclave/3rdparty/libcxx/libcxx/src/string.cpp: In function ‘V std::__1::{anonymous}::as_integer_helper(const std::__1::string&, const S&, size_t*, int, F)’:
/home/abc/nhat/optee_examples/eevm_minimal_ta/external/openenclave/3rdparty/libcxx/libcxx/src/string.cpp:66:40: error: there are no arguments to ‘__errno_location’ that depend on a template parameter, so a declaration of ‘__errno_location’ must be available [-fpermissive]
   66 |     typename remove_reference<decltype(errno)>::type errno_save = errno;
      |                                        ^~~~~
/home/abc/nhat/optee_examples/eevm_minimal_ta/external/openenclave/3rdparty/libcxx/libcxx/src/string.cpp:66:40: error: there are no arguments to ‘__errno_location’ that depend on a template parameter, so a declaration of ‘__errno_location’ must be available [-fpermissive]
/home/abc/nhat/optee_examples/eevm_minimal_ta/external/openenclave/3rdparty/libcxx/libcxx/src/string.cpp:66:67: error: there are no arguments to ‘__errno_location’ that depend on a template parameter, so a declaration of ‘__errno_location’ must be available [-fpermissive]
   66 |     typename remove_reference<decltype(errno)>::type errno_save = errno;
      |                                                                   ^~~~~
/home/abc/nhat/optee_examples/eevm_minimal_ta/external/openenclave/3rdparty/libcxx/libcxx/src/string.cpp:67:5: error: there are no arguments to ‘__errno_location’ that depend on a template parameter, so a declaration of ‘__errno_location’ must be available [-fpermissive]
   67 |     errno = 0;
      |     ^~~~~
/home/abc/nhat/optee_examples/eevm_minimal_ta/external/openenclave/3rdparty/libcxx/libcxx/src/string.cpp:69:10: error: there are no arguments to ‘__errno_location’ that depend on a template parameter, so a declaration of ‘__errno_location’ must be available [-fpermissive]
   69 |     swap(errno, errno_save);
      |          ^~~~~
/home/abc/nhat/optee_examples/eevm_minimal_ta/external/openenclave/3rdparty/libcxx/libcxx/src/string.cpp: In function ‘V std::__1::{anonymous}::as_integer(const std::__1::string&, const S&, size_t*, int) [with V = int; S = std::__1::basic_string<char, std::__1::char_traits<char>, std::__1::allocator<char> >; std::__1::string = std::__1::basic_string<char, std::__1::char_traits<char>, std::__1::allocator<char> >; size_t = long unsigned int]’:
/home/abc/nhat/optee_examples/eevm_minimal_ta/external/openenclave/3rdparty/libcxx/libcxx/src/string.cpp:91:59: error: ‘strtol’ was not declared in this scope; did you mean ‘stol’?
   91 |     long r = as_integer_helper<long>( func, s, idx, base, strtol );
      |                                                           ^~~~~~
      |                                                           stol
/home/abc/nhat/optee_examples/eevm_minimal_ta/external/openenclave/3rdparty/libcxx/libcxx/src/string.cpp:92:13: error: ‘numeric_limits’ was not declared in this scope
   92 |     if (r < numeric_limits<int>::min() || numeric_limits<int>::max() < r)
      |             ^~~~~~~~~~~~~~
/home/abc/nhat/optee_examples/eevm_minimal_ta/external/openenclave/3rdparty/libcxx/libcxx/src/string.cpp:92:28: error: expected primary-expression before ‘int’
   92 |     if (r < numeric_limits<int>::min() || numeric_limits<int>::max() < r)
      |                            ^~~
/home/abc/nhat/optee_examples/eevm_minimal_ta/external/openenclave/3rdparty/libcxx/libcxx/src/string.cpp:92:28: error: expected ‘)’ before ‘int’
   92 |     if (r < numeric_limits<int>::min() || numeric_limits<int>::max() < r)
      |        ~                   ^~~
      |                            )
/home/abc/nhat/optee_examples/eevm_minimal_ta/external/openenclave/3rdparty/libcxx/libcxx/src/string.cpp: In function ‘V std::__1::{anonymous}::as_integer(const std::__1::string&, const S&, size_t*, int) [with V = long int; S = std::__1::basic_string<char, std::__1::char_traits<char>, std::__1::allocator<char> >; std::__1::string = std::__1::basic_string<char, std::__1::char_traits<char>, std::__1::allocator<char> >; size_t = long unsigned int]’:
/home/abc/nhat/optee_examples/eevm_minimal_ta/external/openenclave/3rdparty/libcxx/libcxx/src/string.cpp:102:57: error: ‘strtol’ was not declared in this scope; did you mean ‘stol’?
  102 |     return as_integer_helper<long>( func, s, idx, base, strtol );
      |                                                         ^~~~~~
      |                                                         stol
/home/abc/nhat/optee_examples/eevm_minimal_ta/external/openenclave/3rdparty/libcxx/libcxx/src/string.cpp: In function ‘V std::__1::{anonymous}::as_integer(const std::__1::string&, const S&, size_t*, int) [with V = long unsigned int; S = std::__1::basic_string<char, std::__1::char_traits<char>, std::__1::allocator<char> >; std::__1::string = std::__1::basic_string<char, std::__1::char_traits<char>, std::__1::allocator<char> >; size_t = long unsigned int]’:
/home/abc/nhat/optee_examples/eevm_minimal_ta/external/openenclave/3rdparty/libcxx/libcxx/src/string.cpp:110:66: error: ‘strtoul’ was not declared in this scope; did you mean ‘stoul’?
  110 |     return as_integer_helper<unsigned long>( func, s, idx, base, strtoul );
      |                                                                  ^~~~~~~
      |                                                                  stoul
/home/abc/nhat/optee_examples/eevm_minimal_ta/external/openenclave/3rdparty/libcxx/libcxx/src/string.cpp: In function ‘V std::__1::{anonymous}::as_integer(const std::__1::string&, const S&, size_t*, int) [with V = long long int; S = std::__1::basic_string<char, std::__1::char_traits<char>, std::__1::allocator<char> >; std::__1::string = std::__1::basic_string<char, std::__1::char_traits<char>, std::__1::allocator<char> >; size_t = long unsigned int]’:
/home/abc/nhat/optee_examples/eevm_minimal_ta/external/openenclave/3rdparty/libcxx/libcxx/src/string.cpp:118:62: error: ‘strtoll’ was not declared in this scope; did you mean ‘stoll’?
  118 |     return as_integer_helper<long long>( func, s, idx, base, strtoll );
      |                                                              ^~~~~~~
      |                                                              stoll
/home/abc/nhat/optee_examples/eevm_minimal_ta/external/openenclave/3rdparty/libcxx/libcxx/src/string.cpp: In function ‘V std::__1::{anonymous}::as_integer(const std::__1::string&, const S&, size_t*, int) [with V = long long unsigned int; S = std::__1::basic_string<char, std::__1::char_traits<char>, std::__1::allocator<char> >; std::__1::string = std::__1::basic_string<char, std::__1::char_traits<char>, std::__1::allocator<char> >; size_t = long unsigned int]’:
/home/abc/nhat/optee_examples/eevm_minimal_ta/external/openenclave/3rdparty/libcxx/libcxx/src/string.cpp:126:71: error: ‘strtoull’ was not declared in this scope; did you mean ‘stoull’?
  126 |     return as_integer_helper<unsigned long long>( func, s, idx, base, strtoull );
      |                                                                       ^~~~~~~~
      |                                                                       stoull
/home/abc/nhat/optee_examples/eevm_minimal_ta/external/openenclave/3rdparty/libcxx/libcxx/src/string.cpp: In function ‘V std::__1::{anonymous}::as_integer(const std::__1::string&, const S&, size_t*, int) [with V = int; S = std::__1::basic_string<wchar_t, std::__1::char_traits<wchar_t>, std::__1::allocator<wchar_t> >; std::__1::string = std::__1::basic_string<char, std::__1::char_traits<char>, std::__1::allocator<char> >; size_t = long unsigned int]’:
/home/abc/nhat/optee_examples/eevm_minimal_ta/external/openenclave/3rdparty/libcxx/libcxx/src/string.cpp:136:59: error: ‘wcstol’ was not declared in this scope; did you mean ‘stol’?
  136 |     long r = as_integer_helper<long>( func, s, idx, base, wcstol );
      |                                                           ^~~~~~
      |                                                           stol
/home/abc/nhat/optee_examples/eevm_minimal_ta/external/openenclave/3rdparty/libcxx/libcxx/src/string.cpp:137:13: error: ‘numeric_limits’ was not declared in this scope
  137 |     if (r < numeric_limits<int>::min() || numeric_limits<int>::max() < r)
      |             ^~~~~~~~~~~~~~
/home/abc/nhat/optee_examples/eevm_minimal_ta/external/openenclave/3rdparty/libcxx/libcxx/src/string.cpp:137:28: error: expected primary-expression before ‘int’
  137 |     if (r < numeric_limits<int>::min() || numeric_limits<int>::max() < r)
      |                            ^~~
/home/abc/nhat/optee_examples/eevm_minimal_ta/external/openenclave/3rdparty/libcxx/libcxx/src/string.cpp:137:28: error: expected ‘)’ before ‘int’
  137 |     if (r < numeric_limits<int>::min() || numeric_limits<int>::max() < r)
      |        ~                   ^~~
      |                            )
/home/abc/nhat/optee_examples/eevm_minimal_ta/external/openenclave/3rdparty/libcxx/libcxx/src/string.cpp: In function ‘V std::__1::{anonymous}::as_integer(const std::__1::string&, const S&, size_t*, int) [with V = long int; S = std::__1::basic_string<wchar_t, std::__1::char_traits<wchar_t>, std::__1::allocator<wchar_t> >; std::__1::string = std::__1::basic_string<char, std::__1::char_traits<char>, std::__1::allocator<char> >; size_t = long unsigned int]’:
/home/abc/nhat/optee_examples/eevm_minimal_ta/external/openenclave/3rdparty/libcxx/libcxx/src/string.cpp:147:57: error: ‘wcstol’ was not declared in this scope; did you mean ‘stol’?
  147 |     return as_integer_helper<long>( func, s, idx, base, wcstol );
      |                                                         ^~~~~~
      |                                                         stol
/home/abc/nhat/optee_examples/eevm_minimal_ta/external/openenclave/3rdparty/libcxx/libcxx/src/string.cpp: In function ‘V std::__1::{anonymous}::as_integer(const std::__1::string&, const S&, size_t*, int) [with V = long unsigned int; S = std::__1::basic_string<wchar_t, std::__1::char_traits<wchar_t>, std::__1::allocator<wchar_t> >; std::__1::string = std::__1::basic_string<char, std::__1::char_traits<char>, std::__1::allocator<char> >; size_t = long unsigned int]’:
/home/abc/nhat/optee_examples/eevm_minimal_ta/external/openenclave/3rdparty/libcxx/libcxx/src/string.cpp:155:66: error: ‘wcstoul’ was not declared in this scope; did you mean ‘stoul’?
  155 |     return as_integer_helper<unsigned long>( func, s, idx, base, wcstoul );
      |                                                                  ^~~~~~~
      |                                                                  stoul
/home/abc/nhat/optee_examples/eevm_minimal_ta/external/openenclave/3rdparty/libcxx/libcxx/src/string.cpp: In function ‘V std::__1::{anonymous}::as_integer(const std::__1::string&, const S&, size_t*, int) [with V = long long int; S = std::__1::basic_string<wchar_t, std::__1::char_traits<wchar_t>, std::__1::allocator<wchar_t> >; std::__1::string = std::__1::basic_string<char, std::__1::char_traits<char>, std::__1::allocator<char> >; size_t = long unsigned int]’:
/home/abc/nhat/optee_examples/eevm_minimal_ta/external/openenclave/3rdparty/libcxx/libcxx/src/string.cpp:163:62: error: ‘wcstoll’ was not declared in this scope; did you mean ‘stoll’?
  163 |     return as_integer_helper<long long>( func, s, idx, base, wcstoll );
      |                                                              ^~~~~~~
      |                                                              stoll
/home/abc/nhat/optee_examples/eevm_minimal_ta/external/openenclave/3rdparty/libcxx/libcxx/src/string.cpp: In function ‘V std::__1::{anonymous}::as_integer(const std::__1::string&, const S&, size_t*, int) [with V = long long unsigned int; S = std::__1::basic_string<wchar_t, std::__1::char_traits<wchar_t>, std::__1::allocator<wchar_t> >; std::__1::string = std::__1::basic_string<char, std::__1::char_traits<char>, std::__1::allocator<char> >; size_t = long unsigned int]’:
/home/abc/nhat/optee_examples/eevm_minimal_ta/external/openenclave/3rdparty/libcxx/libcxx/src/string.cpp:171:71: error: ‘wcstoull’ was not declared in this scope; did you mean ‘stoull’?
  171 |     return as_integer_helper<unsigned long long>( func, s, idx, base, wcstoull );
      |                                                                       ^~~~~~~~
      |                                                                       stoull
/home/abc/nhat/optee_examples/eevm_minimal_ta/external/openenclave/3rdparty/libcxx/libcxx/src/string.cpp: In function ‘V std::__1::{anonymous}::as_float_helper(const std::__1::string&, const S&, size_t*, F)’:
/home/abc/nhat/optee_examples/eevm_minimal_ta/external/openenclave/3rdparty/libcxx/libcxx/src/string.cpp:183:40: error: there are no arguments to ‘__errno_location’ that depend on a template parameter, so a declaration of ‘__errno_location’ must be available [-fpermissive]
  183 |     typename remove_reference<decltype(errno)>::type errno_save = errno;
      |                                        ^~~~~
/home/abc/nhat/optee_examples/eevm_minimal_ta/external/openenclave/3rdparty/libcxx/libcxx/src/string.cpp:183:40: error: there are no arguments to ‘__errno_location’ that depend on a template parameter, so a declaration of ‘__errno_location’ must be available [-fpermissive]
/home/abc/nhat/optee_examples/eevm_minimal_ta/external/openenclave/3rdparty/libcxx/libcxx/src/string.cpp:183:67: error: there are no arguments to ‘__errno_location’ that depend on a template parameter, so a declaration of ‘__errno_location’ must be available [-fpermissive]
  183 |     typename remove_reference<decltype(errno)>::type errno_save = errno;
      |                                                                   ^~~~~
/home/abc/nhat/optee_examples/eevm_minimal_ta/external/openenclave/3rdparty/libcxx/libcxx/src/string.cpp:184:5: error: there are no arguments to ‘__errno_location’ that depend on a template parameter, so a declaration of ‘__errno_location’ must be available [-fpermissive]
  184 |     errno = 0;
      |     ^~~~~
/home/abc/nhat/optee_examples/eevm_minimal_ta/external/openenclave/3rdparty/libcxx/libcxx/src/string.cpp:186:10: error: there are no arguments to ‘__errno_location’ that depend on a template parameter, so a declaration of ‘__errno_location’ must be available [-fpermissive]
  186 |     swap(errno, errno_save);
      |          ^~~~~
/home/abc/nhat/optee_examples/eevm_minimal_ta/external/openenclave/3rdparty/libcxx/libcxx/src/string.cpp: In function ‘V std::__1::{anonymous}::as_float(const std::__1::string&, const S&, size_t*) [with V = float; S = std::__1::basic_string<char, std::__1::char_traits<char>, std::__1::allocator<char> >; std::__1::string = std::__1::basic_string<char, std::__1::char_traits<char>, std::__1::allocator<char> >; size_t = long unsigned int]’:
/home/abc/nhat/optee_examples/eevm_minimal_ta/external/openenclave/3rdparty/libcxx/libcxx/src/string.cpp:205:50: error: ‘strtof’ was not declared in this scope; did you mean ‘stof’?
  205 |     return as_float_helper<float>( func, s, idx, strtof );
      |                                                  ^~~~~~
      |                                                  stof
/home/abc/nhat/optee_examples/eevm_minimal_ta/external/openenclave/3rdparty/libcxx/libcxx/src/string.cpp: In function ‘V std::__1::{anonymous}::as_float(const std::__1::string&, const S&, size_t*) [with V = double; S = std::__1::basic_string<char, std::__1::char_traits<char>, std::__1::allocator<char> >; std::__1::string = std::__1::basic_string<char, std::__1::char_traits<char>, std::__1::allocator<char> >; size_t = long unsigned int]’:
/home/abc/nhat/optee_examples/eevm_minimal_ta/external/openenclave/3rdparty/libcxx/libcxx/src/string.cpp:213:51: error: ‘strtod’ was not declared in this scope; did you mean ‘stod’?
  213 |     return as_float_helper<double>( func, s, idx, strtod );
      |                                                   ^~~~~~
      |                                                   stod
/home/abc/nhat/optee_examples/eevm_minimal_ta/external/openenclave/3rdparty/libcxx/libcxx/src/string.cpp: In function ‘V std::__1::{anonymous}::as_float(const std::__1::string&, const S&, size_t*) [with V = long double; S = std::__1::basic_string<char, std::__1::char_traits<char>, std::__1::allocator<char> >; std::__1::string = std::__1::basic_string<char, std::__1::char_traits<char>, std::__1::allocator<char> >; size_t = long unsigned int]’:
/home/abc/nhat/optee_examples/eevm_minimal_ta/external/openenclave/3rdparty/libcxx/libcxx/src/string.cpp:221:56: error: ‘strtold’ was not declared in this scope; did you mean ‘stold’?
  221 |     return as_float_helper<long double>( func, s, idx, strtold );
      |                                                        ^~~~~~~
      |                                                        stold
/home/abc/nhat/optee_examples/eevm_minimal_ta/external/openenclave/3rdparty/libcxx/libcxx/src/string.cpp: In function ‘V std::__1::{anonymous}::as_float(const std::__1::string&, const S&, size_t*) [with V = float; S = std::__1::basic_string<wchar_t, std::__1::char_traits<wchar_t>, std::__1::allocator<wchar_t> >; std::__1::string = std::__1::basic_string<char, std::__1::char_traits<char>, std::__1::allocator<char> >; size_t = long unsigned int]’:
/home/abc/nhat/optee_examples/eevm_minimal_ta/external/openenclave/3rdparty/libcxx/libcxx/src/string.cpp:229:50: error: ‘wcstof’ was not declared in this scope; did you mean ‘stof’?
  229 |     return as_float_helper<float>( func, s, idx, wcstof );
      |                                                  ^~~~~~
      |                                                  stof
/home/abc/nhat/optee_examples/eevm_minimal_ta/external/openenclave/3rdparty/libcxx/libcxx/src/string.cpp: In function ‘V std::__1::{anonymous}::as_float(const std::__1::string&, const S&, size_t*) [with V = double; S = std::__1::basic_string<wchar_t, std::__1::char_traits<wchar_t>, std::__1::allocator<wchar_t> >; std::__1::string = std::__1::basic_string<char, std::__1::char_traits<char>, std::__1::allocator<char> >; size_t = long unsigned int]’:
/home/abc/nhat/optee_examples/eevm_minimal_ta/external/openenclave/3rdparty/libcxx/libcxx/src/string.cpp:237:51: error: ‘wcstod’ was not declared in this scope; did you mean ‘stod’?
  237 |     return as_float_helper<double>( func, s, idx, wcstod );
      |                                                   ^~~~~~
      |                                                   stod
/home/abc/nhat/optee_examples/eevm_minimal_ta/external/openenclave/3rdparty/libcxx/libcxx/src/string.cpp: In function ‘V std::__1::{anonymous}::as_float(const std::__1::string&, const S&, size_t*) [with V = long double; S = std::__1::basic_string<wchar_t, std::__1::char_traits<wchar_t>, std::__1::allocator<wchar_t> >; std::__1::string = std::__1::basic_string<char, std::__1::char_traits<char>, std::__1::allocator<char> >; size_t = long unsigned int]’:
/home/abc/nhat/optee_examples/eevm_minimal_ta/external/openenclave/3rdparty/libcxx/libcxx/src/string.cpp:245:56: error: ‘wcstold’ was not declared in this scope; did you mean ‘stold’?
  245 |     return as_float_helper<long double>( func, s, idx, wcstold );
      |                                                        ^~~~~~~
      |                                                        stold
/home/abc/nhat/optee_examples/eevm_minimal_ta/external/openenclave/3rdparty/libcxx/libcxx/src/string.cpp: In function ‘int (* std::__1::{anonymous}::get_swprintf())(wchar_t*, size_t, const wchar_t*, ...)’:
/home/abc/nhat/optee_examples/eevm_minimal_ta/external/openenclave/3rdparty/libcxx/libcxx/src/string.cpp:414:12: error: ‘swprintf’ was not declared in this scope; did you mean ‘vprintf’?
  414 |     return swprintf;
      |            ^~~~~~~~
      |            vprintf
/home/abc/nhat/optee_examples/eevm_minimal_ta/external/openenclave/3rdparty/libcxx/libcxx/src/string.cpp: In function ‘S std::__1::{anonymous}::i_to_string(V)’:
/home/abc/nhat/optee_examples/eevm_minimal_ta/external/openenclave/3rdparty/libcxx/libcxx/src/string.cpp:426:32: error: ‘numeric_limits’ was not declared in this scope
  426 |     constexpr size_t bufsize = numeric_limits<V>::digits10 + 2;  // +1 for minus, +1 for digits10
      |                                ^~~~~~~~~~~~~~
/home/abc/nhat/optee_examples/eevm_minimal_ta/external/openenclave/3rdparty/libcxx/libcxx/src/string.cpp:426:48: error: expected primary-expression before ‘>’ token
  426 |     constexpr size_t bufsize = numeric_limits<V>::digits10 + 2;  // +1 for minus, +1 for digits10
      |                                                ^
/home/abc/nhat/optee_examples/eevm_minimal_ta/external/openenclave/3rdparty/libcxx/libcxx/src/string.cpp:426:51: error: ‘::digits10’ has not been declared
  426 |     constexpr size_t bufsize = numeric_limits<V>::digits10 + 2;  // +1 for minus, +1 for digits10
      |                                                   ^~~~~~~~
/home/abc/nhat/optee_examples/eevm_minimal_ta/external/openenclave/3rdparty/libcxx/libcxx/src/string.cpp:427:14: error: size of array ‘buf’ is not an integral constant-expression
  427 |     char buf[bufsize];
      |              ^~~~~~~
/home/abc/nhat/optee_examples/eevm_minimal_ta/external/openenclave/3rdparty/libcxx/libcxx/src/string.cpp: In function ‘std::__1::string std::__1::to_string(float)’:
/home/abc/nhat/optee_examples/eevm_minimal_ta/external/openenclave/3rdparty/libcxx/libcxx/src/string.cpp:450:56: error: ‘snprintf’ was not declared in this scope
  450 | string  to_string (float val)       { return as_string(snprintf,       initial_string< string>()(),   "%f", val); }
      |                                                        ^~~~~~~~
/home/abc/nhat/optee_examples/eevm_minimal_ta/external/openenclave/3rdparty/libcxx/libcxx/src/string.cpp:17:1: note: ‘snprintf’ is defined in header ‘<cstdio>’; this is probably fixable by adding ‘#include <cstdio>’
   16 | #include <stdio.h>
  +++ |+#include <cstdio>
   17 | #include "__debug"
/home/abc/nhat/optee_examples/eevm_minimal_ta/external/openenclave/3rdparty/libcxx/libcxx/src/string.cpp: In function ‘std::__1::string std::__1::to_string(double)’:
/home/abc/nhat/optee_examples/eevm_minimal_ta/external/openenclave/3rdparty/libcxx/libcxx/src/string.cpp:451:56: error: ‘snprintf’ was not declared in this scope
  451 | string  to_string (double val)      { return as_string(snprintf,       initial_string< string>()(),   "%f", val); }
      |                                                        ^~~~~~~~
/home/abc/nhat/optee_examples/eevm_minimal_ta/external/openenclave/3rdparty/libcxx/libcxx/src/string.cpp:451:56: note: ‘snprintf’ is defined in header ‘<cstdio>’; this is probably fixable by adding ‘#include <cstdio>’
/home/abc/nhat/optee_examples/eevm_minimal_ta/external/openenclave/3rdparty/libcxx/libcxx/src/string.cpp: In function ‘std::__1::string std::__1::to_string(long double)’:
/home/abc/nhat/optee_examples/eevm_minimal_ta/external/openenclave/3rdparty/libcxx/libcxx/src/string.cpp:452:56: error: ‘snprintf’ was not declared in this scope
  452 | string  to_string (long double val) { return as_string(snprintf,       initial_string< string>()(),  "%Lf", val); }
      |                                                        ^~~~~~~~
/home/abc/nhat/optee_examples/eevm_minimal_ta/external/openenclave/3rdparty/libcxx/libcxx/src/string.cpp:452:56: note: ‘snprintf’ is defined in header ‘<cstdio>’; this is probably fixable by adding ‘#include <cstdio>’
/home/abc/nhat/optee_examples/eevm_minimal_ta/external/openenclave/3rdparty/libcxx/libcxx/src/string.cpp: In instantiation of ‘void std::__1::{anonymous}::throw_helper(const std::__1::string&) [with T = std::out_of_range; std::__1::string = std::__1::basic_string<char, std::__1::char_traits<char>, std::__1::allocator<char> >]’:
/home/abc/nhat/optee_examples/eevm_minimal_ta/external/openenclave/3rdparty/libcxx/libcxx/src/string.cpp:48:31:   required from here
   48 |     throw_helper<out_of_range>(func + ": out of range");
      |     ~~~~~~~~~~~~~~~~~~~~~~~~~~^~~~~~~~~~~~~~~~~~~~~~~~~
/home/abc/nhat/optee_examples/eevm_minimal_ta/external/openenclave/3rdparty/libcxx/libcxx/src/string.cpp:40:12: error: ‘fprintf’ was not declared in this scope; did you mean ‘vprintf’?
   40 |     fprintf(stderr, "%s\n", msg.c_str());
      |     ~~~~~~~^~~~~~~~~~~~~~~~~~~~~~~~~~~~~
      |     vprintf
/home/abc/nhat/optee_examples/eevm_minimal_ta/external/openenclave/3rdparty/libcxx/libcxx/src/string.cpp: In instantiation of ‘void std::__1::{anonymous}::throw_helper(const std::__1::string&) [with T = std::invalid_argument; std::__1::string = std::__1::basic_string<char, std::__1::char_traits<char>, std::__1::allocator<char> >]’:
/home/abc/nhat/optee_examples/eevm_minimal_ta/external/openenclave/3rdparty/libcxx/libcxx/src/string.cpp:54:35:   required from here
   54 |     throw_helper<invalid_argument>(func + ": no conversion");
      |     ~~~~~~~~~~~~~~~~~~~~~~~~~~~~~~^~~~~~~~~~~~~~~~~~~~~~~~~~
/home/abc/nhat/optee_examples/eevm_minimal_ta/external/openenclave/3rdparty/libcxx/libcxx/src/string.cpp:40:12: error: ‘fprintf’ was not declared in this scope; did you mean ‘vprintf’?
   40 |     fprintf(stderr, "%s\n", msg.c_str());
      |     ~~~~~~~^~~~~~~~~~~~~~~~~~~~~~~~~~~~~
      |     vprintf
/home/abc/nhat/optee_examples/eevm_minimal_ta/external/openenclave/3rdparty/libcxx/libcxx/include/charconv: In instantiation of ‘std::__1::to_chars_result std::__1::__to_chars_itoa(char*, char*, _Tp, false_type) [with _Tp = unsigned int; false_type = integral_constant<bool, false>]’:
/home/abc/nhat/optee_examples/eevm_minimal_ta/external/openenclave/3rdparty/libcxx/libcxx/include/charconv:386:27:   required from ‘std::__1::to_chars_result std::__1::to_chars(char*, char*, _Tp) [with _Tp = unsigned int; typename enable_if<is_integral<_Tp>::value, int>::type <anonymous> = 0]’
  386 |     return __to_chars_itoa(__first, __last, __value, is_signed<_Tp>());
      |            ~~~~~~~~~~~~~~~^~~~~~~~~~~~~~~~~~~~~~~~~~~~~~~~~~~~~~~~~~~~
/home/abc/nhat/optee_examples/eevm_minimal_ta/external/openenclave/3rdparty/libcxx/libcxx/src/string.cpp:428:30:   required from ‘S std::__1::{anonymous}::i_to_string(V) [with S = std::__1::basic_string<char, std::__1::char_traits<char>, std::__1::allocator<char> >; V = unsigned int]’
  428 |     const auto res = to_chars(buf, buf + bufsize, v);
      |                      ~~~~~~~~^~~~~~~~~~~~~~~~~~~~~~~
/home/abc/nhat/optee_examples/eevm_minimal_ta/external/openenclave/3rdparty/libcxx/libcxx/src/string.cpp:438:73:   required from here
  438 | string  to_string (unsigned val)           { return i_to_string< string>(val); }
      |                                                     ~~~~~~~~~~~~~~~~~~~~^~~~~
/home/abc/nhat/optee_examples/eevm_minimal_ta/external/openenclave/3rdparty/libcxx/libcxx/include/charconv:317:56: error: ‘errc’ was not declared in this scope
  317 |         return {__tx::__convert(__value, __first), errc(0)};
      |                                                    ~~~~^~~
/home/abc/nhat/optee_examples/eevm_minimal_ta/external/openenclave/3rdparty/libcxx/libcxx/include/charconv:317:59: error: could not convert ‘{std::__1::__itoa::__traits_base<unsigned int, void>::__convert(__value, __first), <expression error>}’ from ‘<brace-enclosed initializer list>’ to ‘std::__1::to_chars_result’
  317 |         return {__tx::__convert(__value, __first), errc(0)};
      |                                                           ^
      |                                                           |
      |                                                           <brace-enclosed initializer list>
/home/abc/nhat/optee_examples/eevm_minimal_ta/external/openenclave/3rdparty/libcxx/libcxx/include/charconv: In instantiation of ‘std::__1::to_chars_result std::__1::__to_chars_itoa(char*, char*, _Tp, false_type) [with _Tp = long unsigned int; false_type = integral_constant<bool, false>]’:
/home/abc/nhat/optee_examples/eevm_minimal_ta/external/openenclave/3rdparty/libcxx/libcxx/include/charconv:386:27:   required from ‘std::__1::to_chars_result std::__1::to_chars(char*, char*, _Tp) [with _Tp = long unsigned int; typename enable_if<is_integral<_Tp>::value, int>::type <anonymous> = 0]’
  386 |     return __to_chars_itoa(__first, __last, __value, is_signed<_Tp>());
      |            ~~~~~~~~~~~~~~~^~~~~~~~~~~~~~~~~~~~~~~~~~~~~~~~~~~~~~~~~~~~
/home/abc/nhat/optee_examples/eevm_minimal_ta/external/openenclave/3rdparty/libcxx/libcxx/src/string.cpp:428:30:   required from ‘S std::__1::{anonymous}::i_to_string(V) [with S = std::__1::basic_string<char, std::__1::char_traits<char>, std::__1::allocator<char> >; V = long unsigned int]’
  428 |     const auto res = to_chars(buf, buf + bufsize, v);
      |                      ~~~~~~~~^~~~~~~~~~~~~~~~~~~~~~~
/home/abc/nhat/optee_examples/eevm_minimal_ta/external/openenclave/3rdparty/libcxx/libcxx/src/string.cpp:439:73:   required from here
  439 | string  to_string (unsigned long val)      { return i_to_string< string>(val); }
      |                                                     ~~~~~~~~~~~~~~~~~~~~^~~~~
/home/abc/nhat/optee_examples/eevm_minimal_ta/external/openenclave/3rdparty/libcxx/libcxx/include/charconv:317:56: error: ‘errc’ was not declared in this scope
  317 |         return {__tx::__convert(__value, __first), errc(0)};
      |                                                    ~~~~^~~
/home/abc/nhat/optee_examples/eevm_minimal_ta/external/openenclave/3rdparty/libcxx/libcxx/include/charconv:317:59: error: could not convert ‘{std::__1::__itoa::__traits_base<long unsigned int, void>::__convert(__value, __first), <expression error>}’ from ‘<brace-enclosed initializer list>’ to ‘std::__1::to_chars_result’
  317 |         return {__tx::__convert(__value, __first), errc(0)};
      |                                                           ^
      |                                                           |
      |                                                           <brace-enclosed initializer list>
/home/abc/nhat/optee_examples/eevm_minimal_ta/external/openenclave/3rdparty/libcxx/libcxx/include/charconv: In instantiation of ‘std::__1::to_chars_result std::__1::__to_chars_itoa(char*, char*, _Tp, false_type) [with _Tp = long long unsigned int; false_type = integral_constant<bool, false>]’:
/home/abc/nhat/optee_examples/eevm_minimal_ta/external/openenclave/3rdparty/libcxx/libcxx/include/charconv:386:27:   required from ‘std::__1::to_chars_result std::__1::to_chars(char*, char*, _Tp) [with _Tp = long long unsigned int; typename enable_if<is_integral<_Tp>::value, int>::type <anonymous> = 0]’
  386 |     return __to_chars_itoa(__first, __last, __value, is_signed<_Tp>());
      |            ~~~~~~~~~~~~~~~^~~~~~~~~~~~~~~~~~~~~~~~~~~~~~~~~~~~~~~~~~~~
/home/abc/nhat/optee_examples/eevm_minimal_ta/external/openenclave/3rdparty/libcxx/libcxx/src/string.cpp:428:30:   required from ‘S std::__1::{anonymous}::i_to_string(V) [with S = std::__1::basic_string<char, std::__1::char_traits<char>, std::__1::allocator<char> >; V = long long unsigned int]’
  428 |     const auto res = to_chars(buf, buf + bufsize, v);
      |                      ~~~~~~~~^~~~~~~~~~~~~~~~~~~~~~~
/home/abc/nhat/optee_examples/eevm_minimal_ta/external/openenclave/3rdparty/libcxx/libcxx/src/string.cpp:440:73:   required from here
  440 | string  to_string (unsigned long long val) { return i_to_string< string>(val); }
      |                                                     ~~~~~~~~~~~~~~~~~~~~^~~~~
/home/abc/nhat/optee_examples/eevm_minimal_ta/external/openenclave/3rdparty/libcxx/libcxx/include/charconv:317:56: error: ‘errc’ was not declared in this scope
  317 |         return {__tx::__convert(__value, __first), errc(0)};
      |                                                    ~~~~^~~
/home/abc/nhat/optee_examples/eevm_minimal_ta/external/openenclave/3rdparty/libcxx/libcxx/include/charconv:317:59: error: could not convert ‘{std::__1::__itoa::__traits_base<long long unsigned int, void>::__convert(__value, __first), <expression error>}’ from ‘<brace-enclosed initializer list>’ to ‘std::__1::to_chars_result’
  317 |         return {__tx::__convert(__value, __first), errc(0)};
      |                                                           ^
      |                                                           |
      |                                                           <brace-enclosed initializer list>
