In file included from /home/abc/arm-toolchain/aarch64-none-linux-gnu/libc/usr/include/sys/time.h:32,
                 from /home/abc/arm-toolchain/aarch64-none-linux-gnu/libc/usr/include/sys/procfs.h:33,
                 from /home/abc/arm-toolchain/aarch64-none-linux-gnu/libc/usr/include/sys/ucontext.h:36,
                 from /home/abc/arm-toolchain/aarch64-none-linux-gnu/libc/usr/include/ucontext.h:29,
                 from ./include/libunwind.h:36,
                 from /home/abc/nhat/optee_examples/eevm_minimal_ta/external/openenclave/3rdparty/libunwind/libunwind/include/dwarf.h:29,
                 from /home/abc/nhat/optee_examples/eevm_minimal_ta/external/openenclave/3rdparty/libunwind/libunwind/include/dwarf_i.h:9,
                 from /home/abc/nhat/optee_examples/eevm_minimal_ta/external/openenclave/3rdparty/libunwind/libunwind/src/dwarf/global.c:26:
/home/abc/arm-toolchain/aarch64-none-linux-gnu/libc/usr/include/sys/select.h:91:14: error: expected ‘;’ before ‘extern’
   91 | __BEGIN_DECLS
      |              ^
      |              ;
......
  102 | extern int select (int __nfds, fd_set *__restrict __readfds,
      | ~~~~~~        
/home/abc/arm-toolchain/aarch64-none-linux-gnu/libc/usr/include/sys/select.h:153:1: error: unknown type name ‘__END_DECLS’
  153 | __END_DECLS
      | ^~~~~~~~~~~
/home/abc/arm-toolchain/aarch64-none-linux-gnu/libc/usr/include/sys/time.h:34:14: error: expected ‘;’ before ‘struct’
   34 | __BEGIN_DECLS
      |              ^
      |              ;
......
   52 | struct timezone
      | ~~~~~~        
/home/abc/arm-toolchain/aarch64-none-linux-gnu/libc/usr/include/sys/time.h: In function ‘gettimeofday’:
/home/abc/arm-toolchain/aarch64-none-linux-gnu/libc/usr/include/sys/time.h:68:49: error: unknown type name ‘__THROW’
   68 |                          void *__restrict __tz) __THROW __nonnull ((1));
      |                                                 ^~~~~~~
/home/abc/arm-toolchain/aarch64-none-linux-gnu/libc/usr/include/sys/time.h:68:68: error: expected declaration specifiers or ‘...’ before ‘(’ token
   68 |                          void *__restrict __tz) __THROW __nonnull ((1));
      |                                                                    ^
/home/abc/arm-toolchain/aarch64-none-linux-gnu/libc/usr/include/sys/time.h:88:6: error: expected ‘=’, ‘,’, ‘;’, ‘asm’ or ‘__attribute__’ before ‘__THROW’
   88 |      __THROW;
      |      ^~~~~~~
/home/abc/arm-toolchain/aarch64-none-linux-gnu/libc/usr/include/sys/time.h:95:49: error: expected ‘=’, ‘,’, ‘;’, ‘asm’ or ‘__attribute__’ before ‘__THROW’
   95 |                     struct timeval *__olddelta) __THROW;
      |                                                 ^~~~~~~
/home/abc/arm-toolchain/aarch64-none-linux-gnu/libc/usr/include/sys/time.h:141:29: error: storage class specified for parameter ‘__itimer_which_t’
  141 | typedef enum __itimer_which __itimer_which_t;
      |                             ^~~~~~~~~~~~~~~~
/home/abc/arm-toolchain/aarch64-none-linux-gnu/libc/usr/include/sys/time.h:149:23: error: expected declaration specifiers or ‘...’ before ‘__itimer_which_t’
  149 | extern int getitimer (__itimer_which_t __which,
      |                       ^~~~~~~~~~~~~~~~
/home/abc/arm-toolchain/aarch64-none-linux-gnu/libc/usr/include/sys/time.h:155:23: error: expected declaration specifiers or ‘...’ before ‘__itimer_which_t’
  155 | extern int setitimer (__itimer_which_t __which,
      |                       ^~~~~~~~~~~~~~~~
/home/abc/arm-toolchain/aarch64-none-linux-gnu/libc/usr/include/sys/time.h:163:6: error: expected ‘=’, ‘,’, ‘;’, ‘asm’ or ‘__attribute__’ before ‘__THROW’
  163 |      __THROW __nonnull ((1));
      |      ^~~~~~~
/home/abc/arm-toolchain/aarch64-none-linux-gnu/libc/usr/include/sys/time.h:190:6: error: expected ‘=’, ‘,’, ‘;’, ‘asm’ or ‘__attribute__’ before ‘__THROW’
  190 |      __THROW __nonnull ((1));
      |      ^~~~~~~
/home/abc/arm-toolchain/aarch64-none-linux-gnu/libc/usr/include/sys/time.h:193:62: error: expected ‘=’, ‘,’, ‘;’, ‘asm’ or ‘__attribute__’ before ‘__THROW’
  193 | extern int futimes (int __fd, const struct timeval __tvp[2]) __THROW;
      |                                                              ^~~~~~~
/home/abc/arm-toolchain/aarch64-none-linux-gnu/libc/usr/include/sys/time.h:215:54: error: expected ‘=’, ‘,’, ‘;’, ‘asm’ or ‘__attribute__’ before ‘__THROW’
  215 |                       const struct timeval __tvp[2]) __THROW;
      |                                                      ^~~~~~~
/home/abc/arm-toolchain/aarch64-none-linux-gnu/libc/usr/include/sys/time.h:258:1: error: expected declaration specifiers before ‘__END_DECLS’
  258 | __END_DECLS
      | ^~~~~~~~~~~
In file included from /home/abc/optee_os/out/arm-plat-rpi5/export-ta_arm64/include/types_ext.h:12,
                 from /home/abc/optee_os/out/arm-plat-rpi5/export-ta_arm64/include/sys/types.h:8,
                 from /home/abc/arm-toolchain/aarch64-none-linux-gnu/libc/usr/include/sys/procfs.h:34:
/home/abc/optee_os/out/arm-plat-rpi5/export-ta_arm64/include/unistd.h:15:1: error: unknown type name ‘ssize_t’; did you mean ‘size_t’?
   15 | ssize_t write(int fd, const void *buf, size_t count);
      | ^~~~~~~
      | size_t
/home/abc/optee_os/out/arm-plat-rpi5/export-ta_arm64/include/types_ext.h:14:19: error: storage class specified for parameter ‘uaddr_t’
   14 | typedef uintptr_t uaddr_t;
      |                   ^~~~~~~
/home/abc/optee_os/out/arm-plat-rpi5/export-ta_arm64/include/types_ext.h:17:19: error: storage class specified for parameter ‘vaddr_t’
   17 | typedef uintptr_t vaddr_t;
      |                   ^~~~~~~
/home/abc/optee_os/out/arm-plat-rpi5/export-ta_arm64/include/types_ext.h:29:19: error: storage class specified for parameter ‘paddr_t’
   29 | typedef uintptr_t paddr_t;
      |                   ^~~~~~~
/home/abc/optee_os/out/arm-plat-rpi5/export-ta_arm64/include/types_ext.h:30:19: error: storage class specified for parameter ‘paddr_size_t’
   30 | typedef uintptr_t paddr_size_t;
      |                   ^~~~~~~~~~~~
In file included from /home/abc/arm-toolchain/aarch64-none-linux-gnu/libc/usr/include/sys/procfs.h:40:
/home/abc/arm-toolchain/aarch64-none-linux-gnu/libc/usr/include/bits/procfs.h:25:20: error: storage class specified for parameter ‘elf_greg_t’
   25 | typedef __uint64_t elf_greg_t;
      |                    ^~~~~~~~~~
/home/abc/arm-toolchain/aarch64-none-linux-gnu/libc/usr/include/bits/procfs.h:32:20: error: expected ‘=’, ‘,’, ‘;’, ‘asm’ or ‘__attribute__’ before ‘elf_gregset_t’
   32 | typedef elf_greg_t elf_gregset_t[ELF_NGREG];
      |                    ^~~~~~~~~~~~~
/home/abc/arm-toolchain/aarch64-none-linux-gnu/libc/usr/include/bits/procfs.h:35:35: error: storage class specified for parameter ‘elf_fpregset_t’
   35 | typedef struct user_fpsimd_struct elf_fpregset_t;
      |                                   ^~~~~~~~~~~~~~
In file included from /home/abc/arm-toolchain/aarch64-none-linux-gnu/libc/usr/include/sys/procfs.h:44:
/home/abc/arm-toolchain/aarch64-none-linux-gnu/libc/usr/include/bits/procfs-id.h:24:22: error: storage class specified for parameter ‘__pr_uid_t’
   24 | typedef unsigned int __pr_uid_t;
      |                      ^~~~~~~~~~
/home/abc/arm-toolchain/aarch64-none-linux-gnu/libc/usr/include/bits/procfs-id.h:25:22: error: storage class specified for parameter ‘__pr_gid_t’
   25 | typedef unsigned int __pr_gid_t;
      |                      ^~~~~~~~~~
/home/abc/arm-toolchain/aarch64-none-linux-gnu/libc/usr/include/sys/procfs.h:46:1: error: expected declaration specifiers before ‘__BEGIN_DECLS’
   46 | __BEGIN_DECLS
      | ^~~~~~~~~~~~~
/home/abc/arm-toolchain/aarch64-none-linux-gnu/libc/usr/include/sys/procfs.h:54:4: error: expected declaration specifiers before ‘;’ token
   54 |   };
      |    ^
/home/abc/arm-toolchain/aarch64-none-linux-gnu/libc/usr/include/sys/procfs.h:65:24: error: field ‘pr_info’ has incomplete type
   65 |     struct elf_siginfo pr_info;         /* Info associated with signal.  */
      |                        ^~~~~~~
/home/abc/arm-toolchain/aarch64-none-linux-gnu/libc/usr/include/sys/procfs.h:77:5: error: unknown type name ‘elf_gregset_t’
   77 |     elf_gregset_t pr_reg;               /* GP registers.  */
      |     ^~~~~~~~~~~~~
/home/abc/arm-toolchain/aarch64-none-linux-gnu/libc/usr/include/sys/procfs.h:91:5: error: expected specifier-qualifier-list before ‘__pr_uid_t’
   91 |     __pr_uid_t pr_uid;
      |     ^~~~~~~~~~
/home/abc/arm-toolchain/aarch64-none-linux-gnu/libc/usr/include/sys/procfs.h:104:15: error: storage class specified for parameter ‘psaddr_t’
  104 | typedef void *psaddr_t;
      |               ^~~~~~~~
In file included from /home/abc/arm-toolchain/aarch64-none-linux-gnu/libc/usr/include/sys/procfs.h:106:
/home/abc/arm-toolchain/aarch64-none-linux-gnu/libc/usr/include/bits/procfs-prregset.h:24:9: error: unknown type name ‘elf_gregset_t’
   24 | typedef elf_gregset_t __prgregset_t;
      |         ^~~~~~~~~~~~~
/home/abc/arm-toolchain/aarch64-none-linux-gnu/libc/usr/include/bits/procfs-prregset.h:24:23: error: storage class specified for parameter ‘__prgregset_t’
   24 | typedef elf_gregset_t __prgregset_t;
      |                       ^~~~~~~~~~~~~
/home/abc/arm-toolchain/aarch64-none-linux-gnu/libc/usr/include/bits/procfs-prregset.h:25:24: error: expected ‘=’, ‘,’, ‘;’, ‘asm’ or ‘__attribute__’ before ‘__prfpregset_t’
   25 | typedef elf_fpregset_t __prfpregset_t;
      |                        ^~~~~~~~~~~~~~
/home/abc/arm-toolchain/aarch64-none-linux-gnu/libc/usr/include/sys/procfs.h:109:23: error: expected ‘=’, ‘,’, ‘;’, ‘asm’ or ‘__attribute__’ before ‘prgregset_t’
  109 | typedef __prgregset_t prgregset_t;
      |                       ^~~~~~~~~~~
/home/abc/arm-toolchain/aarch64-none-linux-gnu/libc/usr/include/sys/procfs.h:110:9: error: unknown type name ‘__prfpregset_t’
  110 | typedef __prfpregset_t prfpregset_t;
      |         ^~~~~~~~~~~~~~
/home/abc/arm-toolchain/aarch64-none-linux-gnu/libc/usr/include/sys/procfs.h:110:24: error: storage class specified for parameter ‘prfpregset_t’
  110 | typedef __prfpregset_t prfpregset_t;
      |                        ^~~~~~~~~~~~
/home/abc/arm-toolchain/aarch64-none-linux-gnu/libc/usr/include/sys/procfs.h:114:17: error: storage class specified for parameter ‘lwpid_t’
  114 | typedef __pid_t lwpid_t;
      |                 ^~~~~~~
/home/abc/arm-toolchain/aarch64-none-linux-gnu/libc/usr/include/sys/procfs.h:117:29: error: storage class specified for parameter ‘prstatus_t’
  117 | typedef struct elf_prstatus prstatus_t;
      |                             ^~~~~~~~~~
/home/abc/arm-toolchain/aarch64-none-linux-gnu/libc/usr/include/sys/procfs.h:118:29: error: storage class specified for parameter ‘prpsinfo_t’
  118 | typedef struct elf_prpsinfo prpsinfo_t;
      |                             ^~~~~~~~~~
/home/abc/arm-toolchain/aarch64-none-linux-gnu/libc/usr/include/sys/procfs.h:120:1: error: expected declaration specifiers before ‘__END_DECLS’
  120 | __END_DECLS
      | ^~~~~~~~~~~
/home/abc/arm-toolchain/aarch64-none-linux-gnu/libc/usr/include/sys/ucontext.h:42:9: error: unknown type name ‘elf_gregset_t’
   42 | typedef elf_gregset_t gregset_t;
      |         ^~~~~~~~~~~~~
/home/abc/arm-toolchain/aarch64-none-linux-gnu/libc/usr/include/sys/ucontext.h:42:23: error: storage class specified for parameter ‘gregset_t’
   42 | typedef elf_gregset_t gregset_t;
      |                       ^~~~~~~~~
/home/abc/arm-toolchain/aarch64-none-linux-gnu/libc/usr/include/sys/ucontext.h:45:25: error: expected ‘=’, ‘,’, ‘;’, ‘asm’ or ‘__attribute__’ before ‘fpregset_t’
   45 | typedef elf_fpregset_t  fpregset_t;
      |                         ^~~~~~~~~~
/home/abc/arm-toolchain/aarch64-none-linux-gnu/libc/usr/include/sys/ucontext.h:64:5: error: storage class specified for parameter ‘mcontext_t’
   64 |   } mcontext_t;
      |     ^~~~~~~~~~
/home/abc/arm-toolchain/aarch64-none-linux-gnu/libc/usr/include/sys/ucontext.h:73:5: error: expected specifier-qualifier-list before ‘mcontext_t’
   73 |     mcontext_t uc_mcontext;
      |     ^~~~~~~~~~
/home/abc/arm-toolchain/aarch64-none-linux-gnu/libc/usr/include/sys/ucontext.h:74:5: error: storage class specified for parameter ‘ucontext_t’
   74 |   } ucontext_t;
      |     ^~~~~~~~~~
/home/abc/arm-toolchain/aarch64-none-linux-gnu/libc/usr/include/ucontext.h:31:1: error: expected declaration specifiers before ‘__BEGIN_DECLS’
   31 | __BEGIN_DECLS
      | ^~~~~~~~~~~~~
/home/abc/arm-toolchain/aarch64-none-linux-gnu/libc/usr/include/ucontext.h:37:30: error: type defaults to ‘int’ in declaration of ‘ucontext_t’ [-Wimplicit-int]
   37 | extern int setcontext (const ucontext_t *__ucp) __THROWNL;
      |                              ^~~~~~~~~~
/home/abc/arm-toolchain/aarch64-none-linux-gnu/libc/usr/include/ucontext.h:37:41: error: expected ‘;’, ‘,’ or ‘)’ before ‘*’ token
   37 | extern int setcontext (const ucontext_t *__ucp) __THROWNL;
      |                                         ^
/home/abc/arm-toolchain/aarch64-none-linux-gnu/libc/usr/include/ucontext.h:41:25: error: expected declaration specifiers or ‘...’ before ‘ucontext_t’
   41 | extern int swapcontext (ucontext_t *__restrict __oucp,
      |                         ^~~~~~~~~~
/home/abc/arm-toolchain/aarch64-none-linux-gnu/libc/usr/include/ucontext.h:42:31: error: type defaults to ‘int’ in declaration of ‘ucontext_t’ [-Wimplicit-int]
   42 |                         const ucontext_t *__restrict __ucp)
      |                               ^~~~~~~~~~
/home/abc/arm-toolchain/aarch64-none-linux-gnu/libc/usr/include/ucontext.h:42:42: error: expected ‘;’, ‘,’ or ‘)’ before ‘*’ token
   42 |                         const ucontext_t *__restrict __ucp)
      |                                          ^
/home/abc/arm-toolchain/aarch64-none-linux-gnu/libc/usr/include/ucontext.h:51:26: error: expected declaration specifiers or ‘...’ before ‘ucontext_t’
   51 | extern void makecontext (ucontext_t *__ucp, void (*__func) (void),
      |                          ^~~~~~~~~~
/home/abc/arm-toolchain/aarch64-none-linux-gnu/libc/usr/include/ucontext.h:54:1: error: expected declaration specifiers before ‘__END_DECLS’
   54 | __END_DECLS
      | ^~~~~~~~~~~
./include/libunwind.h:52:17: error: storage class specified for parameter ‘unw_sword_t’
   52 | typedef int64_t unw_sword_t;
      |                 ^~~~~~~~~~~
./include/libunwind.h:54:21: error: storage class specified for parameter ‘unw_tdep_fpreg_t’
   54 | typedef long double unw_tdep_fpreg_t;
      |                     ^~~~~~~~~~~~~~~~
./include/libunwind.h:60:1: error: storage class specified for parameter ‘unw_tdep_proc_info_t’
   60 | unw_tdep_proc_info_t;
      | ^~~~~~~~~~~~~~~~~~~~
./include/libunwind.h:160:1: error: storage class specified for parameter ‘aarch64_regnum_t’
  160 | aarch64_regnum_t;
      | ^~~~~~~~~~~~~~~~
./include/libunwind.h:169:1: error: storage class specified for parameter ‘unw_tdep_save_loc_t’
  169 | unw_tdep_save_loc_t;
      | ^~~~~~~~~~~~~~~~~~~
./include/libunwind.h:173:20: error: expected ‘=’, ‘,’, ‘;’, ‘asm’ or ‘__attribute__’ before ‘unw_tdep_context_t’
  173 | typedef ucontext_t unw_tdep_context_t;
      |                    ^~~~~~~~~~~~~~~~~~
In file included from ./include/libunwind.h:175:
./include/libunwind-common.h:9:23: error: storage class specified for parameter ‘unw_word_t’
    9 | typedef unsigned long unw_word_t;
      |                       ^~~~~~~~~~
./include/libunwind-common.h:10:14: error: storage class specified for parameter ‘unw_sword_t’
   10 | typedef long unw_sword_t;
      |              ^~~~~~~~~~~
./include/libunwind-common.h:10:14: error: redefinition of parameter ‘unw_sword_t’
./include/libunwind.h:52:17: note: previous definition of ‘unw_sword_t’ with type ‘int64_t’ {aka ‘long int’}
   52 | typedef int64_t unw_sword_t;
      |                 ^~~~~~~~~~~
In file included from ./include/libunwind.h:176:
/home/abc/nhat/optee_examples/eevm_minimal_ta/external/openenclave/3rdparty/libunwind/libunwind/include/libunwind-dynamic.h:72:1: error: storage class specified for parameter ‘unw_dyn_operation_t’
   72 | unw_dyn_operation_t;
      | ^~~~~~~~~~~~~~~~~~~
/home/abc/nhat/optee_examples/eevm_minimal_ta/external/openenclave/3rdparty/libunwind/libunwind/include/libunwind-dynamic.h:85:1: error: storage class specified for parameter ‘unw_dyn_info_format_t’
   85 | unw_dyn_info_format_t;
      | ^~~~~~~~~~~~~~~~~~~~~
/home/abc/nhat/optee_examples/eevm_minimal_ta/external/openenclave/3rdparty/libunwind/libunwind/include/libunwind-dynamic.h:93:5: error: expected specifier-qualifier-list before ‘unw_word_t’
   93 |     unw_word_t val;                     /* auxiliary value */
      |     ^~~~~~~~~~
/home/abc/nhat/optee_examples/eevm_minimal_ta/external/openenclave/3rdparty/libunwind/libunwind/include/libunwind-dynamic.h:95:1: error: storage class specified for parameter ‘unw_dyn_op_t’
   95 | unw_dyn_op_t;
      | ^~~~~~~~~~~~
/home/abc/nhat/optee_examples/eevm_minimal_ta/external/openenclave/3rdparty/libunwind/libunwind/include/libunwind-dynamic.h:102:5: error: expected specifier-qualifier-list before ‘unw_dyn_op_t’
  102 |     unw_dyn_op_t op[1];                 /* variable-length op-array */
      |     ^~~~~~~~~~~~
/home/abc/nhat/optee_examples/eevm_minimal_ta/external/openenclave/3rdparty/libunwind/libunwind/include/libunwind-dynamic.h:104:1: error: storage class specified for parameter ‘unw_dyn_region_info_t’
  104 | unw_dyn_region_info_t;
      | ^~~~~~~~~~~~~~~~~~~~~
/home/abc/nhat/optee_examples/eevm_minimal_ta/external/openenclave/3rdparty/libunwind/libunwind/include/libunwind-dynamic.h:108:5: error: expected specifier-qualifier-list before ‘unw_word_t’
  108 |     unw_word_t name_ptr;        /* address of human-readable procedure name */
      |     ^~~~~~~~~~
/home/abc/nhat/optee_examples/eevm_minimal_ta/external/openenclave/3rdparty/libunwind/libunwind/include/libunwind-dynamic.h:114:1: error: storage class specified for parameter ‘unw_dyn_proc_info_t’
  114 | unw_dyn_proc_info_t;
      | ^~~~~~~~~~~~~~~~~~~
/home/abc/nhat/optee_examples/eevm_minimal_ta/external/openenclave/3rdparty/libunwind/libunwind/include/libunwind-dynamic.h:118:5: error: expected specifier-qualifier-list before ‘unw_word_t’
  118 |     unw_word_t name_ptr;        /* addr. of table name (e.g., library name) */
      |     ^~~~~~~~~~
/home/abc/nhat/optee_examples/eevm_minimal_ta/external/openenclave/3rdparty/libunwind/libunwind/include/libunwind-dynamic.h:123:1: error: storage class specified for parameter ‘unw_dyn_table_info_t’
  123 | unw_dyn_table_info_t;
      | ^~~~~~~~~~~~~~~~~~~~
/home/abc/nhat/optee_examples/eevm_minimal_ta/external/openenclave/3rdparty/libunwind/libunwind/include/libunwind-dynamic.h:127:5: error: expected specifier-qualifier-list before ‘unw_word_t’
  127 |     unw_word_t name_ptr;        /* addr. of table name (e.g., library name) */
      |     ^~~~~~~~~~
/home/abc/nhat/optee_examples/eevm_minimal_ta/external/openenclave/3rdparty/libunwind/libunwind/include/libunwind-dynamic.h:132:1: error: storage class specified for parameter ‘unw_dyn_remote_table_info_t’
  132 | unw_dyn_remote_table_info_t;
      | ^~~~~~~~~~~~~~~~~~~~~~~~~~~
/home/abc/nhat/optee_examples/eevm_minimal_ta/external/openenclave/3rdparty/libunwind/libunwind/include/libunwind-dynamic.h:139:5: error: expected specifier-qualifier-list before ‘unw_word_t’
  139 |     unw_word_t start_ip;        /* first IP covered by this entry */
      |     ^~~~~~~~~~
/home/abc/nhat/optee_examples/eevm_minimal_ta/external/openenclave/3rdparty/libunwind/libunwind/include/libunwind-dynamic.h:152:1: error: storage class specified for parameter ‘unw_dyn_info_t’
  152 | unw_dyn_info_t;
      | ^~~~~~~~~~~~~~
/home/abc/nhat/optee_examples/eevm_minimal_ta/external/openenclave/3rdparty/libunwind/libunwind/include/libunwind-dynamic.h:158:5: error: expected specifier-qualifier-list before ‘unw_dyn_info_t’
  158 |     unw_dyn_info_t *first;
      |     ^~~~~~~~~~~~~~
/home/abc/nhat/optee_examples/eevm_minimal_ta/external/openenclave/3rdparty/libunwind/libunwind/include/libunwind-dynamic.h:160:1: error: storage class specified for parameter ‘unw_dyn_info_list_t’
  160 | unw_dyn_info_list_t;
      | ^~~~~~~~~~~~~~~~~~~
/home/abc/nhat/optee_examples/eevm_minimal_ta/external/openenclave/3rdparty/libunwind/libunwind/include/libunwind-dynamic.h:170:30: error: expected declaration specifiers or ‘...’ before ‘unw_dyn_info_t’
  170 | extern void _U_dyn_register (unw_dyn_info_t *);
      |                              ^~~~~~~~~~~~~~
/home/abc/nhat/optee_examples/eevm_minimal_ta/external/openenclave/3rdparty/libunwind/libunwind/include/libunwind-dynamic.h:174:28: error: expected declaration specifiers or ‘...’ before ‘unw_dyn_info_t’
  174 | extern void _U_dyn_cancel (unw_dyn_info_t *);
      |                            ^~~~~~~~~~~~~~
./include/libunwind.h:202:41: error: storage class specified for parameter ‘UNW_ARCH_OBJ’
  202 | #define unw_tdep_is_fpreg               UNW_ARCH_OBJ(is_fpreg)
      |                                         ^~~~~~~~~~~~
./include/libunwind.h:204:12: note: in expansion of macro ‘unw_tdep_is_fpreg’
  204 | extern int unw_tdep_is_fpreg (int);
      |            ^~~~~~~~~~~~~~~~~
./include/libunwind.h:202:41: error: ‘UNW_ARCH_OBJ’ declared as function returning a function
  202 | #define unw_tdep_is_fpreg               UNW_ARCH_OBJ(is_fpreg)
      |                                         ^~~~~~~~~~~~
./include/libunwind.h:204:12: note: in expansion of macro ‘unw_tdep_is_fpreg’
  204 | extern int unw_tdep_is_fpreg (int);
      |            ^~~~~~~~~~~~~~~~~
./include/libunwind.h:204:1: error: parameter names (without types) in function declaration [-Wdeclaration-missing-parameter-type]
  204 | extern int unw_tdep_is_fpreg (int);
      | ^~~~~~
/home/abc/nhat/optee_examples/eevm_minimal_ta/external/openenclave/3rdparty/libunwind/libunwind/include/dwarf.h:31:1: warning: empty declaration
   31 | struct dwarf_cursor;    /* forward-declaration */
      | ^~~~~~
/home/abc/nhat/optee_examples/eevm_minimal_ta/external/openenclave/3rdparty/libunwind/libunwind/include/dwarf.h:32:1: warning: empty declaration
   32 | struct elf_dyn_info;
      | ^~~~~~
In file included from /home/abc/nhat/optee_examples/eevm_minimal_ta/external/openenclave/3rdparty/libunwind/libunwind/include/dwarf.h:34:
./include/tdep/dwarf-config.h:45:5: error: expected specifier-qualifier-list before ‘unw_word_t’
   45 |     unw_word_t val;
      |     ^~~~~~~~~~
./include/tdep/dwarf-config.h:50:1: error: storage class specified for parameter ‘dwarf_loc_t’
   50 | dwarf_loc_t;
      | ^~~~~~~~~~~
In file included from /home/abc/optee_os/out/arm-plat-rpi5/export-ta_arm64/include/link.h:9,
                 from /home/abc/nhat/optee_examples/eevm_minimal_ta/external/openenclave/3rdparty/libunwind/libunwind/include/dwarf.h:42:
/home/abc/optee_os/out/arm-plat-rpi5/export-ta_arm64/include/elf.h:67:2: error: #error Unknown architecture
   67 | #error Unknown architecture
      |  ^~~~~
/home/abc/optee_os/out/arm-plat-rpi5/export-ta_arm64/include/link.h:13:9: error: unknown type name ‘Elf_Addr’
   13 |         Elf_Addr dlpi_addr;                     /* module relocation base */
      |         ^~~~~~~~
/home/abc/optee_os/out/arm-plat-rpi5/export-ta_arm64/include/link.h:15:15: error: unknown type name ‘Elf_Phdr’
   15 |         const Elf_Phdr *dlpi_phdr;              /* pointer to module's phdr */
      |               ^~~~~~~~
/home/abc/optee_os/out/arm-plat-rpi5/export-ta_arm64/include/link.h:16:9: error: unknown type name ‘Elf_Half’
   16 |         Elf_Half dlpi_phnum;                    /* number of entries in phdr */
      |         ^~~~~~~~
/home/abc/optee_os/out/arm-plat-rpi5/export-ta_arm64/include/link.h:12:1: warning: empty declaration
   12 | struct dl_phdr_info {
      | ^~~~~~
In file included from /home/abc/arm-toolchain/lib/gcc/aarch64-none-linux-gnu/14.3.1/include-fixed/pthread.h:31,
                 from /home/abc/nhat/optee_examples/eevm_minimal_ta/external/openenclave/3rdparty/libunwind/libunwind/include/dwarf.h:50:
/home/abc/arm-toolchain/aarch64-none-linux-gnu/libc/usr/include/sched.h:38:17: error: storage class specified for parameter ‘pid_t’
   38 | typedef __pid_t pid_t;
      |                 ^~~~~
In file included from /home/abc/arm-toolchain/aarch64-none-linux-gnu/libc/usr/include/sched.h:43:
/home/abc/arm-toolchain/aarch64-none-linux-gnu/libc/usr/include/bits/sched.h:82:1: error: expected declaration specifiers before ‘__BEGIN_DECLS’
   82 | __BEGIN_DECLS
      | ^~~~~~~~~~~~~
/home/abc/arm-toolchain/aarch64-none-linux-gnu/libc/usr/include/bits/sched.h:90:34: error: expected ‘=’, ‘,’, ‘;’, ‘asm’ or ‘__attribute__’ before ‘__THROW’
   90 | extern int unshare (int __flags) __THROW;
      |                                  ^~~~~~~
/home/abc/arm-toolchain/aarch64-none-linux-gnu/libc/usr/include/bits/sched.h:93:32: error: expected ‘=’, ‘,’, ‘;’, ‘asm’ or ‘__attribute__’ before ‘__THROW’
   93 | extern int sched_getcpu (void) __THROW;
      |                                ^~~~~~~
/home/abc/arm-toolchain/aarch64-none-linux-gnu/libc/usr/include/bits/sched.h:96:52: error: expected ‘=’, ‘,’, ‘;’, ‘asm’ or ‘__attribute__’ before ‘__THROW’
   96 | extern int getcpu (unsigned int *, unsigned int *) __THROW;
      |                                                    ^~~~~~~
/home/abc/arm-toolchain/aarch64-none-linux-gnu/libc/usr/include/bits/sched.h:99:43: error: expected ‘=’, ‘,’, ‘;’, ‘asm’ or ‘__attribute__’ before ‘__THROW’
   99 | extern int setns (int __fd, int __nstype) __THROW;
      |                                           ^~~~~~~
/home/abc/arm-toolchain/aarch64-none-linux-gnu/libc/usr/include/bits/sched.h:102:1: error: expected declaration specifiers before ‘__END_DECLS’
  102 | __END_DECLS
      | ^~~~~~~~~~~
In file included from /home/abc/arm-toolchain/aarch64-none-linux-gnu/libc/usr/include/sched.h:44:
/home/abc/arm-toolchain/aarch64-none-linux-gnu/libc/usr/include/bits/cpu-set.h:41:3: error: unknown type name ‘__cpu_mask’; did you mean ‘__fd_mask’?
   41 |   __cpu_mask __bits[__CPU_SETSIZE / __NCPUBITS];
      |   ^~~~~~~~~~
      |   __fd_mask
/home/abc/arm-toolchain/aarch64-none-linux-gnu/libc/usr/include/bits/cpu-set.h:41:37: error: ‘__cpu_mask’ undeclared (first use in this function); did you mean ‘__fd_mask’?
   41 |   __cpu_mask __bits[__CPU_SETSIZE / __NCPUBITS];
      |                                     ^~~~~~~~~~
/home/abc/arm-toolchain/aarch64-none-linux-gnu/libc/usr/include/bits/cpu-set.h:41:37: note: each undeclared identifier is reported only once for each function it appears in
/home/abc/arm-toolchain/aarch64-none-linux-gnu/libc/usr/include/bits/cpu-set.h:42:3: error: storage class specified for parameter ‘cpu_set_t’
   42 | } cpu_set_t;
      |   ^~~~~~~~~
/home/abc/arm-toolchain/aarch64-none-linux-gnu/libc/usr/include/bits/cpu-set.h:115:1: error: expected declaration specifiers before ‘__BEGIN_DECLS’
  115 | __BEGIN_DECLS
      | ^~~~~~~~~~~~~
/home/abc/arm-toolchain/aarch64-none-linux-gnu/libc/usr/include/bits/cpu-set.h:119:18: error: expected ‘=’, ‘,’, ‘;’, ‘asm’ or ‘__attribute__’ before ‘*’ token
  119 | extern cpu_set_t *__sched_cpualloc (size_t __count) __THROW __wur;
      |                  ^
/home/abc/arm-toolchain/aarch64-none-linux-gnu/libc/usr/include/bits/cpu-set.h:120:30: error: expected declaration specifiers or ‘...’ before ‘cpu_set_t’
  120 | extern void __sched_cpufree (cpu_set_t *__set) __THROW;
      |                              ^~~~~~~~~
/home/abc/arm-toolchain/aarch64-none-linux-gnu/libc/usr/include/bits/cpu-set.h:122:1: error: unknown type name ‘__END_DECLS’
  122 | __END_DECLS
      | ^~~~~~~~~~~
/home/abc/arm-toolchain/aarch64-none-linux-gnu/libc/usr/include/sched.h:54:1: error: expected ‘=’, ‘,’, ‘;’, ‘asm’ or ‘__attribute__’ before ‘extern’
   54 | extern int sched_setparam (__pid_t __pid, const struct sched_param *__param)
      | ^~~~~~
/home/abc/arm-toolchain/aarch64-none-linux-gnu/libc/usr/include/sched.h:58:72: error: expected ‘=’, ‘,’, ‘;’, ‘asm’ or ‘__attribute__’ before ‘__THROW’
   58 | extern int sched_getparam (__pid_t __pid, struct sched_param *__param) __THROW;
      |                                                                        ^~~~~~~
/home/abc/arm-toolchain/aarch64-none-linux-gnu/libc/usr/include/sched.h:62:67: error: expected ‘=’, ‘,’, ‘;’, ‘asm’ or ‘__attribute__’ before ‘__THROW’
   62 |                                const struct sched_param *__param) __THROW;
      |                                                                   ^~~~~~~
/home/abc/arm-toolchain/aarch64-none-linux-gnu/libc/usr/include/sched.h:65:47: error: expected ‘=’, ‘,’, ‘;’, ‘asm’ or ‘__attribute__’ before ‘__THROW’
   65 | extern int sched_getscheduler (__pid_t __pid) __THROW;
      |                                               ^~~~~~~
/home/abc/arm-toolchain/aarch64-none-linux-gnu/libc/usr/include/sched.h:68:31: error: expected ‘=’, ‘,’, ‘;’, ‘asm’ or ‘__attribute__’ before ‘__THROW’
   68 | extern int sched_yield (void) __THROW;
      |                               ^~~~~~~
/home/abc/arm-toolchain/aarch64-none-linux-gnu/libc/usr/include/sched.h:71:53: error: expected ‘=’, ‘,’, ‘;’, ‘asm’ or ‘__attribute__’ before ‘__THROW’
   71 | extern int sched_get_priority_max (int __algorithm) __THROW;
      |                                                     ^~~~~~~
/home/abc/arm-toolchain/aarch64-none-linux-gnu/libc/usr/include/sched.h:74:53: error: expected ‘=’, ‘,’, ‘;’, ‘asm’ or ‘__attribute__’ before ‘__THROW’
   74 | extern int sched_get_priority_min (int __algorithm) __THROW;
      |                                                     ^~~~~~~
/home/abc/arm-toolchain/aarch64-none-linux-gnu/libc/usr/include/sched.h:78:72: error: expected ‘=’, ‘,’, ‘;’, ‘asm’ or ‘__attribute__’ before ‘__THROW’
   78 | extern int sched_rr_get_interval (__pid_t __pid, struct timespec *__t) __THROW;
      |                                                                        ^~~~~~~
/home/abc/arm-toolchain/aarch64-none-linux-gnu/libc/usr/include/sched.h:131:37: error: type defaults to ‘int’ in declaration of ‘cpu_set_t’ [-Wimplicit-int]
  131 |                               const cpu_set_t *__cpuset) __THROW;
      |                                     ^~~~~~~~~
/home/abc/arm-toolchain/aarch64-none-linux-gnu/libc/usr/include/sched.h:131:47: error: expected ‘;’, ‘,’ or ‘)’ before ‘*’ token
  131 |                               const cpu_set_t *__cpuset) __THROW;
      |                                               ^
/home/abc/arm-toolchain/aarch64-none-linux-gnu/libc/usr/include/sched.h:135:31: error: expected declaration specifiers or ‘...’ before ‘cpu_set_t’
  135 |                               cpu_set_t *__cpuset) __THROW;
      |                               ^~~~~~~~~
/home/abc/arm-toolchain/aarch64-none-linux-gnu/libc/usr/include/sched.h:138:1: error: expected declaration specifiers before ‘__END_DECLS’
  138 | __END_DECLS
      | ^~~~~~~~~~~
In file included from /home/abc/arm-toolchain/aarch64-none-linux-gnu/libc/usr/include/bits/thread-shared-types.h:46,
                 from /home/abc/arm-toolchain/aarch64-none-linux-gnu/libc/usr/include/bits/pthreadtypes.h:23,
                 from /home/abc/arm-toolchain/lib/gcc/aarch64-none-linux-gnu/14.3.1/include-fixed/pthread.h:35:
/home/abc/arm-toolchain/aarch64-none-linux-gnu/libc/usr/include/bits/atomic_wide_counter.h:33:3: error: storage class specified for parameter ‘__atomic_wide_counter’
   33 | } __atomic_wide_counter;
      |   ^~~~~~~~~~~~~~~~~~~~~
/home/abc/arm-toolchain/aarch64-none-linux-gnu/libc/usr/include/bits/thread-shared-types.h:55:3: error: storage class specified for parameter ‘__pthread_list_t’
   55 | } __pthread_list_t;
      |   ^~~~~~~~~~~~~~~~
/home/abc/arm-toolchain/aarch64-none-linux-gnu/libc/usr/include/bits/thread-shared-types.h:60:3: error: storage class specified for parameter ‘__pthread_slist_t’
   60 | } __pthread_slist_t;
      |   ^~~~~~~~~~~~~~~~~
In file included from /home/abc/arm-toolchain/aarch64-none-linux-gnu/libc/usr/include/bits/thread-shared-types.h:76:
/home/abc/arm-toolchain/aarch64-none-linux-gnu/libc/usr/include/bits/struct_mutex.h:64:3: error: expected specifier-qualifier-list before ‘__pthread_list_t’
   64 |   __pthread_list_t __list;
      |   ^~~~~~~~~~~~~~~~
/home/abc/arm-toolchain/aarch64-none-linux-gnu/libc/usr/include/bits/thread-shared-types.h:96:3: error: expected specifier-qualifier-list before ‘__atomic_wide_counter’
   96 |   __atomic_wide_counter __wseq;
      |   ^~~~~~~~~~~~~~~~~~~~~
/home/abc/arm-toolchain/aarch64-none-linux-gnu/libc/usr/include/bits/thread-shared-types.h:106:22: error: storage class specified for parameter ‘__tss_t’
  106 | typedef unsigned int __tss_t;
      |                      ^~~~~~~
/home/abc/arm-toolchain/aarch64-none-linux-gnu/libc/usr/include/bits/thread-shared-types.h:107:27: error: storage class specified for parameter ‘__thrd_t’
  107 | typedef unsigned long int __thrd_t;
      |                           ^~~~~~~~
/home/abc/arm-toolchain/aarch64-none-linux-gnu/libc/usr/include/bits/thread-shared-types.h:112:3: error: storage class specified for parameter ‘__once_flag’
  112 | } __once_flag;
      |   ^~~~~~~~~~~
/home/abc/arm-toolchain/aarch64-none-linux-gnu/libc/usr/include/bits/pthreadtypes.h:27:27: error: storage class specified for parameter ‘pthread_t’
   27 | typedef unsigned long int pthread_t;
      |                           ^~~~~~~~~
/home/abc/arm-toolchain/aarch64-none-linux-gnu/libc/usr/include/bits/pthreadtypes.h:36:3: error: storage class specified for parameter ‘pthread_mutexattr_t’
   36 | } pthread_mutexattr_t;
      |   ^~~~~~~~~~~~~~~~~~~
/home/abc/arm-toolchain/aarch64-none-linux-gnu/libc/usr/include/bits/pthreadtypes.h:45:3: error: storage class specified for parameter ‘pthread_condattr_t’
   45 | } pthread_condattr_t;
      |   ^~~~~~~~~~~~~~~~~~
/home/abc/arm-toolchain/aarch64-none-linux-gnu/libc/usr/include/bits/pthreadtypes.h:49:22: error: storage class specified for parameter ‘pthread_key_t’
   49 | typedef unsigned int pthread_key_t;
      |                      ^~~~~~~~~~~~~
/home/abc/arm-toolchain/aarch64-none-linux-gnu/libc/usr/include/bits/pthreadtypes.h:53:30: error: storage class specified for parameter ‘pthread_once_t’
   53 | typedef int __ONCE_ALIGNMENT pthread_once_t;
      |                              ^~~~~~~~~~~~~~
/home/abc/arm-toolchain/aarch64-none-linux-gnu/libc/usr/include/bits/pthreadtypes.h:62:30: error: storage class specified for parameter ‘pthread_attr_t’
   62 | typedef union pthread_attr_t pthread_attr_t;
      |                              ^~~~~~~~~~~~~~
/home/abc/arm-toolchain/aarch64-none-linux-gnu/libc/usr/include/bits/pthreadtypes.h:72:3: error: storage class specified for parameter ‘pthread_mutex_t’
   72 | } pthread_mutex_t;
      |   ^~~~~~~~~~~~~~~
/home/abc/arm-toolchain/aarch64-none-linux-gnu/libc/usr/include/bits/pthreadtypes.h:80:3: error: storage class specified for parameter ‘pthread_cond_t’
   80 | } pthread_cond_t;
      |   ^~~~~~~~~~~~~~
/home/abc/arm-toolchain/aarch64-none-linux-gnu/libc/usr/include/bits/pthreadtypes.h:91:3: error: storage class specified for parameter ‘pthread_rwlock_t’
   91 | } pthread_rwlock_t;
      |   ^~~~~~~~~~~~~~~~
/home/abc/arm-toolchain/aarch64-none-linux-gnu/libc/usr/include/bits/pthreadtypes.h:97:3: error: storage class specified for parameter ‘pthread_rwlockattr_t’
   97 | } pthread_rwlockattr_t;
      |   ^~~~~~~~~~~~~~~~~~~~
/home/abc/arm-toolchain/aarch64-none-linux-gnu/libc/usr/include/bits/pthreadtypes.h:103:22: error: storage class specified for parameter ‘pthread_spinlock_t’
  103 | typedef volatile int pthread_spinlock_t;
      |                      ^~~~~~~~~~~~~~~~~~
/home/abc/arm-toolchain/aarch64-none-linux-gnu/libc/usr/include/bits/pthreadtypes.h:112:3: error: storage class specified for parameter ‘pthread_barrier_t’
  112 | } pthread_barrier_t;
      |   ^~~~~~~~~~~~~~~~~
/home/abc/arm-toolchain/aarch64-none-linux-gnu/libc/usr/include/bits/pthreadtypes.h:118:3: error: storage class specified for parameter ‘pthread_barrierattr_t’
  118 | } pthread_barrierattr_t;
      |   ^~~~~~~~~~~~~~~~~~~~~
In file included from /home/abc/arm-toolchain/lib/gcc/aarch64-none-linux-gnu/14.3.1/include-fixed/pthread.h:36:
/home/abc/arm-toolchain/aarch64-none-linux-gnu/libc/usr/include/bits/setjmp.h:30:1: error: expected declaration specifiers before ‘__extension__’
   30 | __extension__ typedef unsigned long long __jmp_buf [22];
      | ^~~~~~~~~~~~~
In file included from /home/abc/arm-toolchain/lib/gcc/aarch64-none-linux-gnu/14.3.1/include-fixed/pthread.h:40:
/home/abc/arm-toolchain/aarch64-none-linux-gnu/libc/usr/include/bits/types/struct___jmp_buf_tag.h:32:5: error: unknown type name ‘__jmp_buf’
   32 |     __jmp_buf __jmpbuf;         /* Calling environment.  */
      |     ^~~~~~~~~
In file included from /home/abc/arm-toolchain/lib/gcc/aarch64-none-linux-gnu/14.3.1/include-fixed/pthread.h:42:
/home/abc/arm-toolchain/aarch64-none-linux-gnu/libc/usr/include/bits/pthread_stack_min-dynamic.h:23:1: error: expected declaration specifiers before ‘__BEGIN_DECLS’
   23 | __BEGIN_DECLS
      | ^~~~~~~~~~~~~
/home/abc/arm-toolchain/aarch64-none-linux-gnu/libc/usr/include/bits/pthread_stack_min-dynamic.h:25:1: error: expected declaration specifiers before ‘__END_DECLS’
   25 | __END_DECLS
      | ^~~~~~~~~~~
/home/abc/arm-toolchain/lib/gcc/aarch64-none-linux-gnu/14.3.1/include-fixed/pthread.h:52:2: error: expected declaration specifiers before ‘;’ token
   52 | };
      |  ^
/home/abc/arm-toolchain/lib/gcc/aarch64-none-linux-gnu/14.3.1/include-fixed/pthread.h:206:1: error: expected declaration specifiers before ‘__BEGIN_DECLS’
  206 | __BEGIN_DECLS
      | ^~~~~~~~~~~~~
/home/abc/arm-toolchain/lib/gcc/aarch64-none-linux-gnu/14.3.1/include-fixed/pthread.h:220:13: error: storage class specified for parameter ‘pthread_exit’
  220 | extern void pthread_exit (void *__retval) __attribute__ ((__noreturn__));
      |             ^~~~~~~~~~~~
/home/abc/arm-toolchain/lib/gcc/aarch64-none-linux-gnu/14.3.1/include-fixed/pthread.h:228:26: error: expected declaration specifiers or ‘...’ before ‘pthread_t’
  228 | extern int pthread_join (pthread_t __th, void **__thread_return);
      |                          ^~~~~~~~~
/home/abc/arm-toolchain/lib/gcc/aarch64-none-linux-gnu/14.3.1/include-fixed/pthread.h:233:32: error: expected declaration specifiers or ‘...’ before ‘pthread_t’
  233 | extern int pthread_tryjoin_np (pthread_t __th, void **__thread_return) __THROW;
      |                                ^~~~~~~~~
/home/abc/arm-toolchain/lib/gcc/aarch64-none-linux-gnu/14.3.1/include-fixed/pthread.h:242:34: error: expected declaration specifiers or ‘...’ before ‘pthread_t’
  242 | extern int pthread_timedjoin_np (pthread_t __th, void **__thread_return,
      |                                  ^~~~~~~~~
/home/abc/arm-toolchain/lib/gcc/aarch64-none-linux-gnu/14.3.1/include-fixed/pthread.h:252:34: error: expected declaration specifiers or ‘...’ before ‘pthread_t’
  252 | extern int pthread_clockjoin_np (pthread_t __th, void **__thread_return,
      |                                  ^~~~~~~~~
/home/abc/arm-toolchain/lib/gcc/aarch64-none-linux-gnu/14.3.1/include-fixed/pthread.h:253:34: error: unknown type name ‘clockid_t’
  253 |                                  clockid_t __clockid,
      |                                  ^~~~~~~~~
/home/abc/arm-toolchain/lib/gcc/aarch64-none-linux-gnu/14.3.1/include-fixed/pthread.h:278:28: error: expected declaration specifiers or ‘...’ before ‘pthread_t’
  278 | extern int pthread_detach (pthread_t __th) __THROW;
      |                            ^~~~~~~~~
/home/abc/arm-toolchain/lib/gcc/aarch64-none-linux-gnu/14.3.1/include-fixed/pthread.h:282:18: error: expected ‘=’, ‘,’, ‘;’, ‘asm’ or ‘__attribute__’ before ‘pthread_self’
  282 | extern pthread_t pthread_self (void) __THROW __attribute__ ((__const__));
      |                  ^~~~~~~~~~~~
/home/abc/arm-toolchain/lib/gcc/aarch64-none-linux-gnu/14.3.1/include-fixed/pthread.h:285:27: error: expected declaration specifiers or ‘...’ before ‘pthread_t’
  285 | extern int pthread_equal (pthread_t __thread1, pthread_t __thread2)
      |                           ^~~~~~~~~
/home/abc/arm-toolchain/lib/gcc/aarch64-none-linux-gnu/14.3.1/include-fixed/pthread.h:285:48: error: expected declaration specifiers or ‘...’ before ‘pthread_t’
  285 | extern int pthread_equal (pthread_t __thread1, pthread_t __thread2)
      |                                                ^~~~~~~~~
/home/abc/arm-toolchain/lib/gcc/aarch64-none-linux-gnu/14.3.1/include-fixed/pthread.h:294:31: error: expected declaration specifiers or ‘...’ before ‘pthread_attr_t’
  294 | extern int pthread_attr_init (pthread_attr_t *__attr) __THROW __nonnull ((1));
      |                               ^~~~~~~~~~~~~~
/home/abc/arm-toolchain/lib/gcc/aarch64-none-linux-gnu/14.3.1/include-fixed/pthread.h:297:34: error: expected declaration specifiers or ‘...’ before ‘pthread_attr_t’
  297 | extern int pthread_attr_destroy (pthread_attr_t *__attr)
      |                                  ^~~~~~~~~~~~~~
/home/abc/arm-toolchain/lib/gcc/aarch64-none-linux-gnu/14.3.1/include-fixed/pthread.h:301:47: error: type defaults to ‘int’ in declaration of ‘pthread_attr_t’ [-Wimplicit-int]
  301 | extern int pthread_attr_getdetachstate (const pthread_attr_t *__attr,
      |                                               ^~~~~~~~~~~~~~
/home/abc/arm-toolchain/lib/gcc/aarch64-none-linux-gnu/14.3.1/include-fixed/pthread.h:301:62: error: expected ‘;’, ‘,’ or ‘)’ before ‘*’ token
  301 | extern int pthread_attr_getdetachstate (const pthread_attr_t *__attr,
      |                                                              ^
/home/abc/arm-toolchain/lib/gcc/aarch64-none-linux-gnu/14.3.1/include-fixed/pthread.h:306:41: error: expected declaration specifiers or ‘...’ before ‘pthread_attr_t’
  306 | extern int pthread_attr_setdetachstate (pthread_attr_t *__attr,
      |                                         ^~~~~~~~~~~~~~
/home/abc/arm-toolchain/lib/gcc/aarch64-none-linux-gnu/14.3.1/include-fixed/pthread.h:312:45: error: type defaults to ‘int’ in declaration of ‘pthread_attr_t’ [-Wimplicit-int]
  312 | extern int pthread_attr_getguardsize (const pthread_attr_t *__attr,
      |                                             ^~~~~~~~~~~~~~
/home/abc/arm-toolchain/lib/gcc/aarch64-none-linux-gnu/14.3.1/include-fixed/pthread.h:312:60: error: expected ‘;’, ‘,’ or ‘)’ before ‘*’ token
  312 | extern int pthread_attr_getguardsize (const pthread_attr_t *__attr,
      |                                                            ^
/home/abc/arm-toolchain/lib/gcc/aarch64-none-linux-gnu/14.3.1/include-fixed/pthread.h:317:39: error: expected declaration specifiers or ‘...’ before ‘pthread_attr_t’
  317 | extern int pthread_attr_setguardsize (pthread_attr_t *__attr,
      |                                       ^~~~~~~~~~~~~~
/home/abc/arm-toolchain/lib/gcc/aarch64-none-linux-gnu/14.3.1/include-fixed/pthread.h:323:46: error: type defaults to ‘int’ in declaration of ‘pthread_attr_t’ [-Wimplicit-int]
  323 | extern int pthread_attr_getschedparam (const pthread_attr_t *__restrict __attr,
      |                                              ^~~~~~~~~~~~~~
/home/abc/arm-toolchain/lib/gcc/aarch64-none-linux-gnu/14.3.1/include-fixed/pthread.h:323:61: error: expected ‘;’, ‘,’ or ‘)’ before ‘*’ token
  323 | extern int pthread_attr_getschedparam (const pthread_attr_t *__restrict __attr,
      |                                                             ^
/home/abc/arm-toolchain/lib/gcc/aarch64-none-linux-gnu/14.3.1/include-fixed/pthread.h:328:40: error: expected declaration specifiers or ‘...’ before ‘pthread_attr_t’
  328 | extern int pthread_attr_setschedparam (pthread_attr_t *__restrict __attr,
      |                                        ^~~~~~~~~~~~~~
/home/abc/arm-toolchain/lib/gcc/aarch64-none-linux-gnu/14.3.1/include-fixed/pthread.h:333:47: error: type defaults to ‘int’ in declaration of ‘pthread_attr_t’ [-Wimplicit-int]
  333 | extern int pthread_attr_getschedpolicy (const pthread_attr_t *__restrict
      |                                               ^~~~~~~~~~~~~~
/home/abc/arm-toolchain/lib/gcc/aarch64-none-linux-gnu/14.3.1/include-fixed/pthread.h:333:62: error: expected ‘;’, ‘,’ or ‘)’ before ‘*’ token
  333 | extern int pthread_attr_getschedpolicy (const pthread_attr_t *__restrict
      |                                                              ^
/home/abc/arm-toolchain/lib/gcc/aarch64-none-linux-gnu/14.3.1/include-fixed/pthread.h:338:41: error: expected declaration specifiers or ‘...’ before ‘pthread_attr_t’
  338 | extern int pthread_attr_setschedpolicy (pthread_attr_t *__attr, int __policy)
      |                                         ^~~~~~~~~~~~~~
/home/abc/arm-toolchain/lib/gcc/aarch64-none-linux-gnu/14.3.1/include-fixed/pthread.h:342:48: error: type defaults to ‘int’ in declaration of ‘pthread_attr_t’ [-Wimplicit-int]
  342 | extern int pthread_attr_getinheritsched (const pthread_attr_t *__restrict
      |                                                ^~~~~~~~~~~~~~
/home/abc/arm-toolchain/lib/gcc/aarch64-none-linux-gnu/14.3.1/include-fixed/pthread.h:342:63: error: expected ‘;’, ‘,’ or ‘)’ before ‘*’ token
  342 | extern int pthread_attr_getinheritsched (const pthread_attr_t *__restrict
      |                                                               ^
/home/abc/arm-toolchain/lib/gcc/aarch64-none-linux-gnu/14.3.1/include-fixed/pthread.h:347:42: error: expected declaration specifiers or ‘...’ before ‘pthread_attr_t’
  347 | extern int pthread_attr_setinheritsched (pthread_attr_t *__attr,
      |                                          ^~~~~~~~~~~~~~
/home/abc/arm-toolchain/lib/gcc/aarch64-none-linux-gnu/14.3.1/include-fixed/pthread.h:353:41: error: type defaults to ‘int’ in declaration of ‘pthread_attr_t’ [-Wimplicit-int]
  353 | extern int pthread_attr_getscope (const pthread_attr_t *__restrict __attr,
      |                                         ^~~~~~~~~~~~~~
/home/abc/arm-toolchain/lib/gcc/aarch64-none-linux-gnu/14.3.1/include-fixed/pthread.h:353:56: error: expected ‘;’, ‘,’ or ‘)’ before ‘*’ token
  353 | extern int pthread_attr_getscope (const pthread_attr_t *__restrict __attr,
      |                                                        ^
/home/abc/arm-toolchain/lib/gcc/aarch64-none-linux-gnu/14.3.1/include-fixed/pthread.h:358:35: error: expected declaration specifiers or ‘...’ before ‘pthread_attr_t’
  358 | extern int pthread_attr_setscope (pthread_attr_t *__attr, int __scope)
      |                                   ^~~~~~~~~~~~~~
/home/abc/arm-toolchain/lib/gcc/aarch64-none-linux-gnu/14.3.1/include-fixed/pthread.h:362:45: error: type defaults to ‘int’ in declaration of ‘pthread_attr_t’ [-Wimplicit-int]
  362 | extern int pthread_attr_getstackaddr (const pthread_attr_t *__restrict
      |                                             ^~~~~~~~~~~~~~
/home/abc/arm-toolchain/lib/gcc/aarch64-none-linux-gnu/14.3.1/include-fixed/pthread.h:362:60: error: expected ‘;’, ‘,’ or ‘)’ before ‘*’ token
  362 | extern int pthread_attr_getstackaddr (const pthread_attr_t *__restrict
      |                                                            ^
/home/abc/arm-toolchain/lib/gcc/aarch64-none-linux-gnu/14.3.1/include-fixed/pthread.h:370:39: error: expected declaration specifiers or ‘...’ before ‘pthread_attr_t’
  370 | extern int pthread_attr_setstackaddr (pthread_attr_t *__attr,
      |                                       ^~~~~~~~~~~~~~
/home/abc/arm-toolchain/lib/gcc/aarch64-none-linux-gnu/14.3.1/include-fixed/pthread.h:375:45: error: type defaults to ‘int’ in declaration of ‘pthread_attr_t’ [-Wimplicit-int]
  375 | extern int pthread_attr_getstacksize (const pthread_attr_t *__restrict
      |                                             ^~~~~~~~~~~~~~
/home/abc/arm-toolchain/lib/gcc/aarch64-none-linux-gnu/14.3.1/include-fixed/pthread.h:375:60: error: expected ‘;’, ‘,’ or ‘)’ before ‘*’ token
  375 | extern int pthread_attr_getstacksize (const pthread_attr_t *__restrict
      |                                                            ^
/home/abc/arm-toolchain/lib/gcc/aarch64-none-linux-gnu/14.3.1/include-fixed/pthread.h:382:39: error: expected declaration specifiers or ‘...’ before ‘pthread_attr_t’
  382 | extern int pthread_attr_setstacksize (pthread_attr_t *__attr,
      |                                       ^~~~~~~~~~~~~~
/home/abc/arm-toolchain/lib/gcc/aarch64-none-linux-gnu/14.3.1/include-fixed/pthread.h:388:41: error: type defaults to ‘int’ in declaration of ‘pthread_attr_t’ [-Wimplicit-int]
  388 | extern int pthread_attr_getstack (const pthread_attr_t *__restrict __attr,
      |                                         ^~~~~~~~~~~~~~
/home/abc/arm-toolchain/lib/gcc/aarch64-none-linux-gnu/14.3.1/include-fixed/pthread.h:388:56: error: expected ‘;’, ‘,’ or ‘)’ before ‘*’ token
  388 | extern int pthread_attr_getstack (const pthread_attr_t *__restrict __attr,
      |                                                        ^
/home/abc/arm-toolchain/lib/gcc/aarch64-none-linux-gnu/14.3.1/include-fixed/pthread.h:396:35: error: expected declaration specifiers or ‘...’ before ‘pthread_attr_t’
  396 | extern int pthread_attr_setstack (pthread_attr_t *__attr, void *__stackaddr,
      |                                   ^~~~~~~~~~~~~~
/home/abc/arm-toolchain/lib/gcc/aarch64-none-linux-gnu/14.3.1/include-fixed/pthread.h:403:41: error: expected declaration specifiers or ‘...’ before ‘pthread_attr_t’
  403 | extern int pthread_attr_setaffinity_np (pthread_attr_t *__attr,
      |                                         ^~~~~~~~~~~~~~
/home/abc/arm-toolchain/lib/gcc/aarch64-none-linux-gnu/14.3.1/include-fixed/pthread.h:405:47: error: type defaults to ‘int’ in declaration of ‘cpu_set_t’ [-Wimplicit-int]
  405 |                                         const cpu_set_t *__cpuset)
      |                                               ^~~~~~~~~
/home/abc/arm-toolchain/lib/gcc/aarch64-none-linux-gnu/14.3.1/include-fixed/pthread.h:405:57: error: expected ‘;’, ‘,’ or ‘)’ before ‘*’ token
  405 |                                         const cpu_set_t *__cpuset)
      |                                                         ^
/home/abc/arm-toolchain/lib/gcc/aarch64-none-linux-gnu/14.3.1/include-fixed/pthread.h:410:47: error: type defaults to ‘int’ in declaration of ‘pthread_attr_t’ [-Wimplicit-int]
  410 | extern int pthread_attr_getaffinity_np (const pthread_attr_t *__attr,
      |                                               ^~~~~~~~~~~~~~
/home/abc/arm-toolchain/lib/gcc/aarch64-none-linux-gnu/14.3.1/include-fixed/pthread.h:410:62: error: expected ‘;’, ‘,’ or ‘)’ before ‘*’ token
  410 | extern int pthread_attr_getaffinity_np (const pthread_attr_t *__attr,
      |                                                              ^
/home/abc/arm-toolchain/lib/gcc/aarch64-none-linux-gnu/14.3.1/include-fixed/pthread.h:416:40: error: expected declaration specifiers or ‘...’ before ‘pthread_attr_t’
  416 | extern int pthread_getattr_default_np (pthread_attr_t *__attr)
      |                                        ^~~~~~~~~~~~~~
/home/abc/arm-toolchain/lib/gcc/aarch64-none-linux-gnu/14.3.1/include-fixed/pthread.h:420:40: error: expected declaration specifiers or ‘...’ before ‘pthread_attr_t’
  420 | extern int pthread_attr_setsigmask_np (pthread_attr_t *__attr,
      |                                        ^~~~~~~~~~~~~~
/home/abc/arm-toolchain/lib/gcc/aarch64-none-linux-gnu/14.3.1/include-fixed/pthread.h:426:46: error: type defaults to ‘int’ in declaration of ‘pthread_attr_t’ [-Wimplicit-int]
  426 | extern int pthread_attr_getsigmask_np (const pthread_attr_t *__attr,
      |                                              ^~~~~~~~~~~~~~
/home/abc/arm-toolchain/lib/gcc/aarch64-none-linux-gnu/14.3.1/include-fixed/pthread.h:426:61: error: expected ‘;’, ‘,’ or ‘)’ before ‘*’ token
  426 | extern int pthread_attr_getsigmask_np (const pthread_attr_t *__attr,
      |                                                             ^
/home/abc/arm-toolchain/lib/gcc/aarch64-none-linux-gnu/14.3.1/include-fixed/pthread.h:435:46: error: type defaults to ‘int’ in declaration of ‘pthread_attr_t’ [-Wimplicit-int]
  435 | extern int pthread_setattr_default_np (const pthread_attr_t *__attr)
      |                                              ^~~~~~~~~~~~~~
/home/abc/arm-toolchain/lib/gcc/aarch64-none-linux-gnu/14.3.1/include-fixed/pthread.h:435:61: error: expected ‘;’, ‘,’ or ‘)’ before ‘*’ token
  435 | extern int pthread_setattr_default_np (const pthread_attr_t *__attr)
      |                                                             ^
/home/abc/arm-toolchain/lib/gcc/aarch64-none-linux-gnu/14.3.1/include-fixed/pthread.h:441:32: error: expected declaration specifiers or ‘...’ before ‘pthread_t’
  441 | extern int pthread_getattr_np (pthread_t __th, pthread_attr_t *__attr)
      |                                ^~~~~~~~~
/home/abc/arm-toolchain/lib/gcc/aarch64-none-linux-gnu/14.3.1/include-fixed/pthread.h:441:48: error: expected declaration specifiers or ‘...’ before ‘pthread_attr_t’
  441 | extern int pthread_getattr_np (pthread_t __th, pthread_attr_t *__attr)
      |                                                ^~~~~~~~~~~~~~
/home/abc/arm-toolchain/lib/gcc/aarch64-none-linux-gnu/14.3.1/include-fixed/pthread.h:450:35: error: expected declaration specifiers or ‘...’ before ‘pthread_t’
  450 | extern int pthread_setschedparam (pthread_t __target_thread, int __policy,
      |                                   ^~~~~~~~~
/home/abc/arm-toolchain/lib/gcc/aarch64-none-linux-gnu/14.3.1/include-fixed/pthread.h:455:35: error: expected declaration specifiers or ‘...’ before ‘pthread_t’
  455 | extern int pthread_getschedparam (pthread_t __target_thread,
      |                                   ^~~~~~~~~
/home/abc/arm-toolchain/lib/gcc/aarch64-none-linux-gnu/14.3.1/include-fixed/pthread.h:461:34: error: expected declaration specifiers or ‘...’ before ‘pthread_t’
  461 | extern int pthread_setschedprio (pthread_t __target_thread, int __prio)
      |                                  ^~~~~~~~~
/home/abc/arm-toolchain/lib/gcc/aarch64-none-linux-gnu/14.3.1/include-fixed/pthread.h:467:32: error: expected declaration specifiers or ‘...’ before ‘pthread_t’
  467 | extern int pthread_getname_np (pthread_t __target_thread, char *__buf,
      |                                ^~~~~~~~~
/home/abc/arm-toolchain/lib/gcc/aarch64-none-linux-gnu/14.3.1/include-fixed/pthread.h:472:32: error: expected declaration specifiers or ‘...’ before ‘pthread_t’
  472 | extern int pthread_setname_np (pthread_t __target_thread, const char *__name)
      |                                ^~~~~~~~~
/home/abc/arm-toolchain/lib/gcc/aarch64-none-linux-gnu/14.3.1/include-fixed/pthread.h:479:42: error: expected ‘=’, ‘,’, ‘;’, ‘asm’ or ‘__attribute__’ before ‘__THROW’
  479 | extern int pthread_getconcurrency (void) __THROW;
      |                                          ^~~~~~~
/home/abc/arm-toolchain/lib/gcc/aarch64-none-linux-gnu/14.3.1/include-fixed/pthread.h:482:49: error: expected ‘=’, ‘,’, ‘;’, ‘asm’ or ‘__attribute__’ before ‘__THROW’
  482 | extern int pthread_setconcurrency (int __level) __THROW;
      |                                                 ^~~~~~~
/home/abc/arm-toolchain/lib/gcc/aarch64-none-linux-gnu/14.3.1/include-fixed/pthread.h:486:33: error: expected ‘=’, ‘,’, ‘;’, ‘asm’ or ‘__attribute__’ before ‘__THROW’
  486 | extern int pthread_yield (void) __THROW;
      |                                 ^~~~~~~
/home/abc/arm-toolchain/lib/gcc/aarch64-none-linux-gnu/14.3.1/include-fixed/pthread.h:498:36: error: expected declaration specifiers or ‘...’ before ‘pthread_t’
  498 | extern int pthread_setaffinity_np (pthread_t __th, size_t __cpusetsize,
      |                                    ^~~~~~~~~
/home/abc/arm-toolchain/lib/gcc/aarch64-none-linux-gnu/14.3.1/include-fixed/pthread.h:499:42: error: type defaults to ‘int’ in declaration of ‘cpu_set_t’ [-Wimplicit-int]
  499 |                                    const cpu_set_t *__cpuset)
      |                                          ^~~~~~~~~
/home/abc/arm-toolchain/lib/gcc/aarch64-none-linux-gnu/14.3.1/include-fixed/pthread.h:499:52: error: expected ‘;’, ‘,’ or ‘)’ before ‘*’ token
  499 |                                    const cpu_set_t *__cpuset)
      |                                                    ^
/home/abc/arm-toolchain/lib/gcc/aarch64-none-linux-gnu/14.3.1/include-fixed/pthread.h:503:36: error: expected declaration specifiers or ‘...’ before ‘pthread_t’
  503 | extern int pthread_getaffinity_np (pthread_t __th, size_t __cpusetsize,
      |                                    ^~~~~~~~~
/home/abc/arm-toolchain/lib/gcc/aarch64-none-linux-gnu/14.3.1/include-fixed/pthread.h:504:36: error: expected declaration specifiers or ‘...’ before ‘cpu_set_t’
  504 |                                    cpu_set_t *__cpuset)
      |                                    ^~~~~~~~~
/home/abc/arm-toolchain/lib/gcc/aarch64-none-linux-gnu/14.3.1/include-fixed/pthread.h:518:26: error: expected declaration specifiers or ‘...’ before ‘pthread_once_t’
  518 | extern int pthread_once (pthread_once_t *__once_control,
      |                          ^~~~~~~~~~~~~~
/home/abc/arm-toolchain/lib/gcc/aarch64-none-linux-gnu/14.3.1/include-fixed/pthread.h:530:12: error: storage class specified for parameter ‘pthread_setcancelstate’
  530 | extern int pthread_setcancelstate (int __state, int *__oldstate);
      |            ^~~~~~~~~~~~~~~~~~~~~~
/home/abc/arm-toolchain/lib/gcc/aarch64-none-linux-gnu/14.3.1/include-fixed/pthread.h:534:12: error: storage class specified for parameter ‘pthread_setcanceltype’
  534 | extern int pthread_setcanceltype (int __type, int *__oldtype);
      |            ^~~~~~~~~~~~~~~~~~~~~
/home/abc/arm-toolchain/lib/gcc/aarch64-none-linux-gnu/14.3.1/include-fixed/pthread.h:537:28: error: expected declaration specifiers or ‘...’ before ‘pthread_t’
  537 | extern int pthread_cancel (pthread_t __th);
      |                            ^~~~~~~~~
/home/abc/arm-toolchain/lib/gcc/aarch64-none-linux-gnu/14.3.1/include-fixed/pthread.h:542:13: error: storage class specified for parameter ‘pthread_testcancel’
  542 | extern void pthread_testcancel (void);
      |             ^~~~~~~~~~~~~~~~~~
/home/abc/arm-toolchain/lib/gcc/aarch64-none-linux-gnu/14.3.1/include-fixed/pthread.h:549:3: error: unknown type name ‘__jmp_buf’
  549 |   __jmp_buf __cancel_jmp_buf;
      |   ^~~~~~~~~
/home/abc/arm-toolchain/lib/gcc/aarch64-none-linux-gnu/14.3.1/include-fixed/pthread.h:557:3: error: storage class specified for parameter ‘__pthread_unwind_buf_t’
  557 | } __pthread_unwind_buf_t __attribute__ ((__aligned__));
      |   ^~~~~~~~~~~~~~~~~~~~~~
/home/abc/arm-toolchain/lib/gcc/aarch64-none-linux-gnu/14.3.1/include-fixed/pthread.h:557:3: error: alignment may not be specified for ‘__pthread_unwind_buf_t’
/home/abc/arm-toolchain/lib/gcc/aarch64-none-linux-gnu/14.3.1/include-fixed/pthread.h:706:40: error: expected declaration specifiers or ‘...’ before ‘__pthread_unwind_buf_t’
  706 | extern void __pthread_register_cancel (__pthread_unwind_buf_t *__buf)
      |                                        ^~~~~~~~~~~~~~~~~~~~~~
/home/abc/arm-toolchain/lib/gcc/aarch64-none-linux-gnu/14.3.1/include-fixed/pthread.h:718:42: error: expected declaration specifiers or ‘...’ before ‘__pthread_unwind_buf_t’
  718 | extern void __pthread_unregister_cancel (__pthread_unwind_buf_t *__buf)
      |                                          ^~~~~~~~~~~~~~~~~~~~~~
/home/abc/arm-toolchain/lib/gcc/aarch64-none-linux-gnu/14.3.1/include-fixed/pthread.h:741:46: error: expected declaration specifiers or ‘...’ before ‘__pthread_unwind_buf_t’
  741 | extern void __pthread_register_cancel_defer (__pthread_unwind_buf_t *__buf)
      |                                              ^~~~~~~~~~~~~~~~~~~~~~
/home/abc/arm-toolchain/lib/gcc/aarch64-none-linux-gnu/14.3.1/include-fixed/pthread.h:754:50: error: expected declaration specifiers or ‘...’ before ‘__pthread_unwind_buf_t’
  754 | extern void __pthread_unregister_cancel_restore (__pthread_unwind_buf_t *__buf)
      |                                                  ^~~~~~~~~~~~~~~~~~~~~~
/home/abc/arm-toolchain/lib/gcc/aarch64-none-linux-gnu/14.3.1/include-fixed/pthread.h:759:36: error: expected declaration specifiers or ‘...’ before ‘__pthread_unwind_buf_t’
  759 | extern void __pthread_unwind_next (__pthread_unwind_buf_t *__buf)
      |                                    ^~~~~~~~~~~~~~~~~~~~~~
/home/abc/arm-toolchain/lib/gcc/aarch64-none-linux-gnu/14.3.1/include-fixed/pthread.h:775:49: error: expected ‘)’ before ‘(’ token
  775 | extern int __REDIRECT_NTHNL (__sigsetjmp_cancel,
      |                                                 ^
      |                                                 )
  776 |                              (struct __cancel_jmp_buf_tag __env[1],
      |                              ~                   
/home/abc/arm-toolchain/lib/gcc/aarch64-none-linux-gnu/14.3.1/include-fixed/pthread.h:790:32: error: expected declaration specifiers or ‘...’ before ‘pthread_mutex_t’
  790 | extern int pthread_mutex_init (pthread_mutex_t *__mutex,
      |                                ^~~~~~~~~~~~~~~
/home/abc/arm-toolchain/lib/gcc/aarch64-none-linux-gnu/14.3.1/include-fixed/pthread.h:791:38: error: type defaults to ‘int’ in declaration of ‘pthread_mutexattr_t’ [-Wimplicit-int]
  791 |                                const pthread_mutexattr_t *__mutexattr)
      |                                      ^~~~~~~~~~~~~~~~~~~
/home/abc/arm-toolchain/lib/gcc/aarch64-none-linux-gnu/14.3.1/include-fixed/pthread.h:791:58: error: expected ‘;’, ‘,’ or ‘)’ before ‘*’ token
  791 |                                const pthread_mutexattr_t *__mutexattr)
      |                                                          ^
/home/abc/arm-toolchain/lib/gcc/aarch64-none-linux-gnu/14.3.1/include-fixed/pthread.h:795:35: error: expected declaration specifiers or ‘...’ before ‘pthread_mutex_t’
  795 | extern int pthread_mutex_destroy (pthread_mutex_t *__mutex)
      |                                   ^~~~~~~~~~~~~~~
/home/abc/arm-toolchain/lib/gcc/aarch64-none-linux-gnu/14.3.1/include-fixed/pthread.h:799:35: error: expected declaration specifiers or ‘...’ before ‘pthread_mutex_t’
  799 | extern int pthread_mutex_trylock (pthread_mutex_t *__mutex)
      |                                   ^~~~~~~~~~~~~~~
/home/abc/arm-toolchain/lib/gcc/aarch64-none-linux-gnu/14.3.1/include-fixed/pthread.h:803:32: error: expected declaration specifiers or ‘...’ before ‘pthread_mutex_t’
  803 | extern int pthread_mutex_lock (pthread_mutex_t *__mutex)
      |                                ^~~~~~~~~~~~~~~
/home/abc/arm-toolchain/lib/gcc/aarch64-none-linux-gnu/14.3.1/include-fixed/pthread.h:809:37: error: expected declaration specifiers or ‘...’ before ‘pthread_mutex_t’
  809 | extern int pthread_mutex_timedlock (pthread_mutex_t *__restrict __mutex,
      |                                     ^~~~~~~~~~~~~~~
/home/abc/arm-toolchain/lib/gcc/aarch64-none-linux-gnu/14.3.1/include-fixed/pthread.h:826:37: error: expected declaration specifiers or ‘...’ before ‘pthread_mutex_t’
  826 | extern int pthread_mutex_clocklock (pthread_mutex_t *__restrict __mutex,
      |                                     ^~~~~~~~~~~~~~~
/home/abc/arm-toolchain/lib/gcc/aarch64-none-linux-gnu/14.3.1/include-fixed/pthread.h:827:37: error: unknown type name ‘clockid_t’
  827 |                                     clockid_t __clockid,
      |                                     ^~~~~~~~~
/home/abc/arm-toolchain/lib/gcc/aarch64-none-linux-gnu/14.3.1/include-fixed/pthread.h:844:34: error: expected declaration specifiers or ‘...’ before ‘pthread_mutex_t’
  844 | extern int pthread_mutex_unlock (pthread_mutex_t *__mutex)
      |                                  ^~~~~~~~~~~~~~~
/home/abc/arm-toolchain/lib/gcc/aarch64-none-linux-gnu/14.3.1/include-fixed/pthread.h:849:48: error: type defaults to ‘int’ in declaration of ‘pthread_mutex_t’ [-Wimplicit-int]
  849 | extern int pthread_mutex_getprioceiling (const pthread_mutex_t *
      |                                                ^~~~~~~~~~~~~~~
/home/abc/arm-toolchain/lib/gcc/aarch64-none-linux-gnu/14.3.1/include-fixed/pthread.h:849:64: error: expected ‘;’, ‘,’ or ‘)’ before ‘*’ token
  849 | extern int pthread_mutex_getprioceiling (const pthread_mutex_t *
      |                                                                ^
/home/abc/arm-toolchain/lib/gcc/aarch64-none-linux-gnu/14.3.1/include-fixed/pthread.h:856:42: error: expected declaration specifiers or ‘...’ before ‘pthread_mutex_t’
  856 | extern int pthread_mutex_setprioceiling (pthread_mutex_t *__restrict __mutex,
      |                                          ^~~~~~~~~~~~~~~
/home/abc/arm-toolchain/lib/gcc/aarch64-none-linux-gnu/14.3.1/include-fixed/pthread.h:864:38: error: expected declaration specifiers or ‘...’ before ‘pthread_mutex_t’
  864 | extern int pthread_mutex_consistent (pthread_mutex_t *__mutex)
      |                                      ^~~~~~~~~~~~~~~
/home/abc/arm-toolchain/lib/gcc/aarch64-none-linux-gnu/14.3.1/include-fixed/pthread.h:883:36: error: expected declaration specifiers or ‘...’ before ‘pthread_mutexattr_t’
  883 | extern int pthread_mutexattr_init (pthread_mutexattr_t *__attr)
      |                                    ^~~~~~~~~~~~~~~~~~~
/home/abc/arm-toolchain/lib/gcc/aarch64-none-linux-gnu/14.3.1/include-fixed/pthread.h:887:39: error: expected declaration specifiers or ‘...’ before ‘pthread_mutexattr_t’
  887 | extern int pthread_mutexattr_destroy (pthread_mutexattr_t *__attr)
      |                                       ^~~~~~~~~~~~~~~~~~~
/home/abc/arm-toolchain/lib/gcc/aarch64-none-linux-gnu/14.3.1/include-fixed/pthread.h:891:48: error: type defaults to ‘int’ in declaration of ‘pthread_mutexattr_t’ [-Wimplicit-int]
  891 | extern int pthread_mutexattr_getpshared (const pthread_mutexattr_t *
      |                                                ^~~~~~~~~~~~~~~~~~~
/home/abc/arm-toolchain/lib/gcc/aarch64-none-linux-gnu/14.3.1/include-fixed/pthread.h:891:68: error: expected ‘;’, ‘,’ or ‘)’ before ‘*’ token
  891 | extern int pthread_mutexattr_getpshared (const pthread_mutexattr_t *
      |                                                                    ^
/home/abc/arm-toolchain/lib/gcc/aarch64-none-linux-gnu/14.3.1/include-fixed/pthread.h:897:42: error: expected declaration specifiers or ‘...’ before ‘pthread_mutexattr_t’
  897 | extern int pthread_mutexattr_setpshared (pthread_mutexattr_t *__attr,
      |                                          ^~~~~~~~~~~~~~~~~~~
/home/abc/arm-toolchain/lib/gcc/aarch64-none-linux-gnu/14.3.1/include-fixed/pthread.h:903:45: error: type defaults to ‘int’ in declaration of ‘pthread_mutexattr_t’ [-Wimplicit-int]
  903 | extern int pthread_mutexattr_gettype (const pthread_mutexattr_t *__restrict
      |                                             ^~~~~~~~~~~~~~~~~~~
/home/abc/arm-toolchain/lib/gcc/aarch64-none-linux-gnu/14.3.1/include-fixed/pthread.h:903:65: error: expected ‘;’, ‘,’ or ‘)’ before ‘*’ token
  903 | extern int pthread_mutexattr_gettype (const pthread_mutexattr_t *__restrict
      |                                                                 ^
/home/abc/arm-toolchain/lib/gcc/aarch64-none-linux-gnu/14.3.1/include-fixed/pthread.h:910:39: error: expected declaration specifiers or ‘...’ before ‘pthread_mutexattr_t’
  910 | extern int pthread_mutexattr_settype (pthread_mutexattr_t *__attr, int __kind)
      |                                       ^~~~~~~~~~~~~~~~~~~
/home/abc/arm-toolchain/lib/gcc/aarch64-none-linux-gnu/14.3.1/include-fixed/pthread.h:915:49: error: type defaults to ‘int’ in declaration of ‘pthread_mutexattr_t’ [-Wimplicit-int]
  915 | extern int pthread_mutexattr_getprotocol (const pthread_mutexattr_t *
      |                                                 ^~~~~~~~~~~~~~~~~~~
/home/abc/arm-toolchain/lib/gcc/aarch64-none-linux-gnu/14.3.1/include-fixed/pthread.h:915:69: error: expected ‘;’, ‘,’ or ‘)’ before ‘*’ token
  915 | extern int pthread_mutexattr_getprotocol (const pthread_mutexattr_t *
      |                                                                     ^
/home/abc/arm-toolchain/lib/gcc/aarch64-none-linux-gnu/14.3.1/include-fixed/pthread.h:922:43: error: expected declaration specifiers or ‘...’ before ‘pthread_mutexattr_t’
  922 | extern int pthread_mutexattr_setprotocol (pthread_mutexattr_t *__attr,
      |                                           ^~~~~~~~~~~~~~~~~~~
/home/abc/arm-toolchain/lib/gcc/aarch64-none-linux-gnu/14.3.1/include-fixed/pthread.h:927:52: error: type defaults to ‘int’ in declaration of ‘pthread_mutexattr_t’ [-Wimplicit-int]
  927 | extern int pthread_mutexattr_getprioceiling (const pthread_mutexattr_t *
      |                                                    ^~~~~~~~~~~~~~~~~~~
/home/abc/arm-toolchain/lib/gcc/aarch64-none-linux-gnu/14.3.1/include-fixed/pthread.h:927:72: error: expected ‘;’, ‘,’ or ‘)’ before ‘*’ token
  927 | extern int pthread_mutexattr_getprioceiling (const pthread_mutexattr_t *
      |                                                                        ^
/home/abc/arm-toolchain/lib/gcc/aarch64-none-linux-gnu/14.3.1/include-fixed/pthread.h:933:46: error: expected declaration specifiers or ‘...’ before ‘pthread_mutexattr_t’
  933 | extern int pthread_mutexattr_setprioceiling (pthread_mutexattr_t *__attr,
      |                                              ^~~~~~~~~~~~~~~~~~~
/home/abc/arm-toolchain/lib/gcc/aarch64-none-linux-gnu/14.3.1/include-fixed/pthread.h:939:47: error: type defaults to ‘int’ in declaration of ‘pthread_mutexattr_t’ [-Wimplicit-int]
  939 | extern int pthread_mutexattr_getrobust (const pthread_mutexattr_t *__attr,
      |                                               ^~~~~~~~~~~~~~~~~~~
/home/abc/arm-toolchain/lib/gcc/aarch64-none-linux-gnu/14.3.1/include-fixed/pthread.h:939:67: error: expected ‘;’, ‘,’ or ‘)’ before ‘*’ token
  939 | extern int pthread_mutexattr_getrobust (const pthread_mutexattr_t *__attr,
      |                                                                   ^
/home/abc/arm-toolchain/lib/gcc/aarch64-none-linux-gnu/14.3.1/include-fixed/pthread.h:955:41: error: expected declaration specifiers or ‘...’ before ‘pthread_mutexattr_t’
  955 | extern int pthread_mutexattr_setrobust (pthread_mutexattr_t *__attr,
      |                                         ^~~~~~~~~~~~~~~~~~~
/home/abc/arm-toolchain/lib/gcc/aarch64-none-linux-gnu/14.3.1/include-fixed/pthread.h:976:33: error: expected declaration specifiers or ‘...’ before ‘pthread_rwlock_t’
  976 | extern int pthread_rwlock_init (pthread_rwlock_t *__restrict __rwlock,
      |                                 ^~~~~~~~~~~~~~~~
/home/abc/arm-toolchain/lib/gcc/aarch64-none-linux-gnu/14.3.1/include-fixed/pthread.h:977:39: error: type defaults to ‘int’ in declaration of ‘pthread_rwlockattr_t’ [-Wimplicit-int]
  977 |                                 const pthread_rwlockattr_t *__restrict
      |                                       ^~~~~~~~~~~~~~~~~~~~
/home/abc/arm-toolchain/lib/gcc/aarch64-none-linux-gnu/14.3.1/include-fixed/pthread.h:977:60: error: expected ‘;’, ‘,’ or ‘)’ before ‘*’ token
  977 |                                 const pthread_rwlockattr_t *__restrict
      |                                                            ^
/home/abc/arm-toolchain/lib/gcc/aarch64-none-linux-gnu/14.3.1/include-fixed/pthread.h:981:36: error: expected declaration specifiers or ‘...’ before ‘pthread_rwlock_t’
  981 | extern int pthread_rwlock_destroy (pthread_rwlock_t *__rwlock)
      |                                    ^~~~~~~~~~~~~~~~
/home/abc/arm-toolchain/lib/gcc/aarch64-none-linux-gnu/14.3.1/include-fixed/pthread.h:985:35: error: expected declaration specifiers or ‘...’ before ‘pthread_rwlock_t’
  985 | extern int pthread_rwlock_rdlock (pthread_rwlock_t *__rwlock)
      |                                   ^~~~~~~~~~~~~~~~
/home/abc/arm-toolchain/lib/gcc/aarch64-none-linux-gnu/14.3.1/include-fixed/pthread.h:989:38: error: expected declaration specifiers or ‘...’ before ‘pthread_rwlock_t’
  989 | extern int pthread_rwlock_tryrdlock (pthread_rwlock_t *__rwlock)
      |                                      ^~~~~~~~~~~~~~~~
/home/abc/arm-toolchain/lib/gcc/aarch64-none-linux-gnu/14.3.1/include-fixed/pthread.h:995:40: error: expected declaration specifiers or ‘...’ before ‘pthread_rwlock_t’
  995 | extern int pthread_rwlock_timedrdlock (pthread_rwlock_t *__restrict __rwlock,
      |                                        ^~~~~~~~~~~~~~~~
/home/abc/arm-toolchain/lib/gcc/aarch64-none-linux-gnu/14.3.1/include-fixed/pthread.h:1013:40: error: expected declaration specifiers or ‘...’ before ‘pthread_rwlock_t’
 1013 | extern int pthread_rwlock_clockrdlock (pthread_rwlock_t *__restrict __rwlock,
      |                                        ^~~~~~~~~~~~~~~~
/home/abc/arm-toolchain/lib/gcc/aarch64-none-linux-gnu/14.3.1/include-fixed/pthread.h:1014:40: error: unknown type name ‘clockid_t’
 1014 |                                        clockid_t __clockid,
      |                                        ^~~~~~~~~
/home/abc/arm-toolchain/lib/gcc/aarch64-none-linux-gnu/14.3.1/include-fixed/pthread.h:1032:35: error: expected declaration specifiers or ‘...’ before ‘pthread_rwlock_t’
 1032 | extern int pthread_rwlock_wrlock (pthread_rwlock_t *__rwlock)
      |                                   ^~~~~~~~~~~~~~~~
/home/abc/arm-toolchain/lib/gcc/aarch64-none-linux-gnu/14.3.1/include-fixed/pthread.h:1036:38: error: expected declaration specifiers or ‘...’ before ‘pthread_rwlock_t’
 1036 | extern int pthread_rwlock_trywrlock (pthread_rwlock_t *__rwlock)
      |                                      ^~~~~~~~~~~~~~~~
/home/abc/arm-toolchain/lib/gcc/aarch64-none-linux-gnu/14.3.1/include-fixed/pthread.h:1042:40: error: expected declaration specifiers or ‘...’ before ‘pthread_rwlock_t’
 1042 | extern int pthread_rwlock_timedwrlock (pthread_rwlock_t *__restrict __rwlock,
      |                                        ^~~~~~~~~~~~~~~~
/home/abc/arm-toolchain/lib/gcc/aarch64-none-linux-gnu/14.3.1/include-fixed/pthread.h:1060:40: error: expected declaration specifiers or ‘...’ before ‘pthread_rwlock_t’
 1060 | extern int pthread_rwlock_clockwrlock (pthread_rwlock_t *__restrict __rwlock,
      |                                        ^~~~~~~~~~~~~~~~
/home/abc/arm-toolchain/lib/gcc/aarch64-none-linux-gnu/14.3.1/include-fixed/pthread.h:1061:40: error: unknown type name ‘clockid_t’
 1061 |                                        clockid_t __clockid,
      |                                        ^~~~~~~~~
/home/abc/arm-toolchain/lib/gcc/aarch64-none-linux-gnu/14.3.1/include-fixed/pthread.h:1080:35: error: expected declaration specifiers or ‘...’ before ‘pthread_rwlock_t’
 1080 | extern int pthread_rwlock_unlock (pthread_rwlock_t *__rwlock)
      |                                   ^~~~~~~~~~~~~~~~
/home/abc/arm-toolchain/lib/gcc/aarch64-none-linux-gnu/14.3.1/include-fixed/pthread.h:1087:37: error: expected declaration specifiers or ‘...’ before ‘pthread_rwlockattr_t’
 1087 | extern int pthread_rwlockattr_init (pthread_rwlockattr_t *__attr)
      |                                     ^~~~~~~~~~~~~~~~~~~~
/home/abc/arm-toolchain/lib/gcc/aarch64-none-linux-gnu/14.3.1/include-fixed/pthread.h:1091:40: error: expected declaration specifiers or ‘...’ before ‘pthread_rwlockattr_t’
 1091 | extern int pthread_rwlockattr_destroy (pthread_rwlockattr_t *__attr)
      |                                        ^~~~~~~~~~~~~~~~~~~~
/home/abc/arm-toolchain/lib/gcc/aarch64-none-linux-gnu/14.3.1/include-fixed/pthread.h:1095:49: error: type defaults to ‘int’ in declaration of ‘pthread_rwlockattr_t’ [-Wimplicit-int]
 1095 | extern int pthread_rwlockattr_getpshared (const pthread_rwlockattr_t *
      |                                                 ^~~~~~~~~~~~~~~~~~~~
/home/abc/arm-toolchain/lib/gcc/aarch64-none-linux-gnu/14.3.1/include-fixed/pthread.h:1095:70: error: expected ‘;’, ‘,’ or ‘)’ before ‘*’ token
 1095 | extern int pthread_rwlockattr_getpshared (const pthread_rwlockattr_t *
      |                                                                      ^
/home/abc/arm-toolchain/lib/gcc/aarch64-none-linux-gnu/14.3.1/include-fixed/pthread.h:1101:43: error: expected declaration specifiers or ‘...’ before ‘pthread_rwlockattr_t’
 1101 | extern int pthread_rwlockattr_setpshared (pthread_rwlockattr_t *__attr,
      |                                           ^~~~~~~~~~~~~~~~~~~~
/home/abc/arm-toolchain/lib/gcc/aarch64-none-linux-gnu/14.3.1/include-fixed/pthread.h:1106:49: error: type defaults to ‘int’ in declaration of ‘pthread_rwlockattr_t’ [-Wimplicit-int]
 1106 | extern int pthread_rwlockattr_getkind_np (const pthread_rwlockattr_t *
      |                                                 ^~~~~~~~~~~~~~~~~~~~
/home/abc/arm-toolchain/lib/gcc/aarch64-none-linux-gnu/14.3.1/include-fixed/pthread.h:1106:70: error: expected ‘;’, ‘,’ or ‘)’ before ‘*’ token
 1106 | extern int pthread_rwlockattr_getkind_np (const pthread_rwlockattr_t *
      |                                                                      ^
/home/abc/arm-toolchain/lib/gcc/aarch64-none-linux-gnu/14.3.1/include-fixed/pthread.h:1112:43: error: expected declaration specifiers or ‘...’ before ‘pthread_rwlockattr_t’
 1112 | extern int pthread_rwlockattr_setkind_np (pthread_rwlockattr_t *__attr,
      |                                           ^~~~~~~~~~~~~~~~~~~~
/home/abc/arm-toolchain/lib/gcc/aarch64-none-linux-gnu/14.3.1/include-fixed/pthread.h:1121:31: error: expected declaration specifiers or ‘...’ before ‘pthread_cond_t’
 1121 | extern int pthread_cond_init (pthread_cond_t *__restrict __cond,
      |                               ^~~~~~~~~~~~~~
/home/abc/arm-toolchain/lib/gcc/aarch64-none-linux-gnu/14.3.1/include-fixed/pthread.h:1122:37: error: type defaults to ‘int’ in declaration of ‘pthread_condattr_t’ [-Wimplicit-int]
 1122 |                               const pthread_condattr_t *__restrict __cond_attr)
      |                                     ^~~~~~~~~~~~~~~~~~
/home/abc/arm-toolchain/lib/gcc/aarch64-none-linux-gnu/14.3.1/include-fixed/pthread.h:1122:56: error: expected ‘;’, ‘,’ or ‘)’ before ‘*’ token
 1122 |                               const pthread_condattr_t *__restrict __cond_attr)
      |                                                        ^
/home/abc/arm-toolchain/lib/gcc/aarch64-none-linux-gnu/14.3.1/include-fixed/pthread.h:1126:34: error: expected declaration specifiers or ‘...’ before ‘pthread_cond_t’
 1126 | extern int pthread_cond_destroy (pthread_cond_t *__cond)
      |                                  ^~~~~~~~~~~~~~
/home/abc/arm-toolchain/lib/gcc/aarch64-none-linux-gnu/14.3.1/include-fixed/pthread.h:1130:33: error: expected declaration specifiers or ‘...’ before ‘pthread_cond_t’
 1130 | extern int pthread_cond_signal (pthread_cond_t *__cond)
      |                                 ^~~~~~~~~~~~~~
/home/abc/arm-toolchain/lib/gcc/aarch64-none-linux-gnu/14.3.1/include-fixed/pthread.h:1134:36: error: expected declaration specifiers or ‘...’ before ‘pthread_cond_t’
 1134 | extern int pthread_cond_broadcast (pthread_cond_t *__cond)
      |                                    ^~~~~~~~~~~~~~
/home/abc/arm-toolchain/lib/gcc/aarch64-none-linux-gnu/14.3.1/include-fixed/pthread.h:1142:31: error: expected declaration specifiers or ‘...’ before ‘pthread_cond_t’
 1142 | extern int pthread_cond_wait (pthread_cond_t *__restrict __cond,
      |                               ^~~~~~~~~~~~~~
/home/abc/arm-toolchain/lib/gcc/aarch64-none-linux-gnu/14.3.1/include-fixed/pthread.h:1143:31: error: expected declaration specifiers or ‘...’ before ‘pthread_mutex_t’
 1143 |                               pthread_mutex_t *__restrict __mutex)
      |                               ^~~~~~~~~~~~~~~
/home/abc/arm-toolchain/lib/gcc/aarch64-none-linux-gnu/14.3.1/include-fixed/pthread.h:1154:36: error: expected declaration specifiers or ‘...’ before ‘pthread_cond_t’
 1154 | extern int pthread_cond_timedwait (pthread_cond_t *__restrict __cond,
      |                                    ^~~~~~~~~~~~~~
/home/abc/arm-toolchain/lib/gcc/aarch64-none-linux-gnu/14.3.1/include-fixed/pthread.h:1155:36: error: expected declaration specifiers or ‘...’ before ‘pthread_mutex_t’
 1155 |                                    pthread_mutex_t *__restrict __mutex,
      |                                    ^~~~~~~~~~~~~~~
/home/abc/arm-toolchain/lib/gcc/aarch64-none-linux-gnu/14.3.1/include-fixed/pthread.h:1180:36: error: expected declaration specifiers or ‘...’ before ‘pthread_cond_t’
 1180 | extern int pthread_cond_clockwait (pthread_cond_t *__restrict __cond,
      |                                    ^~~~~~~~~~~~~~
/home/abc/arm-toolchain/lib/gcc/aarch64-none-linux-gnu/14.3.1/include-fixed/pthread.h:1181:36: error: expected declaration specifiers or ‘...’ before ‘pthread_mutex_t’
 1181 |                                    pthread_mutex_t *__restrict __mutex,
      |                                    ^~~~~~~~~~~~~~~
/home/abc/arm-toolchain/lib/gcc/aarch64-none-linux-gnu/14.3.1/include-fixed/pthread.h:1203:35: error: expected declaration specifiers or ‘...’ before ‘pthread_condattr_t’
 1203 | extern int pthread_condattr_init (pthread_condattr_t *__attr)
      |                                   ^~~~~~~~~~~~~~~~~~
/home/abc/arm-toolchain/lib/gcc/aarch64-none-linux-gnu/14.3.1/include-fixed/pthread.h:1207:38: error: expected declaration specifiers or ‘...’ before ‘pthread_condattr_t’
 1207 | extern int pthread_condattr_destroy (pthread_condattr_t *__attr)
      |                                      ^~~~~~~~~~~~~~~~~~
/home/abc/arm-toolchain/lib/gcc/aarch64-none-linux-gnu/14.3.1/include-fixed/pthread.h:1211:47: error: type defaults to ‘int’ in declaration of ‘pthread_condattr_t’ [-Wimplicit-int]
 1211 | extern int pthread_condattr_getpshared (const pthread_condattr_t *
      |                                               ^~~~~~~~~~~~~~~~~~
/home/abc/arm-toolchain/lib/gcc/aarch64-none-linux-gnu/14.3.1/include-fixed/pthread.h:1211:66: error: expected ‘;’, ‘,’ or ‘)’ before ‘*’ token
 1211 | extern int pthread_condattr_getpshared (const pthread_condattr_t *
      |                                                                  ^
/home/abc/arm-toolchain/lib/gcc/aarch64-none-linux-gnu/14.3.1/include-fixed/pthread.h:1217:41: error: expected declaration specifiers or ‘...’ before ‘pthread_condattr_t’
 1217 | extern int pthread_condattr_setpshared (pthread_condattr_t *__attr,
      |                                         ^~~~~~~~~~~~~~~~~~
/home/abc/arm-toolchain/lib/gcc/aarch64-none-linux-gnu/14.3.1/include-fixed/pthread.h:1222:45: error: type defaults to ‘int’ in declaration of ‘pthread_condattr_t’ [-Wimplicit-int]
 1222 | extern int pthread_condattr_getclock (const pthread_condattr_t *
      |                                             ^~~~~~~~~~~~~~~~~~
/home/abc/arm-toolchain/lib/gcc/aarch64-none-linux-gnu/14.3.1/include-fixed/pthread.h:1222:64: error: expected ‘;’, ‘,’ or ‘)’ before ‘*’ token
 1222 | extern int pthread_condattr_getclock (const pthread_condattr_t *
      |                                                                ^
/home/abc/arm-toolchain/lib/gcc/aarch64-none-linux-gnu/14.3.1/include-fixed/pthread.h:1228:39: error: expected declaration specifiers or ‘...’ before ‘pthread_condattr_t’
 1228 | extern int pthread_condattr_setclock (pthread_condattr_t *__attr,
      |                                       ^~~~~~~~~~~~~~~~~~
/home/abc/arm-toolchain/lib/gcc/aarch64-none-linux-gnu/14.3.1/include-fixed/pthread.h:1239:31: error: expected declaration specifiers or ‘...’ before ‘pthread_spinlock_t’
 1239 | extern int pthread_spin_init (pthread_spinlock_t *__lock, int __pshared)
      |                               ^~~~~~~~~~~~~~~~~~
/home/abc/arm-toolchain/lib/gcc/aarch64-none-linux-gnu/14.3.1/include-fixed/pthread.h:1243:34: error: expected declaration specifiers or ‘...’ before ‘pthread_spinlock_t’
 1243 | extern int pthread_spin_destroy (pthread_spinlock_t *__lock)
      |                                  ^~~~~~~~~~~~~~~~~~
/home/abc/arm-toolchain/lib/gcc/aarch64-none-linux-gnu/14.3.1/include-fixed/pthread.h:1247:31: error: expected declaration specifiers or ‘...’ before ‘pthread_spinlock_t’
 1247 | extern int pthread_spin_lock (pthread_spinlock_t *__lock)
      |                               ^~~~~~~~~~~~~~~~~~
/home/abc/arm-toolchain/lib/gcc/aarch64-none-linux-gnu/14.3.1/include-fixed/pthread.h:1251:34: error: expected declaration specifiers or ‘...’ before ‘pthread_spinlock_t’
 1251 | extern int pthread_spin_trylock (pthread_spinlock_t *__lock)
      |                                  ^~~~~~~~~~~~~~~~~~
/home/abc/arm-toolchain/lib/gcc/aarch64-none-linux-gnu/14.3.1/include-fixed/pthread.h:1255:33: error: expected declaration specifiers or ‘...’ before ‘pthread_spinlock_t’
 1255 | extern int pthread_spin_unlock (pthread_spinlock_t *__lock)
      |                                 ^~~~~~~~~~~~~~~~~~
/home/abc/arm-toolchain/lib/gcc/aarch64-none-linux-gnu/14.3.1/include-fixed/pthread.h:1263:34: error: expected declaration specifiers or ‘...’ before ‘pthread_barrier_t’
 1263 | extern int pthread_barrier_init (pthread_barrier_t *__restrict __barrier,
      |                                  ^~~~~~~~~~~~~~~~~
/home/abc/arm-toolchain/lib/gcc/aarch64-none-linux-gnu/14.3.1/include-fixed/pthread.h:1264:40: error: type defaults to ‘int’ in declaration of ‘pthread_barrierattr_t’ [-Wimplicit-int]
 1264 |                                  const pthread_barrierattr_t *__restrict
      |                                        ^~~~~~~~~~~~~~~~~~~~~
/home/abc/arm-toolchain/lib/gcc/aarch64-none-linux-gnu/14.3.1/include-fixed/pthread.h:1264:62: error: expected ‘;’, ‘,’ or ‘)’ before ‘*’ token
 1264 |                                  const pthread_barrierattr_t *__restrict
      |                                                              ^
/home/abc/arm-toolchain/lib/gcc/aarch64-none-linux-gnu/14.3.1/include-fixed/pthread.h:1269:37: error: expected declaration specifiers or ‘...’ before ‘pthread_barrier_t’
 1269 | extern int pthread_barrier_destroy (pthread_barrier_t *__barrier)
      |                                     ^~~~~~~~~~~~~~~~~
/home/abc/arm-toolchain/lib/gcc/aarch64-none-linux-gnu/14.3.1/include-fixed/pthread.h:1273:34: error: expected declaration specifiers or ‘...’ before ‘pthread_barrier_t’
 1273 | extern int pthread_barrier_wait (pthread_barrier_t *__barrier)
      |                                  ^~~~~~~~~~~~~~~~~
/home/abc/arm-toolchain/lib/gcc/aarch64-none-linux-gnu/14.3.1/include-fixed/pthread.h:1278:38: error: expected declaration specifiers or ‘...’ before ‘pthread_barrierattr_t’
 1278 | extern int pthread_barrierattr_init (pthread_barrierattr_t *__attr)
      |                                      ^~~~~~~~~~~~~~~~~~~~~
/home/abc/arm-toolchain/lib/gcc/aarch64-none-linux-gnu/14.3.1/include-fixed/pthread.h:1282:41: error: expected declaration specifiers or ‘...’ before ‘pthread_barrierattr_t’
 1282 | extern int pthread_barrierattr_destroy (pthread_barrierattr_t *__attr)
      |                                         ^~~~~~~~~~~~~~~~~~~~~
/home/abc/arm-toolchain/lib/gcc/aarch64-none-linux-gnu/14.3.1/include-fixed/pthread.h:1286:50: error: type defaults to ‘int’ in declaration of ‘pthread_barrierattr_t’ [-Wimplicit-int]
 1286 | extern int pthread_barrierattr_getpshared (const pthread_barrierattr_t *
      |                                                  ^~~~~~~~~~~~~~~~~~~~~
/home/abc/arm-toolchain/lib/gcc/aarch64-none-linux-gnu/14.3.1/include-fixed/pthread.h:1286:72: error: expected ‘;’, ‘,’ or ‘)’ before ‘*’ token
 1286 | extern int pthread_barrierattr_getpshared (const pthread_barrierattr_t *
      |                                                                        ^
/home/abc/arm-toolchain/lib/gcc/aarch64-none-linux-gnu/14.3.1/include-fixed/pthread.h:1292:44: error: expected declaration specifiers or ‘...’ before ‘pthread_barrierattr_t’
 1292 | extern int pthread_barrierattr_setpshared (pthread_barrierattr_t *__attr,
      |                                            ^~~~~~~~~~~~~~~~~~~~~
/home/abc/arm-toolchain/lib/gcc/aarch64-none-linux-gnu/14.3.1/include-fixed/pthread.h:1306:32: error: expected declaration specifiers or ‘...’ before ‘pthread_key_t’
 1306 | extern int pthread_key_create (pthread_key_t *__key,
      |                                ^~~~~~~~~~~~~
/home/abc/arm-toolchain/lib/gcc/aarch64-none-linux-gnu/14.3.1/include-fixed/pthread.h:1311:32: error: expected declaration specifiers or ‘...’ before ‘pthread_key_t’
 1311 | extern int pthread_key_delete (pthread_key_t __key) __THROW;
      |                                ^~~~~~~~~~~~~
/home/abc/arm-toolchain/lib/gcc/aarch64-none-linux-gnu/14.3.1/include-fixed/pthread.h:1314:35: error: expected declaration specifiers or ‘...’ before ‘pthread_key_t’
 1314 | extern void *pthread_getspecific (pthread_key_t __key) __THROW;
      |                                   ^~~~~~~~~~~~~
/home/abc/arm-toolchain/lib/gcc/aarch64-none-linux-gnu/14.3.1/include-fixed/pthread.h:1317:33: error: expected declaration specifiers or ‘...’ before ‘pthread_key_t’
 1317 | extern int pthread_setspecific (pthread_key_t __key,
      |                                 ^~~~~~~~~~~~~
/home/abc/arm-toolchain/lib/gcc/aarch64-none-linux-gnu/14.3.1/include-fixed/pthread.h:1324:35: error: expected declaration specifiers or ‘...’ before ‘pthread_t’
 1324 | extern int pthread_getcpuclockid (pthread_t __thread_id,
      |                                   ^~~~~~~~~
/home/abc/arm-toolchain/lib/gcc/aarch64-none-linux-gnu/14.3.1/include-fixed/pthread.h:1343:52: error: expected ‘=’, ‘,’, ‘;’, ‘asm’ or ‘__attribute__’ before ‘__THROW’
 1343 |                            void (*__child) (void)) __THROW;
      |                                                    ^~~~~~~
/home/abc/arm-toolchain/lib/gcc/aarch64-none-linux-gnu/14.3.1/include-fixed/pthread.h:1355:1: error: expected declaration specifiers before ‘__END_DECLS’
 1355 | __END_DECLS
      | ^~~~~~~~~~~
/home/abc/nhat/optee_examples/eevm_minimal_ta/external/openenclave/3rdparty/libunwind/libunwind/include/dwarf.h:136:1: error: expected declaration specifiers before ‘dwarf_expr_op_t’
  136 | dwarf_expr_op_t;
      | ^~~~~~~~~~~~~~~
/home/abc/nhat/optee_examples/eevm_minimal_ta/external/openenclave/3rdparty/libunwind/libunwind/include/dwarf.h:177:1: error: storage class specified for parameter ‘dwarf_cfa_t’
  177 | dwarf_cfa_t;
      | ^~~~~~~~~~~
/home/abc/nhat/optee_examples/eevm_minimal_ta/external/openenclave/3rdparty/libunwind/libunwind/include/dwarf.h:219:23: error: storage class specified for parameter ‘dwarf_reg_state_pool’
  219 | extern struct mempool dwarf_reg_state_pool;
      |                       ^~~~~~~~~~~~~~~~~~~~
/home/abc/nhat/optee_examples/eevm_minimal_ta/external/openenclave/3rdparty/libunwind/libunwind/include/dwarf.h:220:23: error: storage class specified for parameter ‘dwarf_cie_info_pool’
  220 | extern struct mempool dwarf_cie_info_pool;
      |                       ^~~~~~~~~~~~~~~~~~~
/home/abc/nhat/optee_examples/eevm_minimal_ta/external/openenclave/3rdparty/libunwind/libunwind/include/dwarf.h:231:1: error: storage class specified for parameter ‘dwarf_where_t’
  231 | dwarf_where_t;
      | ^~~~~~~~~~~~~
/home/abc/nhat/optee_examples/eevm_minimal_ta/external/openenclave/3rdparty/libunwind/libunwind/include/dwarf.h:249:5: error: expected specifier-qualifier-list before ‘unw_word_t’
  249 |     unw_word_t val[DWARF_NUM_PRESERVED_REGS + 2];             /* where it's saved */
      |     ^~~~~~~~~~
/home/abc/nhat/optee_examples/eevm_minimal_ta/external/openenclave/3rdparty/libunwind/libunwind/include/dwarf.h:251:1: error: storage class specified for parameter ‘dwarf_reg_only_state_t’
  251 | dwarf_reg_only_state_t;
      | ^~~~~~~~~~~~~~~~~~~~~~
/home/abc/nhat/optee_examples/eevm_minimal_ta/external/openenclave/3rdparty/libunwind/libunwind/include/dwarf.h:255:5: error: expected specifier-qualifier-list before ‘unw_word_t’
  255 |     unw_word_t ret_addr_column; /* which column in rule table represents return address */
      |     ^~~~~~~~~~
/home/abc/nhat/optee_examples/eevm_minimal_ta/external/openenclave/3rdparty/libunwind/libunwind/include/dwarf.h:258:1: error: storage class specified for parameter ‘dwarf_reg_state_t’
  258 | dwarf_reg_state_t;
      | ^~~~~~~~~~~~~~~~~
/home/abc/nhat/optee_examples/eevm_minimal_ta/external/openenclave/3rdparty/libunwind/libunwind/include/dwarf.h:263:5: error: expected specifier-qualifier-list before ‘dwarf_reg_state_t’
  263 |     dwarf_reg_state_t state;
      |     ^~~~~~~~~~~~~~~~~
/home/abc/nhat/optee_examples/eevm_minimal_ta/external/openenclave/3rdparty/libunwind/libunwind/include/dwarf.h:265:1: error: storage class specified for parameter ‘dwarf_stackable_reg_state_t’
  265 | dwarf_stackable_reg_state_t;
      | ^~~~~~~~~~~~~~~~~~~~~~~~~~~
/home/abc/nhat/optee_examples/eevm_minimal_ta/external/openenclave/3rdparty/libunwind/libunwind/include/dwarf.h:269:5: error: expected specifier-qualifier-list before ‘unw_word_t’
  269 |     unw_word_t ip;                        /* ip this rs is for */
      |     ^~~~~~~~~~
/home/abc/nhat/optee_examples/eevm_minimal_ta/external/openenclave/3rdparty/libunwind/libunwind/include/dwarf.h:275:1: error: storage class specified for parameter ‘dwarf_reg_cache_entry_t’
  275 | dwarf_reg_cache_entry_t;
      | ^~~~~~~~~~~~~~~~~~~~~~~
/home/abc/nhat/optee_examples/eevm_minimal_ta/external/openenclave/3rdparty/libunwind/libunwind/include/dwarf.h:279:5: error: expected specifier-qualifier-list before ‘unw_word_t’
  279 |     unw_word_t cie_instr_start; /* start addr. of CIE "initial_instructions" */
      |     ^~~~~~~~~~
/home/abc/nhat/optee_examples/eevm_minimal_ta/external/openenclave/3rdparty/libunwind/libunwind/include/dwarf.h:295:1: error: storage class specified for parameter ‘dwarf_cie_info_t’
  295 | dwarf_cie_info_t;
      | ^~~~~~~~~~~~~~~~
/home/abc/nhat/optee_examples/eevm_minimal_ta/external/openenclave/3rdparty/libunwind/libunwind/include/dwarf.h:300:5: error: expected specifier-qualifier-list before ‘unw_word_t’
  300 |     unw_word_t args_size;
      |     ^~~~~~~~~~
/home/abc/nhat/optee_examples/eevm_minimal_ta/external/openenclave/3rdparty/libunwind/libunwind/include/dwarf.h:305:1: error: storage class specified for parameter ‘dwarf_state_record_t’
  305 | dwarf_state_record_t;
      | ^~~~~~~~~~~~~~~~~~~~
/home/abc/nhat/optee_examples/eevm_minimal_ta/external/openenclave/3rdparty/libunwind/libunwind/include/dwarf.h:310:5: error: unknown type name ‘unw_addr_space_t’
  310 |     unw_addr_space_t as;        /* reference to per-address-space info */
      |     ^~~~~~~~~~~~~~~~
/home/abc/nhat/optee_examples/eevm_minimal_ta/external/openenclave/3rdparty/libunwind/libunwind/include/dwarf.h:312:5: error: expected specifier-qualifier-list before ‘unw_word_t’
  312 |     unw_word_t cfa;     /* canonical frame address; aka frame-/stack-pointer */
      |     ^~~~~~~~~~
/home/abc/nhat/optee_examples/eevm_minimal_ta/external/openenclave/3rdparty/libunwind/libunwind/include/dwarf.h:329:1: error: storage class specified for parameter ‘dwarf_cursor_t’
  329 | dwarf_cursor_t;
      | ^~~~~~~~~~~~~~
/home/abc/nhat/optee_examples/eevm_minimal_ta/external/openenclave/3rdparty/libunwind/libunwind/include/dwarf.h:337:23: error: storage class specified for parameter ‘unw_hash_index_t’
  337 | typedef unsigned char unw_hash_index_t;
      |                       ^~~~~~~~~~~~~~~~
/home/abc/nhat/optee_examples/eevm_minimal_ta/external/openenclave/3rdparty/libunwind/libunwind/include/dwarf.h:341:5: error: expected specifier-qualifier-list before ‘pthread_mutex_t’
  341 |     pthread_mutex_t lock;
      |     ^~~~~~~~~~~~~~~
/home/abc/nhat/optee_examples/eevm_minimal_ta/external/openenclave/3rdparty/libunwind/libunwind/include/dwarf.h:339:1: warning: empty declaration
  339 | struct dwarf_rs_cache
      | ^~~~~~
/home/abc/nhat/optee_examples/eevm_minimal_ta/external/openenclave/3rdparty/libunwind/libunwind/include/dwarf.h:367:5: error: expected specifier-qualifier-list before ‘unw_word_t’
  367 |     unw_word_t start;
      |     ^~~~~~~~~~
/home/abc/nhat/optee_examples/eevm_minimal_ta/external/openenclave/3rdparty/libunwind/libunwind/include/dwarf.h:364:1: warning: empty declaration
  364 | struct unw_debug_frame_list
      | ^~~~~~
/home/abc/nhat/optee_examples/eevm_minimal_ta/external/openenclave/3rdparty/libunwind/libunwind/include/dwarf.h:380:41: error: storage class specified for parameter ‘UNW_ARCH_OBJ’
  380 | #define dwarf_init                      UNW_ARCH_OBJ (dwarf_init)
      |                                         ^~~~~~~~~~~~
/home/abc/nhat/optee_examples/eevm_minimal_ta/external/openenclave/3rdparty/libunwind/libunwind/include/dwarf.h:400:12: note: in expansion of macro ‘dwarf_init’
  400 | extern int dwarf_init (void);
      |            ^~~~~~~~~~
/home/abc/nhat/optee_examples/eevm_minimal_ta/external/openenclave/3rdparty/libunwind/libunwind/include/dwarf.h:380:41: error: ‘UNW_ARCH_OBJ’ declared as function returning a function
  380 | #define dwarf_init                      UNW_ARCH_OBJ (dwarf_init)
      |                                         ^~~~~~~~~~~~
/home/abc/nhat/optee_examples/eevm_minimal_ta/external/openenclave/3rdparty/libunwind/libunwind/include/dwarf.h:400:12: note: in expansion of macro ‘dwarf_init’
  400 | extern int dwarf_init (void);
      |            ^~~~~~~~~~
/home/abc/nhat/optee_examples/eevm_minimal_ta/external/openenclave/3rdparty/libunwind/libunwind/include/dwarf.h:400:1: error: parameter names (without types) in function declaration [-Wdeclaration-missing-parameter-type]
  400 | extern int dwarf_init (void);
      | ^~~~~~
/home/abc/nhat/optee_examples/eevm_minimal_ta/external/openenclave/3rdparty/libunwind/libunwind/include/dwarf.h:380:41: error: redefinition of parameter ‘UNW_ARCH_OBJ’
  380 | #define dwarf_init                      UNW_ARCH_OBJ (dwarf_init)
      |                                         ^~~~~~~~~~~~
/home/abc/nhat/optee_examples/eevm_minimal_ta/external/openenclave/3rdparty/libunwind/libunwind/include/dwarf.h:400:12: note: in expansion of macro ‘dwarf_init’
  400 | extern int dwarf_init (void);
      |            ^~~~~~~~~~
./include/libunwind.h:202:41: note: previous definition of ‘UNW_ARCH_OBJ’ with type ‘int (*)()’
  202 | #define unw_tdep_is_fpreg               UNW_ARCH_OBJ(is_fpreg)
      |                                         ^~~~~~~~~~~~
./include/libunwind.h:204:12: note: in expansion of macro ‘unw_tdep_is_fpreg’
  204 | extern int unw_tdep_is_fpreg (int);
      |            ^~~~~~~~~~~~~~~~~
/home/abc/nhat/optee_examples/eevm_minimal_ta/external/openenclave/3rdparty/libunwind/libunwind/include/dwarf.h:381:41: error: storage class specified for parameter ‘UNW_OBJ’
  381 | #define dwarf_callback                  UNW_OBJ (dwarf_callback)
      |                                         ^~~~~~~
/home/abc/nhat/optee_examples/eevm_minimal_ta/external/openenclave/3rdparty/libunwind/libunwind/include/dwarf.h:402:12: note: in expansion of macro ‘dwarf_callback’
  402 | extern int dwarf_callback (struct dl_phdr_info *info, size_t size, void *ptr);
      |            ^~~~~~~~~~~~~~
/home/abc/nhat/optee_examples/eevm_minimal_ta/external/openenclave/3rdparty/libunwind/libunwind/include/dwarf.h:381:41: error: ‘UNW_OBJ’ declared as function returning a function
  381 | #define dwarf_callback                  UNW_OBJ (dwarf_callback)
      |                                         ^~~~~~~
/home/abc/nhat/optee_examples/eevm_minimal_ta/external/openenclave/3rdparty/libunwind/libunwind/include/dwarf.h:402:12: note: in expansion of macro ‘dwarf_callback’
  402 | extern int dwarf_callback (struct dl_phdr_info *info, size_t size, void *ptr);
      |            ^~~~~~~~~~~~~~
/home/abc/nhat/optee_examples/eevm_minimal_ta/external/openenclave/3rdparty/libunwind/libunwind/include/dwarf.h:402:35: error: parameter names (without types) in function declaration [-Wdeclaration-missing-parameter-type]
  402 | extern int dwarf_callback (struct dl_phdr_info *info, size_t size, void *ptr);
      |                                   ^~~~~~~~~~~~
/home/abc/nhat/optee_examples/eevm_minimal_ta/external/openenclave/3rdparty/libunwind/libunwind/include/dwarf.h:403:34: error: unknown type name ‘unw_addr_space_t’
  403 | extern int dwarf_find_proc_info (unw_addr_space_t as, unw_word_t ip,
      |                                  ^~~~~~~~~~~~~~~~
/home/abc/nhat/optee_examples/eevm_minimal_ta/external/openenclave/3rdparty/libunwind/libunwind/include/dwarf.h:403:55: error: expected declaration specifiers or ‘...’ before ‘unw_word_t’
  403 | extern int dwarf_find_proc_info (unw_addr_space_t as, unw_word_t ip,
      |                                                       ^~~~~~~~~~
/home/abc/nhat/optee_examples/eevm_minimal_ta/external/openenclave/3rdparty/libunwind/libunwind/include/dwarf.h:404:34: error: unknown type name ‘unw_proc_info_t’
  404 |                                  unw_proc_info_t *pi,
      |                                  ^~~~~~~~~~~~~~~
/home/abc/nhat/optee_examples/eevm_minimal_ta/external/openenclave/3rdparty/libunwind/libunwind/include/dwarf.h:407:47: error: expected declaration specifiers or ‘...’ before ‘unw_dyn_info_t’
  407 | extern int dwarf_find_debug_frame (int found, unw_dyn_info_t *di_debug,
      |                                               ^~~~~~~~~~~~~~
/home/abc/nhat/optee_examples/eevm_minimal_ta/external/openenclave/3rdparty/libunwind/libunwind/include/dwarf.h:408:36: error: expected declaration specifiers or ‘...’ before ‘unw_word_t’
  408 |                                    unw_word_t ip, unw_word_t segbase,
      |                                    ^~~~~~~~~~
/home/abc/nhat/optee_examples/eevm_minimal_ta/external/openenclave/3rdparty/libunwind/libunwind/include/dwarf.h:408:51: error: expected declaration specifiers or ‘...’ before ‘unw_word_t’
  408 |                                    unw_word_t ip, unw_word_t segbase,
      |                                                   ^~~~~~~~~~
/home/abc/nhat/optee_examples/eevm_minimal_ta/external/openenclave/3rdparty/libunwind/libunwind/include/dwarf.h:409:58: error: expected declaration specifiers or ‘...’ before ‘unw_word_t’
  409 |                                    const char* obj_name, unw_word_t start,
      |                                                          ^~~~~~~~~~
/home/abc/nhat/optee_examples/eevm_minimal_ta/external/openenclave/3rdparty/libunwind/libunwind/include/dwarf.h:410:36: error: expected declaration specifiers or ‘...’ before ‘unw_word_t’
  410 |                                    unw_word_t end);
      |                                    ^~~~~~~~~~
/home/abc/nhat/optee_examples/eevm_minimal_ta/external/openenclave/3rdparty/libunwind/libunwind/include/dwarf.h:411:39: error: unknown type name ‘unw_addr_space_t’
  411 | extern int dwarf_search_unwind_table (unw_addr_space_t as,
      |                                       ^~~~~~~~~~~~~~~~
/home/abc/nhat/optee_examples/eevm_minimal_ta/external/openenclave/3rdparty/libunwind/libunwind/include/dwarf.h:412:39: error: expected declaration specifiers or ‘...’ before ‘unw_word_t’
  412 |                                       unw_word_t ip,
      |                                       ^~~~~~~~~~
/home/abc/nhat/optee_examples/eevm_minimal_ta/external/openenclave/3rdparty/libunwind/libunwind/include/dwarf.h:413:39: error: expected declaration specifiers or ‘...’ before ‘unw_dyn_info_t’
  413 |                                       unw_dyn_info_t *di,
      |                                       ^~~~~~~~~~~~~~
/home/abc/nhat/optee_examples/eevm_minimal_ta/external/openenclave/3rdparty/libunwind/libunwind/include/dwarf.h:414:39: error: unknown type name ‘unw_proc_info_t’
  414 |                                       unw_proc_info_t *pi,
      |                                       ^~~~~~~~~~~~~~~
/home/abc/nhat/optee_examples/eevm_minimal_ta/external/openenclave/3rdparty/libunwind/libunwind/include/dwarf.h:417:63: error: unknown type name ‘unw_addr_space_t’
  417 | extern int dwarf_find_unwind_table (struct elf_dyn_info *edi, unw_addr_space_t as,
      |                                                               ^~~~~~~~~~~~~~~~
/home/abc/nhat/optee_examples/eevm_minimal_ta/external/openenclave/3rdparty/libunwind/libunwind/include/dwarf.h:418:49: error: expected declaration specifiers or ‘...’ before ‘unw_word_t’
  418 |                                     char *path, unw_word_t segbase, unw_word_t mapoff,
      |                                                 ^~~~~~~~~~
/home/abc/nhat/optee_examples/eevm_minimal_ta/external/openenclave/3rdparty/libunwind/libunwind/include/dwarf.h:418:69: error: expected declaration specifiers or ‘...’ before ‘unw_word_t’
  418 |                                     char *path, unw_word_t segbase, unw_word_t mapoff,
      |                                                                     ^~~~~~~~~~
/home/abc/nhat/optee_examples/eevm_minimal_ta/external/openenclave/3rdparty/libunwind/libunwind/include/dwarf.h:419:37: error: expected declaration specifiers or ‘...’ before ‘unw_word_t’
  419 |                                     unw_word_t ip);
      |                                     ^~~~~~~~~~
/home/abc/nhat/optee_examples/eevm_minimal_ta/external/openenclave/3rdparty/libunwind/libunwind/include/dwarf.h:420:36: error: unknown type name ‘unw_addr_space_t’
  420 | extern void dwarf_put_unwind_info (unw_addr_space_t as,
      |                                    ^~~~~~~~~~~~~~~~
/home/abc/nhat/optee_examples/eevm_minimal_ta/external/openenclave/3rdparty/libunwind/libunwind/include/dwarf.h:421:36: error: unknown type name ‘unw_proc_info_t’
  421 |                                    unw_proc_info_t *pi, void *arg);
      |                                    ^~~~~~~~~~~~~~~
/home/abc/nhat/optee_examples/eevm_minimal_ta/external/openenclave/3rdparty/libunwind/libunwind/include/dwarf.h:422:53: error: expected declaration specifiers or ‘...’ before ‘unw_word_t’
  422 | extern int dwarf_eval_expr (struct dwarf_cursor *c, unw_word_t *addr,
      |                                                     ^~~~~~~~~~
/home/abc/nhat/optee_examples/eevm_minimal_ta/external/openenclave/3rdparty/libunwind/libunwind/include/dwarf.h:423:29: error: expected declaration specifiers or ‘...’ before ‘unw_word_t’
  423 |                             unw_word_t len, unw_word_t *valp,
      |                             ^~~~~~~~~~
/home/abc/nhat/optee_examples/eevm_minimal_ta/external/openenclave/3rdparty/libunwind/libunwind/include/dwarf.h:423:45: error: expected declaration specifiers or ‘...’ before ‘unw_word_t’
  423 |                             unw_word_t len, unw_word_t *valp,
      |                                             ^~~~~~~~~~
/home/abc/nhat/optee_examples/eevm_minimal_ta/external/openenclave/3rdparty/libunwind/libunwind/include/dwarf.h:426:45: error: expected declaration specifiers or ‘...’ before ‘unw_word_t’
  426 | dwarf_stack_aligned(struct dwarf_cursor *c, unw_word_t cfa_addr,
      |                                             ^~~~~~~~~~
/home/abc/nhat/optee_examples/eevm_minimal_ta/external/openenclave/3rdparty/libunwind/libunwind/include/dwarf.h:427:21: error: expected declaration specifiers or ‘...’ before ‘unw_word_t’
  427 |                     unw_word_t rbp_addr, unw_word_t *offset);
      |                     ^~~~~~~~~~
/home/abc/nhat/optee_examples/eevm_minimal_ta/external/openenclave/3rdparty/libunwind/libunwind/include/dwarf.h:427:42: error: expected declaration specifiers or ‘...’ before ‘unw_word_t’
  427 |                     unw_word_t rbp_addr, unw_word_t *offset);
      |                                          ^~~~~~~~~~
/home/abc/nhat/optee_examples/eevm_minimal_ta/external/openenclave/3rdparty/libunwind/libunwind/include/dwarf.h:429:46: error: unknown type name ‘unw_addr_space_t’
  429 | extern int dwarf_extract_proc_info_from_fde (unw_addr_space_t as,
      |                                              ^~~~~~~~~~~~~~~~
/home/abc/nhat/optee_examples/eevm_minimal_ta/external/openenclave/3rdparty/libunwind/libunwind/include/dwarf.h:430:46: error: unknown type name ‘unw_accessors_t’
  430 |                                              unw_accessors_t *a,
      |                                              ^~~~~~~~~~~~~~~
/home/abc/nhat/optee_examples/eevm_minimal_ta/external/openenclave/3rdparty/libunwind/libunwind/include/dwarf.h:431:46: error: expected declaration specifiers or ‘...’ before ‘unw_word_t’
  431 |                                              unw_word_t *fde_addr,
      |                                              ^~~~~~~~~~
/home/abc/nhat/optee_examples/eevm_minimal_ta/external/openenclave/3rdparty/libunwind/libunwind/include/dwarf.h:432:46: error: unknown type name ‘unw_proc_info_t’
  432 |                                              unw_proc_info_t *pi,
      |                                              ^~~~~~~~~~~~~~~
/home/abc/nhat/optee_examples/eevm_minimal_ta/external/openenclave/3rdparty/libunwind/libunwind/include/dwarf.h:433:46: error: expected declaration specifiers or ‘...’ before ‘unw_word_t’
  433 |                                              unw_word_t base,
      |                                              ^~~~~~~~~~
/home/abc/nhat/optee_examples/eevm_minimal_ta/external/openenclave/3rdparty/libunwind/libunwind/include/dwarf.h:392:41: error: storage class specified for parameter ‘UNW_OBJ’
  392 | #define dwarf_find_save_locs            UNW_OBJ (dwarf_find_save_locs)
      |                                         ^~~~~~~
/home/abc/nhat/optee_examples/eevm_minimal_ta/external/openenclave/3rdparty/libunwind/libunwind/include/dwarf.h:437:12: note: in expansion of macro ‘dwarf_find_save_locs’
  437 | extern int dwarf_find_save_locs (struct dwarf_cursor *c);
      |            ^~~~~~~~~~~~~~~~~~~~
/home/abc/nhat/optee_examples/eevm_minimal_ta/external/openenclave/3rdparty/libunwind/libunwind/include/dwarf.h:392:41: error: ‘UNW_OBJ’ declared as function returning a function
  392 | #define dwarf_find_save_locs            UNW_OBJ (dwarf_find_save_locs)
      |                                         ^~~~~~~
/home/abc/nhat/optee_examples/eevm_minimal_ta/external/openenclave/3rdparty/libunwind/libunwind/include/dwarf.h:437:12: note: in expansion of macro ‘dwarf_find_save_locs’
  437 | extern int dwarf_find_save_locs (struct dwarf_cursor *c);
      |            ^~~~~~~~~~~~~~~~~~~~
/home/abc/nhat/optee_examples/eevm_minimal_ta/external/openenclave/3rdparty/libunwind/libunwind/include/dwarf.h:437:41: error: parameter names (without types) in function declaration [-Wdeclaration-missing-parameter-type]
  437 | extern int dwarf_find_save_locs (struct dwarf_cursor *c);
      |                                         ^~~~~~~~~~~~
/home/abc/nhat/optee_examples/eevm_minimal_ta/external/openenclave/3rdparty/libunwind/libunwind/include/dwarf.h:392:41: error: redefinition of parameter ‘UNW_OBJ’
  392 | #define dwarf_find_save_locs            UNW_OBJ (dwarf_find_save_locs)
      |                                         ^~~~~~~
/home/abc/nhat/optee_examples/eevm_minimal_ta/external/openenclave/3rdparty/libunwind/libunwind/include/dwarf.h:437:12: note: in expansion of macro ‘dwarf_find_save_locs’
  437 | extern int dwarf_find_save_locs (struct dwarf_cursor *c);
      |            ^~~~~~~~~~~~~~~~~~~~
/home/abc/nhat/optee_examples/eevm_minimal_ta/external/openenclave/3rdparty/libunwind/libunwind/include/dwarf.h:381:41: note: previous definition of ‘UNW_OBJ’ with type ‘int (*)()’
  381 | #define dwarf_callback                  UNW_OBJ (dwarf_callback)
      |                                         ^~~~~~~
/home/abc/nhat/optee_examples/eevm_minimal_ta/external/openenclave/3rdparty/libunwind/libunwind/include/dwarf.h:402:12: note: in expansion of macro ‘dwarf_callback’
  402 | extern int dwarf_callback (struct dl_phdr_info *info, size_t size, void *ptr);
      |            ^~~~~~~~~~~~~~
/home/abc/nhat/optee_examples/eevm_minimal_ta/external/openenclave/3rdparty/libunwind/libunwind/include/dwarf.h:393:41: error: storage class specified for parameter ‘UNW_OBJ’
  393 | #define dwarf_make_proc_info            UNW_OBJ (dwarf_make_proc_info)
      |                                         ^~~~~~~
/home/abc/nhat/optee_examples/eevm_minimal_ta/external/openenclave/3rdparty/libunwind/libunwind/include/dwarf.h:438:12: note: in expansion of macro ‘dwarf_make_proc_info’
  438 | extern int dwarf_make_proc_info (struct dwarf_cursor *c);
      |            ^~~~~~~~~~~~~~~~~~~~
/home/abc/nhat/optee_examples/eevm_minimal_ta/external/openenclave/3rdparty/libunwind/libunwind/include/dwarf.h:393:41: error: ‘UNW_OBJ’ declared as function returning a function
  393 | #define dwarf_make_proc_info            UNW_OBJ (dwarf_make_proc_info)
      |                                         ^~~~~~~
/home/abc/nhat/optee_examples/eevm_minimal_ta/external/openenclave/3rdparty/libunwind/libunwind/include/dwarf.h:438:12: note: in expansion of macro ‘dwarf_make_proc_info’
  438 | extern int dwarf_make_proc_info (struct dwarf_cursor *c);
      |            ^~~~~~~~~~~~~~~~~~~~
/home/abc/nhat/optee_examples/eevm_minimal_ta/external/openenclave/3rdparty/libunwind/libunwind/include/dwarf.h:438:41: error: parameter names (without types) in function declaration [-Wdeclaration-missing-parameter-type]
  438 | extern int dwarf_make_proc_info (struct dwarf_cursor *c);
      |                                         ^~~~~~~~~~~~
/home/abc/nhat/optee_examples/eevm_minimal_ta/external/openenclave/3rdparty/libunwind/libunwind/include/dwarf.h:393:41: error: redefinition of parameter ‘UNW_OBJ’
  393 | #define dwarf_make_proc_info            UNW_OBJ (dwarf_make_proc_info)
      |                                         ^~~~~~~
/home/abc/nhat/optee_examples/eevm_minimal_ta/external/openenclave/3rdparty/libunwind/libunwind/include/dwarf.h:438:12: note: in expansion of macro ‘dwarf_make_proc_info’
  438 | extern int dwarf_make_proc_info (struct dwarf_cursor *c);
      |            ^~~~~~~~~~~~~~~~~~~~
/home/abc/nhat/optee_examples/eevm_minimal_ta/external/openenclave/3rdparty/libunwind/libunwind/include/dwarf.h:392:41: note: previous definition of ‘UNW_OBJ’ with type ‘int (*)()’
  392 | #define dwarf_find_save_locs            UNW_OBJ (dwarf_find_save_locs)
      |                                         ^~~~~~~
/home/abc/nhat/optee_examples/eevm_minimal_ta/external/openenclave/3rdparty/libunwind/libunwind/include/dwarf.h:437:12: note: in expansion of macro ‘dwarf_find_save_locs’
  437 | extern int dwarf_find_save_locs (struct dwarf_cursor *c);
      |            ^~~~~~~~~~~~~~~~~~~~
/home/abc/nhat/optee_examples/eevm_minimal_ta/external/openenclave/3rdparty/libunwind/libunwind/include/dwarf.h:394:41: error: storage class specified for parameter ‘UNW_OBJ’
  394 | #define dwarf_apply_reg_state           UNW_OBJ (dwarf_apply_reg_state)
      |                                         ^~~~~~~
/home/abc/nhat/optee_examples/eevm_minimal_ta/external/openenclave/3rdparty/libunwind/libunwind/include/dwarf.h:439:12: note: in expansion of macro ‘dwarf_apply_reg_state’
  439 | extern int dwarf_apply_reg_state (struct dwarf_cursor *c, struct dwarf_reg_state *rs);
      |            ^~~~~~~~~~~~~~~~~~~~~
/home/abc/nhat/optee_examples/eevm_minimal_ta/external/openenclave/3rdparty/libunwind/libunwind/include/dwarf.h:394:41: error: ‘UNW_OBJ’ declared as function returning a function
  394 | #define dwarf_apply_reg_state           UNW_OBJ (dwarf_apply_reg_state)
      |                                         ^~~~~~~
/home/abc/nhat/optee_examples/eevm_minimal_ta/external/openenclave/3rdparty/libunwind/libunwind/include/dwarf.h:439:12: note: in expansion of macro ‘dwarf_apply_reg_state’
  439 | extern int dwarf_apply_reg_state (struct dwarf_cursor *c, struct dwarf_reg_state *rs);
      |            ^~~~~~~~~~~~~~~~~~~~~
/home/abc/nhat/optee_examples/eevm_minimal_ta/external/openenclave/3rdparty/libunwind/libunwind/include/dwarf.h:439:66: error: parameter names (without types) in function declaration [-Wdeclaration-missing-parameter-type]
  439 | extern int dwarf_apply_reg_state (struct dwarf_cursor *c, struct dwarf_reg_state *rs);
      |                                                                  ^~~~~~~~~~~~~~~
/home/abc/nhat/optee_examples/eevm_minimal_ta/external/openenclave/3rdparty/libunwind/libunwind/include/dwarf.h:394:41: error: redefinition of parameter ‘UNW_OBJ’
  394 | #define dwarf_apply_reg_state           UNW_OBJ (dwarf_apply_reg_state)
      |                                         ^~~~~~~
/home/abc/nhat/optee_examples/eevm_minimal_ta/external/openenclave/3rdparty/libunwind/libunwind/include/dwarf.h:439:12: note: in expansion of macro ‘dwarf_apply_reg_state’
  439 | extern int dwarf_apply_reg_state (struct dwarf_cursor *c, struct dwarf_reg_state *rs);
      |            ^~~~~~~~~~~~~~~~~~~~~
/home/abc/nhat/optee_examples/eevm_minimal_ta/external/openenclave/3rdparty/libunwind/libunwind/include/dwarf.h:393:41: note: previous definition of ‘UNW_OBJ’ with type ‘int (*)()’
  393 | #define dwarf_make_proc_info            UNW_OBJ (dwarf_make_proc_info)
      |                                         ^~~~~~~
/home/abc/nhat/optee_examples/eevm_minimal_ta/external/openenclave/3rdparty/libunwind/libunwind/include/dwarf.h:438:12: note: in expansion of macro ‘dwarf_make_proc_info’
  438 | extern int dwarf_make_proc_info (struct dwarf_cursor *c);
      |            ^~~~~~~~~~~~~~~~~~~~
/home/abc/nhat/optee_examples/eevm_minimal_ta/external/openenclave/3rdparty/libunwind/libunwind/include/dwarf.h:440:62: error: unknown type name ‘unw_reg_states_callback’
  440 | extern int dwarf_reg_states_iterate (struct dwarf_cursor *c, unw_reg_states_callback cb, void *token);
      |                                                              ^~~~~~~~~~~~~~~~~~~~~~~
/home/abc/nhat/optee_examples/eevm_minimal_ta/external/openenclave/3rdparty/libunwind/libunwind/include/dwarf.h:441:40: error: unknown type name ‘unw_addr_space_t’
  441 | extern int dwarf_read_encoded_pointer (unw_addr_space_t as,
      |                                        ^~~~~~~~~~~~~~~~
/home/abc/nhat/optee_examples/eevm_minimal_ta/external/openenclave/3rdparty/libunwind/libunwind/include/dwarf.h:442:40: error: unknown type name ‘unw_accessors_t’
  442 |                                        unw_accessors_t *a,
      |                                        ^~~~~~~~~~~~~~~
/home/abc/nhat/optee_examples/eevm_minimal_ta/external/openenclave/3rdparty/libunwind/libunwind/include/dwarf.h:443:40: error: expected declaration specifiers or ‘...’ before ‘unw_word_t’
  443 |                                        unw_word_t *addr,
      |                                        ^~~~~~~~~~
/home/abc/nhat/optee_examples/eevm_minimal_ta/external/openenclave/3rdparty/libunwind/libunwind/include/dwarf.h:445:46: error: unknown type name ‘unw_proc_info_t’
  445 |                                        const unw_proc_info_t *pi,
      |                                              ^~~~~~~~~~~~~~~
/home/abc/nhat/optee_examples/eevm_minimal_ta/external/openenclave/3rdparty/libunwind/libunwind/include/dwarf.h:446:40: error: expected declaration specifiers or ‘...’ before ‘unw_word_t’
  446 |                                        unw_word_t *valp, void *arg);
      |                                        ^~~~~~~~~~
/home/abc/nhat/optee_examples/eevm_minimal_ta/external/openenclave/3rdparty/libunwind/libunwind/include/dwarf.h:397:41: error: storage class specified for parameter ‘UNW_OBJ’
  397 | #define dwarf_step                      UNW_OBJ (dwarf_step)
      |                                         ^~~~~~~
/home/abc/nhat/optee_examples/eevm_minimal_ta/external/openenclave/3rdparty/libunwind/libunwind/include/dwarf.h:447:12: note: in expansion of macro ‘dwarf_step’
  447 | extern int dwarf_step (struct dwarf_cursor *c);
      |            ^~~~~~~~~~
/home/abc/nhat/optee_examples/eevm_minimal_ta/external/openenclave/3rdparty/libunwind/libunwind/include/dwarf.h:397:41: error: ‘UNW_OBJ’ declared as function returning a function
  397 | #define dwarf_step                      UNW_OBJ (dwarf_step)
      |                                         ^~~~~~~
/home/abc/nhat/optee_examples/eevm_minimal_ta/external/openenclave/3rdparty/libunwind/libunwind/include/dwarf.h:447:12: note: in expansion of macro ‘dwarf_step’
  447 | extern int dwarf_step (struct dwarf_cursor *c);
      |            ^~~~~~~~~~
/home/abc/nhat/optee_examples/eevm_minimal_ta/external/openenclave/3rdparty/libunwind/libunwind/include/dwarf.h:447:31: error: parameter names (without types) in function declaration [-Wdeclaration-missing-parameter-type]
  447 | extern int dwarf_step (struct dwarf_cursor *c);
      |                               ^~~~~~~~~~~~
/home/abc/nhat/optee_examples/eevm_minimal_ta/external/openenclave/3rdparty/libunwind/libunwind/include/dwarf.h:397:41: error: redefinition of parameter ‘UNW_OBJ’
  397 | #define dwarf_step                      UNW_OBJ (dwarf_step)
      |                                         ^~~~~~~
/home/abc/nhat/optee_examples/eevm_minimal_ta/external/openenclave/3rdparty/libunwind/libunwind/include/dwarf.h:447:12: note: in expansion of macro ‘dwarf_step’
  447 | extern int dwarf_step (struct dwarf_cursor *c);
      |            ^~~~~~~~~~
/home/abc/nhat/optee_examples/eevm_minimal_ta/external/openenclave/3rdparty/libunwind/libunwind/include/dwarf.h:394:41: note: previous definition of ‘UNW_OBJ’ with type ‘int (*)()’
  394 | #define dwarf_apply_reg_state           UNW_OBJ (dwarf_apply_reg_state)
      |                                         ^~~~~~~
/home/abc/nhat/optee_examples/eevm_minimal_ta/external/openenclave/3rdparty/libunwind/libunwind/include/dwarf.h:439:12: note: in expansion of macro ‘dwarf_apply_reg_state’
  439 | extern int dwarf_apply_reg_state (struct dwarf_cursor *c, struct dwarf_reg_state *rs);
      |            ^~~~~~~~~~~~~~~~~~~~~
/home/abc/nhat/optee_examples/eevm_minimal_ta/external/openenclave/3rdparty/libunwind/libunwind/include/dwarf.h:398:41: error: storage class specified for parameter ‘UNW_OBJ’
  398 | #define dwarf_flush_rs_cache            UNW_OBJ (dwarf_flush_rs_cache)
      |                                         ^~~~~~~
/home/abc/nhat/optee_examples/eevm_minimal_ta/external/openenclave/3rdparty/libunwind/libunwind/include/dwarf.h:448:12: note: in expansion of macro ‘dwarf_flush_rs_cache’
  448 | extern int dwarf_flush_rs_cache (struct dwarf_rs_cache *cache);
      |            ^~~~~~~~~~~~~~~~~~~~
/home/abc/nhat/optee_examples/eevm_minimal_ta/external/openenclave/3rdparty/libunwind/libunwind/include/dwarf.h:398:41: error: ‘UNW_OBJ’ declared as function returning a function
  398 | #define dwarf_flush_rs_cache            UNW_OBJ (dwarf_flush_rs_cache)
      |                                         ^~~~~~~
/home/abc/nhat/optee_examples/eevm_minimal_ta/external/openenclave/3rdparty/libunwind/libunwind/include/dwarf.h:448:12: note: in expansion of macro ‘dwarf_flush_rs_cache’
  448 | extern int dwarf_flush_rs_cache (struct dwarf_rs_cache *cache);
      |            ^~~~~~~~~~~~~~~~~~~~
/home/abc/nhat/optee_examples/eevm_minimal_ta/external/openenclave/3rdparty/libunwind/libunwind/include/dwarf.h:448:41: error: parameter names (without types) in function declaration [-Wdeclaration-missing-parameter-type]
  448 | extern int dwarf_flush_rs_cache (struct dwarf_rs_cache *cache);
      |                                         ^~~~~~~~~~~~~~
/home/abc/nhat/optee_examples/eevm_minimal_ta/external/openenclave/3rdparty/libunwind/libunwind/include/dwarf.h:398:41: error: redefinition of parameter ‘UNW_OBJ’
  398 | #define dwarf_flush_rs_cache            UNW_OBJ (dwarf_flush_rs_cache)
      |                                         ^~~~~~~
/home/abc/nhat/optee_examples/eevm_minimal_ta/external/openenclave/3rdparty/libunwind/libunwind/include/dwarf.h:448:12: note: in expansion of macro ‘dwarf_flush_rs_cache’
  448 | extern int dwarf_flush_rs_cache (struct dwarf_rs_cache *cache);
      |            ^~~~~~~~~~~~~~~~~~~~
/home/abc/nhat/optee_examples/eevm_minimal_ta/external/openenclave/3rdparty/libunwind/libunwind/include/dwarf.h:397:41: note: previous definition of ‘UNW_OBJ’ with type ‘int (*)()’
  397 | #define dwarf_step                      UNW_OBJ (dwarf_step)
      |                                         ^~~~~~~
/home/abc/nhat/optee_examples/eevm_minimal_ta/external/openenclave/3rdparty/libunwind/libunwind/include/dwarf.h:447:12: note: in expansion of macro ‘dwarf_step’
  447 | extern int dwarf_step (struct dwarf_cursor *c);
      |            ^~~~~~~~~~
In file included from /home/abc/optee_os/out/arm-plat-rpi5/export-ta_arm64/include/trace.h:9,
                 from /home/abc/optee_os/out/arm-plat-rpi5/export-ta_arm64/include/assert.h:9,
                 from /home/abc/nhat/optee_examples/eevm_minimal_ta/external/openenclave/3rdparty/libunwind/libunwind/include/libunwind_i.h:50,
                 from /home/abc/nhat/optee_examples/eevm_minimal_ta/external/openenclave/3rdparty/libunwind/libunwind/include/dwarf_i.h:10:
/home/abc/arm-toolchain/lib/gcc/aarch64-none-linux-gnu/14.3.1/include/stdarg.h:40:27: error: storage class specified for parameter ‘__gnuc_va_list’
   40 | typedef __builtin_va_list __gnuc_va_list;
      |                           ^~~~~~~~~~~~~~
/home/abc/arm-toolchain/lib/gcc/aarch64-none-linux-gnu/14.3.1/include/stdarg.h:103:24: error: expected ‘=’, ‘,’, ‘;’, ‘asm’ or ‘__attribute__’ before ‘va_list’
  103 | typedef __gnuc_va_list va_list;
      |                        ^~~~~~~
/home/abc/optee_os/out/arm-plat-rpi5/export-ta_arm64/include/trace.h:24:12: error: storage class specified for parameter ‘trace_level’
   24 | extern int trace_level;
      |            ^~~~~~~~~~~
/home/abc/optee_os/out/arm-plat-rpi5/export-ta_arm64/include/trace.h:25:19: error: storage class specified for parameter ‘trace_ext_prefix’
   25 | extern const char trace_ext_prefix[];
      |                   ^~~~~~~~~~~~~~~~
/home/abc/optee_os/out/arm-plat-rpi5/export-ta_arm64/include/trace.h:36:37: error: unknown type name ‘va_list’
   36 |                    const char *fmt, va_list args) __printf(5, 0);
      |                                     ^~~~~~~
/home/abc/optee_os/out/arm-plat-rpi5/export-ta_arm64/include/trace.h:13:1: note: ‘va_list’ is defined in header ‘<stdarg.h>’; this is probably fixable by adding ‘#include <stdarg.h>’
   12 | #include <trace_levels.h>
  +++ |+#include <stdarg.h>
   13 | 
/home/abc/optee_os/out/arm-plat-rpi5/export-ta_arm64/include/trace.h:38:41: error: expected ‘=’, ‘,’, ‘;’, ‘asm’ or ‘__attribute__’ before ‘__printf’
   38 |                   const char *fmt, ...) __printf(5, 6);
      |                                         ^~~~~~~~
/home/abc/optee_os/out/arm-plat-rpi5/export-ta_arm64/include/assert.h:11:17: error: expected ‘=’, ‘,’, ‘;’, ‘asm’ or ‘__attribute__’ before ‘_assert_break’
   11 | void __noreturn _assert_break(void);
      |                 ^~~~~~~~~~~~~
/home/abc/optee_os/out/arm-plat-rpi5/export-ta_arm64/include/assert.h:15:31: error: expected ‘=’, ‘,’, ‘;’, ‘asm’ or ‘__attribute__’ before ‘_assert_trap’
   15 | static inline void __noreturn _assert_trap(const char *expr_str,
      |                               ^~~~~~~~~~~~
/home/abc/optee_os/out/arm-plat-rpi5/export-ta_arm64/include/assert.h:25:1: error: expected ‘=’, ‘,’, ‘;’, ‘asm’ or ‘__attribute__’ before ‘{’ token
   25 | {
      | ^
In file included from /home/abc/optee_os/out/arm-plat-rpi5/export-ta_arm64/include/pta_stats.h:10,
                 from /home/abc/optee_os/out/arm-plat-rpi5/export-ta_arm64/include/malloc.h:10,
                 from /home/abc/optee_os/out/arm-plat-rpi5/export-ta_arm64/include/stdlib.h:16,
                 from /home/abc/nhat/optee_examples/eevm_minimal_ta/external/openenclave/3rdparty/libunwind/libunwind/include/libunwind_i.h:54:
/home/abc/optee_os/out/arm-plat-rpi5/export-ta_arm64/include/tee_api_types.h:20:18: error: storage class specified for parameter ‘TEE_Result’
   20 | typedef uint32_t TEE_Result;
      |                  ^~~~~~~~~~
/home/abc/optee_os/out/arm-plat-rpi5/export-ta_arm64/include/tee_api_types.h:27:3: error: storage class specified for parameter ‘TEE_UUID’
   27 | } TEE_UUID;
      |   ^~~~~~~~
/home/abc/optee_os/out/arm-plat-rpi5/export-ta_arm64/include/tee_api_types.h:36:9: error: expected specifier-qualifier-list before ‘TEE_UUID’
   36 |         TEE_UUID uuid;
      |         ^~~~~~~~
/home/abc/optee_os/out/arm-plat-rpi5/export-ta_arm64/include/tee_api_types.h:37:3: error: storage class specified for parameter ‘TEE_Identity’
   37 | } TEE_Identity;
      |   ^~~~~~~~~~~~
/home/abc/optee_os/out/arm-plat-rpi5/export-ta_arm64/include/tee_api_types.h:58:3: error: storage class specified for parameter ‘TEE_Param’
   58 | } TEE_Param;
      |   ^~~~~~~~~
/home/abc/optee_os/out/arm-plat-rpi5/export-ta_arm64/include/tee_api_types.h:69:3: error: storage class specified for parameter ‘__GP11_TEE_Param’
   69 | } __GP11_TEE_Param;
      |   ^~~~~~~~~~~~~~~~
/home/abc/optee_os/out/arm-plat-rpi5/export-ta_arm64/include/tee_api_types.h:75:39: error: storage class specified for parameter ‘TEE_TASessionHandle’
   75 | typedef struct __TEE_TASessionHandle *TEE_TASessionHandle;
      |                                       ^~~~~~~~~~~~~~~~~~~
/home/abc/optee_os/out/arm-plat-rpi5/export-ta_arm64/include/tee_api_types.h:82:37: error: storage class specified for parameter ‘TEE_PropSetHandle’
   82 | typedef struct __TEE_PropSetHandle *TEE_PropSetHandle;
      |                                     ^~~~~~~~~~~~~~~~~
/home/abc/optee_os/out/arm-plat-rpi5/export-ta_arm64/include/tee_api_types.h:84:36: error: storage class specified for parameter ‘TEE_ObjectHandle’
   84 | typedef struct __TEE_ObjectHandle *TEE_ObjectHandle;
      |                                    ^~~~~~~~~~~~~~~~
/home/abc/optee_os/out/arm-plat-rpi5/export-ta_arm64/include/tee_api_types.h:85:40: error: storage class specified for parameter ‘TEE_ObjectEnumHandle’
   85 | typedef struct __TEE_ObjectEnumHandle *TEE_ObjectEnumHandle;
      |                                        ^~~~~~~~~~~~~~~~~~~~
/home/abc/optee_os/out/arm-plat-rpi5/export-ta_arm64/include/tee_api_types.h:86:39: error: storage class specified for parameter ‘TEE_OperationHandle’
   86 | typedef struct __TEE_OperationHandle *TEE_OperationHandle;
      |                                       ^~~~~~~~~~~~~~~~~~~
/home/abc/optee_os/out/arm-plat-rpi5/export-ta_arm64/include/tee_api_types.h:92:18: error: storage class specified for parameter ‘TEE_ObjectType’
   92 | typedef uint32_t TEE_ObjectType;
      |                  ^~~~~~~~~~~~~~
/home/abc/optee_os/out/arm-plat-rpi5/export-ta_arm64/include/tee_api_types.h:102:3: error: storage class specified for parameter ‘TEE_ObjectInfo’
  102 | } TEE_ObjectInfo;
      |   ^~~~~~~~~~~~~~
/home/abc/optee_os/out/arm-plat-rpi5/export-ta_arm64/include/tee_api_types.h:118:3: error: storage class specified for parameter ‘__GP11_TEE_ObjectInfo’
  118 | } __GP11_TEE_ObjectInfo;
      |   ^~~~~~~~~~~~~~~~~~~~~
/home/abc/optee_os/out/arm-plat-rpi5/export-ta_arm64/include/tee_api_types.h:120:18: error: storage class specified for parameter ‘TEE_Whence’
  120 | typedef uint32_t TEE_Whence;
      |                  ^~~~~~~~~~
/home/abc/optee_os/out/arm-plat-rpi5/export-ta_arm64/include/tee_api_types.h:133:3: error: storage class specified for parameter ‘TEE_Attribute’
  133 | } TEE_Attribute;
      |   ^~~~~~~~~~~~~
/home/abc/optee_os/out/arm-plat-rpi5/export-ta_arm64/include/tee_api_types.h:146:3: error: storage class specified for parameter ‘__GP11_TEE_Attribute’
  146 | } __GP11_TEE_Attribute;
      |   ^~~~~~~~~~~~~~~~~~~~
/home/abc/optee_os/out/arm-plat-rpi5/export-ta_arm64/include/tee_api_types.h:150:18: error: storage class specified for parameter ‘TEE_OperationMode’
  150 | typedef uint32_t TEE_OperationMode;
      |                  ^~~~~~~~~~~~~~~~~
/home/abc/optee_os/out/arm-plat-rpi5/export-ta_arm64/include/tee_api_types.h:161:3: error: storage class specified for parameter ‘TEE_OperationInfo’
  161 | } TEE_OperationInfo;
      |   ^~~~~~~~~~~~~~~~~
/home/abc/optee_os/out/arm-plat-rpi5/export-ta_arm64/include/tee_api_types.h:166:3: error: storage class specified for parameter ‘TEE_OperationInfoKey’
  166 | } TEE_OperationInfoKey;
      |   ^~~~~~~~~~~~~~~~~~~~
/home/abc/optee_os/out/arm-plat-rpi5/export-ta_arm64/include/tee_api_types.h:177:9: error: expected specifier-qualifier-list before ‘TEE_OperationInfoKey’
  177 |         TEE_OperationInfoKey keyInformation[];
      |         ^~~~~~~~~~~~~~~~~~~~
/home/abc/optee_os/out/arm-plat-rpi5/export-ta_arm64/include/tee_api_types.h:178:3: error: storage class specified for parameter ‘TEE_OperationInfoMultiple’
  178 | } TEE_OperationInfoMultiple;
      |   ^~~~~~~~~~~~~~~~~~~~~~~~~
/home/abc/optee_os/out/arm-plat-rpi5/export-ta_arm64/include/tee_api_types.h:185:3: error: storage class specified for parameter ‘TEE_Time’
  185 | } TEE_Time;
      |   ^~~~~~~~
/home/abc/optee_os/out/arm-plat-rpi5/export-ta_arm64/include/tee_api_types.h:189:18: error: storage class specified for parameter ‘TEE_BigInt’
  189 | typedef uint32_t TEE_BigInt;
      |                  ^~~~~~~~~~
/home/abc/optee_os/out/arm-plat-rpi5/export-ta_arm64/include/tee_api_types.h:191:18: error: storage class specified for parameter ‘TEE_BigIntFMM’
  191 | typedef uint32_t TEE_BigIntFMM;
      |                  ^~~~~~~~~~~~~
/home/abc/optee_os/out/arm-plat-rpi5/export-ta_arm64/include/tee_api_types.h:193:18: error: storage class specified for parameter ‘TEE_BigIntFMMContext’
  193 | typedef uint32_t TEE_BigIntFMMContext;
      |                  ^~~~~~~~~~~~~~~~~~~~
/home/abc/optee_os/out/arm-plat-rpi5/export-ta_arm64/include/tee_api_types.h:197:39: error: storage class specified for parameter ‘TEE_SEServiceHandle’
  197 | typedef struct __TEE_SEServiceHandle *TEE_SEServiceHandle;
      |                                       ^~~~~~~~~~~~~~~~~~~
/home/abc/optee_os/out/arm-plat-rpi5/export-ta_arm64/include/tee_api_types.h:198:38: error: storage class specified for parameter ‘TEE_SEReaderHandle’
  198 | typedef struct __TEE_SEReaderHandle *TEE_SEReaderHandle;
      |                                      ^~~~~~~~~~~~~~~~~~
/home/abc/optee_os/out/arm-plat-rpi5/export-ta_arm64/include/tee_api_types.h:199:39: error: storage class specified for parameter ‘TEE_SESessionHandle’
  199 | typedef struct __TEE_SESessionHandle *TEE_SESessionHandle;
      |                                       ^~~~~~~~~~~~~~~~~~~
/home/abc/optee_os/out/arm-plat-rpi5/export-ta_arm64/include/tee_api_types.h:200:39: error: storage class specified for parameter ‘TEE_SEChannelHandle’
  200 | typedef struct __TEE_SEChannelHandle *TEE_SEChannelHandle;
      |                                       ^~~~~~~~~~~~~~~~~~~
/home/abc/optee_os/out/arm-plat-rpi5/export-ta_arm64/include/tee_api_types.h:206:3: error: storage class specified for parameter ‘TEE_SEReaderProperties’
  206 | } TEE_SEReaderProperties;
      |   ^~~~~~~~~~~~~~~~~~~~~~
/home/abc/optee_os/out/arm-plat-rpi5/export-ta_arm64/include/tee_api_types.h:211:3: error: storage class specified for parameter ‘TEE_SEAID’
  211 | } TEE_SEAID;
      |   ^~~~~~~~~
/home/abc/optee_os/out/arm-plat-rpi5/export-ta_arm64/include/tee_api_types.h:214:18: error: storage class specified for parameter ‘TEE_ErrorOrigin’
  214 | typedef uint32_t TEE_ErrorOrigin;
      |                  ^~~~~~~~~~~~~~~
/home/abc/optee_os/out/arm-plat-rpi5/export-ta_arm64/include/tee_api_types.h:215:15: error: storage class specified for parameter ‘TEE_Session’
  215 | typedef void *TEE_Session;
      |               ^~~~~~~~~~~
/home/abc/optee_os/out/arm-plat-rpi5/export-ta_arm64/include/pta_stats.h:46:1: warning: empty declaration
   46 | struct pta_stats_alloc {
      | ^~~~~~
/home/abc/optee_os/out/arm-plat-rpi5/export-ta_arm64/include/pta_stats.h:70:9: error: expected specifier-qualifier-list before ‘TEE_UUID’
   70 |         TEE_UUID uuid;
      |         ^~~~~~~~
/home/abc/optee_os/out/arm-plat-rpi5/export-ta_arm64/include/pta_stats.h:69:1: warning: empty declaration
   69 | struct pta_stats_ta {
      | ^~~~~~
/home/abc/optee_os/out/arm-plat-rpi5/export-ta_arm64/include/malloc.h:143:1: warning: empty declaration
  143 | struct malloc_ctx;
      | ^~~~~~
/home/abc/optee_os/out/arm-plat-rpi5/export-ta_arm64/include/stdlib.h:21:18: error: expected ‘=’, ‘,’, ‘;’, ‘asm’ or ‘__attribute__’ before ‘__noreturn’
   21 | void abort(void) __noreturn;
      |                  ^~~~~~~~~~
In file included from /home/abc/nhat/optee_examples/eevm_minimal_ta/external/openenclave/3rdparty/libunwind/libunwind/include/libunwind_i.h:57:
/home/abc/arm-toolchain/aarch64-none-linux-gnu/libc/usr/include/sys/mman.h:29:17: error: storage class specified for parameter ‘off_t’
   29 | typedef __off_t off_t;
      |                 ^~~~~
/home/abc/arm-toolchain/aarch64-none-linux-gnu/libc/usr/include/sys/mman.h:37:18: error: storage class specified for parameter ‘mode_t’
   37 | typedef __mode_t mode_t;
      |                  ^~~~~~
In file included from /home/abc/arm-toolchain/aarch64-none-linux-gnu/libc/usr/include/bits/mman-linux.h:135,
                 from /home/abc/arm-toolchain/aarch64-none-linux-gnu/libc/usr/include/bits/mman.h:32,
                 from /home/abc/arm-toolchain/aarch64-none-linux-gnu/libc/usr/include/sys/mman.h:41:
/home/abc/arm-toolchain/aarch64-none-linux-gnu/libc/usr/include/bits/mman-shared.h:51:1: error: expected declaration specifiers before ‘__BEGIN_DECLS’
   51 | __BEGIN_DECLS
      | ^~~~~~~~~~~~~
/home/abc/arm-toolchain/aarch64-none-linux-gnu/libc/usr/include/bits/mman-shared.h:59:72: error: expected ‘=’, ‘,’, ‘;’, ‘asm’ or ‘__attribute__’ before ‘__THROW’
   59 | int mlock2 (const void *__addr, size_t __length, unsigned int __flags) __THROW;
      |                                                                        ^~~~~~~
/home/abc/arm-toolchain/aarch64-none-linux-gnu/libc/usr/include/bits/mman-shared.h:65:69: error: expected ‘=’, ‘,’, ‘;’, ‘asm’ or ‘__attribute__’ before ‘__THROW’
   65 | int pkey_alloc (unsigned int __flags, unsigned int __access_rights) __THROW;
      |                                                                     ^~~~~~~
/home/abc/arm-toolchain/aarch64-none-linux-gnu/libc/usr/include/bits/mman-shared.h:69:56: error: expected ‘=’, ‘,’, ‘;’, ‘asm’ or ‘__attribute__’ before ‘__THROW’
   69 | int pkey_set (int __key, unsigned int __access_rights) __THROW;
      |                                                        ^~~~~~~
/home/abc/arm-toolchain/aarch64-none-linux-gnu/libc/usr/include/bits/mman-shared.h:73:26: error: expected ‘=’, ‘,’, ‘;’, ‘asm’ or ‘__attribute__’ before ‘__THROW’
   73 | int pkey_get (int __key) __THROW;
      |                          ^~~~~~~
/home/abc/arm-toolchain/aarch64-none-linux-gnu/libc/usr/include/bits/mman-shared.h:77:27: error: expected ‘=’, ‘,’, ‘;’, ‘asm’ or ‘__attribute__’ before ‘__THROW’
   77 | int pkey_free (int __key) __THROW;
      |                           ^~~~~~~
/home/abc/arm-toolchain/aarch64-none-linux-gnu/libc/usr/include/bits/mman-shared.h:81:72: error: expected ‘=’, ‘,’, ‘;’, ‘asm’ or ‘__attribute__’ before ‘__THROW’
   81 | int pkey_mprotect (void *__addr, size_t __len, int __prot, int __pkey) __THROW;
      |                                                                        ^~~~~~~
/home/abc/arm-toolchain/aarch64-none-linux-gnu/libc/usr/include/bits/mman-shared.h:83:1: error: unknown type name ‘__END_DECLS’
   83 | __END_DECLS
      | ^~~~~~~~~~~
/home/abc/arm-toolchain/aarch64-none-linux-gnu/libc/usr/include/sys/mman.h:57:1: error: expected ‘=’, ‘,’, ‘;’, ‘asm’ or ‘__attribute__’ before ‘extern’
   57 | extern void *mmap (void *__addr, size_t __len, int __prot,
      | ^~~~~~
/home/abc/arm-toolchain/aarch64-none-linux-gnu/libc/usr/include/sys/mman.h:71:65: error: expected ‘=’, ‘,’, ‘;’, ‘asm’ or ‘__attribute__’ before ‘__THROW’
   71 |                      int __flags, int __fd, __off64_t __offset) __THROW;
      |                                                                 ^~~~~~~
/home/abc/arm-toolchain/aarch64-none-linux-gnu/libc/usr/include/sys/mman.h:76:48: error: expected ‘=’, ‘,’, ‘;’, ‘asm’ or ‘__attribute__’ before ‘__THROW’
   76 | extern int munmap (void *__addr, size_t __len) __THROW;
      |                                                ^~~~~~~
/home/abc/arm-toolchain/aarch64-none-linux-gnu/libc/usr/include/sys/mman.h:81:62: error: expected ‘=’, ‘,’, ‘;’, ‘asm’ or ‘__attribute__’ before ‘__THROW’
   81 | extern int mprotect (void *__addr, size_t __len, int __prot) __THROW;
      |                                                              ^~~~~~~
/home/abc/arm-toolchain/aarch64-none-linux-gnu/libc/usr/include/sys/mman.h:89:12: error: storage class specified for parameter ‘msync’
   89 | extern int msync (void *__addr, size_t __len, int __flags);
      |            ^~~~~
/home/abc/arm-toolchain/aarch64-none-linux-gnu/libc/usr/include/sys/mman.h:94:63: error: expected ‘=’, ‘,’, ‘;’, ‘asm’ or ‘__attribute__’ before ‘__THROW’
   94 | extern int madvise (void *__addr, size_t __len, int __advice) __THROW;
      |                                                               ^~~~~~~
/home/abc/arm-toolchain/aarch64-none-linux-gnu/libc/usr/include/sys/mman.h:98:69: error: expected ‘=’, ‘,’, ‘;’, ‘asm’ or ‘__attribute__’ before ‘__THROW’
   98 | extern int posix_madvise (void *__addr, size_t __len, int __advice) __THROW;
      |                                                                     ^~~~~~~
/home/abc/arm-toolchain/aarch64-none-linux-gnu/libc/usr/include/sys/mman.h:103:53: error: expected ‘=’, ‘,’, ‘;’, ‘asm’ or ‘__attribute__’ before ‘__THROW’
  103 | extern int mlock (const void *__addr, size_t __len) __THROW;
      |                                                     ^~~~~~~
/home/abc/arm-toolchain/aarch64-none-linux-gnu/libc/usr/include/sys/mman.h:106:55: error: expected ‘=’, ‘,’, ‘;’, ‘asm’ or ‘__attribute__’ before ‘__THROW’
  106 | extern int munlock (const void *__addr, size_t __len) __THROW;
      |                                                       ^~~~~~~
/home/abc/arm-toolchain/aarch64-none-linux-gnu/libc/usr/include/sys/mman.h:111:35: error: expected ‘=’, ‘,’, ‘;’, ‘asm’ or ‘__attribute__’ before ‘__THROW’
  111 | extern int mlockall (int __flags) __THROW;
      |                                   ^~~~~~~
/home/abc/arm-toolchain/aarch64-none-linux-gnu/libc/usr/include/sys/mman.h:115:30: error: expected ‘=’, ‘,’, ‘;’, ‘asm’ or ‘__attribute__’ before ‘__THROW’
  115 | extern int munlockall (void) __THROW;
      |                              ^~~~~~~
/home/abc/arm-toolchain/aarch64-none-linux-gnu/libc/usr/include/sys/mman.h:124:6: error: expected ‘=’, ‘,’, ‘;’, ‘asm’ or ‘__attribute__’ before ‘__THROW’
  124 |      __THROW;
      |      ^~~~~~~
/home/abc/arm-toolchain/aarch64-none-linux-gnu/libc/usr/include/sys/mman.h:134:40: error: expected ‘=’, ‘,’, ‘;’, ‘asm’ or ‘__attribute__’ before ‘__THROW’
  134 |                      int __flags, ...) __THROW;
      |                                        ^~~~~~~
/home/abc/arm-toolchain/aarch64-none-linux-gnu/libc/usr/include/sys/mman.h:139:59: error: expected ‘=’, ‘,’, ‘;’, ‘asm’ or ‘__attribute__’ before ‘__THROW’
  139 |                              size_t __pgoff, int __flags) __THROW;
      |                                                           ^~~~~~~
/home/abc/arm-toolchain/aarch64-none-linux-gnu/libc/usr/include/sys/mman.h:144:55: error: expected declaration specifiers or ‘...’ before ‘mode_t’
  144 | extern int shm_open (const char *__name, int __oflag, mode_t __mode);
      |                                                       ^~~~~~
/home/abc/arm-toolchain/aarch64-none-linux-gnu/libc/usr/include/sys/mman.h:147:12: error: storage class specified for parameter ‘shm_unlink’
  147 | extern int shm_unlink (const char *__name);
      |            ^~~~~~~~~~
In file included from /home/abc/arm-toolchain/aarch64-none-linux-gnu/libc/usr/include/sys/mman.h:150:
/home/abc/arm-toolchain/aarch64-none-linux-gnu/libc/usr/include/bits/mman_ext.h:28:3: error: expected ‘=’, ‘,’, ‘;’, ‘asm’ or ‘__attribute__’ before ‘__THROW’
   28 |   __THROW;
      |   ^~~~~~~
/home/abc/arm-toolchain/aarch64-none-linux-gnu/libc/usr/include/bits/mman_ext.h:30:61: error: expected ‘=’, ‘,’, ‘;’, ‘asm’ or ‘__attribute__’ before ‘__THROW’
   30 | extern int process_mrelease (int pidfd, unsigned int flags) __THROW;
      |                                                             ^~~~~~~
/home/abc/arm-toolchain/aarch64-none-linux-gnu/libc/usr/include/sys/mman.h:152:1: error: expected declaration specifiers before ‘__END_DECLS’
  152 | __END_DECLS
      | ^~~~~~~~~~~
In file included from /home/abc/arm-toolchain/aarch64-none-linux-gnu/libc/usr/include/endian.h:35,
                 from /home/abc/nhat/optee_examples/eevm_minimal_ta/external/openenclave/3rdparty/libunwind/libunwind/include/libunwind_i.h:68:
/home/abc/arm-toolchain/aarch64-none-linux-gnu/libc/usr/include/bits/byteswap.h:50:1: error: expected ‘=’, ‘,’, ‘;’, ‘asm’ or ‘__attribute__’ before ‘{’ token
   50 | {
      | ^
/home/abc/arm-toolchain/aarch64-none-linux-gnu/libc/usr/include/bits/byteswap.h:69:1: error: expected declaration specifiers before ‘__extension__’
   69 | __extension__ static __inline __uint64_t
      | ^~~~~~~~~~~~~
In file included from /home/abc/arm-toolchain/aarch64-none-linux-gnu/libc/usr/include/endian.h:36:
/home/abc/arm-toolchain/aarch64-none-linux-gnu/libc/usr/include/bits/uintn-identity.h:34:1: error: expected ‘=’, ‘,’, ‘;’, ‘asm’ or ‘__attribute__’ before ‘{’ token
   34 | {
      | ^
/home/abc/arm-toolchain/aarch64-none-linux-gnu/libc/usr/include/bits/uintn-identity.h:40:1: error: expected ‘=’, ‘,’, ‘;’, ‘asm’ or ‘__attribute__’ before ‘{’ token
   40 | {
      | ^
/home/abc/arm-toolchain/aarch64-none-linux-gnu/libc/usr/include/bits/uintn-identity.h:46:1: error: expected ‘=’, ‘,’, ‘;’, ‘asm’ or ‘__attribute__’ before ‘{’ token
   46 | {
      | ^
/home/abc/nhat/optee_examples/eevm_minimal_ta/external/openenclave/3rdparty/libunwind/libunwind/include/libunwind_i.h:115:9: error: expected declaration specifiers before ‘#pragma’
  115 | #pragma weak pthread_mutex_init
      |         ^~~~
/home/abc/nhat/optee_examples/eevm_minimal_ta/external/openenclave/3rdparty/libunwind/libunwind/include/libunwind_i.h:183:8: error: unknown type name ‘intrmask_t’; did you mean ‘intmax_t’?
  183 | extern intrmask_t unwi_full_mask;
      |        ^~~~~~~~~~
      |        intmax_t
/home/abc/nhat/optee_examples/eevm_minimal_ta/external/openenclave/3rdparty/libunwind/libunwind/include/libunwind_i.h:173:37: error: unknown type name ‘UNW_PASTE’
  173 | #define UNWI_ARCH_OBJ(fn) UNW_PASTE(UNW_PASTE(UNW_PASTE(_UI,UNW_TARGET),_), fn)
      |                                     ^~~~~~~~~
/home/abc/nhat/optee_examples/eevm_minimal_ta/external/openenclave/3rdparty/libunwind/libunwind/include/libunwind_i.h:175:27: note: in expansion of macro ‘UNWI_ARCH_OBJ’
  175 | #define unwi_full_mask    UNWI_ARCH_OBJ(full_mask)
      |                           ^~~~~~~~~~~~~
/home/abc/nhat/optee_examples/eevm_minimal_ta/external/openenclave/3rdparty/libunwind/libunwind/include/libunwind_i.h:183:19: note: in expansion of macro ‘unwi_full_mask’
  183 | extern intrmask_t unwi_full_mask;
      |                   ^~~~~~~~~~~~~~
/home/abc/nhat/optee_examples/eevm_minimal_ta/external/openenclave/3rdparty/libunwind/libunwind/include/libunwind_i.h:175:41: error: unknown type name ‘full_mask’; did you mean ‘fd_mask’?
  175 | #define unwi_full_mask    UNWI_ARCH_OBJ(full_mask)
      |                                         ^~~~~~~~~
/home/abc/nhat/optee_examples/eevm_minimal_ta/external/openenclave/3rdparty/libunwind/libunwind/include/libunwind_i.h:173:77: note: in definition of macro ‘UNWI_ARCH_OBJ’
  173 | #define UNWI_ARCH_OBJ(fn) UNW_PASTE(UNW_PASTE(UNW_PASTE(_UI,UNW_TARGET),_), fn)
      |                                                                             ^~
/home/abc/nhat/optee_examples/eevm_minimal_ta/external/openenclave/3rdparty/libunwind/libunwind/include/libunwind_i.h:183:19: note: in expansion of macro ‘unwi_full_mask’
  183 | extern intrmask_t unwi_full_mask;
      |                   ^~~~~~~~~~~~~~
/home/abc/nhat/optee_examples/eevm_minimal_ta/external/openenclave/3rdparty/libunwind/libunwind/include/libunwind_i.h:187:49: error: expected ‘=’, ‘,’, ‘;’, ‘asm’ or ‘__attribute__’ before ‘{’ token
  187 | static inline void mark_as_used(void *v UNUSED) {
      |                                                 ^
/home/abc/nhat/optee_examples/eevm_minimal_ta/external/openenclave/3rdparty/libunwind/libunwind/include/libunwind_i.h:172:57: error: expected ‘)’ before ‘(’ token
  172 | #define UNWI_OBJ(fn)      UNW_PASTE(UNW_PREFIX,UNW_PASTE(I,fn))
      |                                                         ^
/home/abc/nhat/optee_examples/eevm_minimal_ta/external/openenclave/3rdparty/libunwind/libunwind/include/libunwind_i.h:232:41: note: in expansion of macro ‘UNWI_OBJ’
  232 | #define unwi_find_dynamic_proc_info     UNWI_OBJ(find_dynamic_proc_info)
      |                                         ^~~~~~~~
/home/abc/nhat/optee_examples/eevm_minimal_ta/external/openenclave/3rdparty/libunwind/libunwind/include/libunwind_i.h:239:12: note: in expansion of macro ‘unwi_find_dynamic_proc_info’
  239 | extern int unwi_find_dynamic_proc_info (unw_addr_space_t as,
      |            ^~~~~~~~~~~~~~~~~~~~~~~~~~~
/home/abc/nhat/optee_examples/eevm_minimal_ta/external/openenclave/3rdparty/libunwind/libunwind/include/libunwind_i.h:172:57: error: expected ‘)’ before ‘(’ token
  172 | #define UNWI_OBJ(fn)      UNW_PASTE(UNW_PREFIX,UNW_PASTE(I,fn))
      |                                                         ^
/home/abc/nhat/optee_examples/eevm_minimal_ta/external/openenclave/3rdparty/libunwind/libunwind/include/libunwind_i.h:233:41: note: in expansion of macro ‘UNWI_OBJ’
  233 | #define unwi_extract_dynamic_proc_info  UNWI_OBJ(extract_dynamic_proc_info)
      |                                         ^~~~~~~~
/home/abc/nhat/optee_examples/eevm_minimal_ta/external/openenclave/3rdparty/libunwind/libunwind/include/libunwind_i.h:243:12: note: in expansion of macro ‘unwi_extract_dynamic_proc_info’
  243 | extern int unwi_extract_dynamic_proc_info (unw_addr_space_t as,
      |            ^~~~~~~~~~~~~~~~~~~~~~~~~~~~~~
/home/abc/nhat/optee_examples/eevm_minimal_ta/external/openenclave/3rdparty/libunwind/libunwind/include/libunwind_i.h:172:57: error: expected ‘)’ before ‘(’ token
  172 | #define UNWI_OBJ(fn)      UNW_PASTE(UNW_PREFIX,UNW_PASTE(I,fn))
      |                                                         ^
/home/abc/nhat/optee_examples/eevm_minimal_ta/external/openenclave/3rdparty/libunwind/libunwind/include/libunwind_i.h:234:41: note: in expansion of macro ‘UNWI_OBJ’
  234 | #define unwi_put_dynamic_unwind_info    UNWI_OBJ(put_dynamic_unwind_info)
      |                                         ^~~~~~~~
/home/abc/nhat/optee_examples/eevm_minimal_ta/external/openenclave/3rdparty/libunwind/libunwind/include/libunwind_i.h:249:13: note: in expansion of macro ‘unwi_put_dynamic_unwind_info’
  249 | extern void unwi_put_dynamic_unwind_info (unw_addr_space_t as,
      |             ^~~~~~~~~~~~~~~~~~~~~~~~~~~~
/home/abc/nhat/optee_examples/eevm_minimal_ta/external/openenclave/3rdparty/libunwind/libunwind/include/libunwind_i.h:172:57: error: expected ‘)’ before ‘(’ token
  172 | #define UNWI_OBJ(fn)      UNW_PASTE(UNW_PREFIX,UNW_PASTE(I,fn))
      |                                                         ^
/home/abc/nhat/optee_examples/eevm_minimal_ta/external/openenclave/3rdparty/libunwind/libunwind/include/libunwind_i.h:235:41: note: in expansion of macro ‘UNWI_OBJ’
  235 | #define unwi_dyn_remote_find_proc_info  UNWI_OBJ(dyn_remote_find_proc_info)
      |                                         ^~~~~~~~
/home/abc/nhat/optee_examples/eevm_minimal_ta/external/openenclave/3rdparty/libunwind/libunwind/include/libunwind_i.h:255:12: note: in expansion of macro ‘unwi_dyn_remote_find_proc_info’
  255 | extern int unwi_dyn_remote_find_proc_info (unw_addr_space_t as,
      |            ^~~~~~~~~~~~~~~~~~~~~~~~~~~~~~
/home/abc/nhat/optee_examples/eevm_minimal_ta/external/openenclave/3rdparty/libunwind/libunwind/include/libunwind_i.h:172:57: error: expected ‘)’ before ‘(’ token
  172 | #define UNWI_OBJ(fn)      UNW_PASTE(UNW_PREFIX,UNW_PASTE(I,fn))
      |                                                         ^
/home/abc/nhat/optee_examples/eevm_minimal_ta/external/openenclave/3rdparty/libunwind/libunwind/include/libunwind_i.h:236:41: note: in expansion of macro ‘UNWI_OBJ’
  236 | #define unwi_dyn_remote_put_unwind_info UNWI_OBJ(dyn_remote_put_unwind_info)
      |                                         ^~~~~~~~
/home/abc/nhat/optee_examples/eevm_minimal_ta/external/openenclave/3rdparty/libunwind/libunwind/include/libunwind_i.h:260:13: note: in expansion of macro ‘unwi_dyn_remote_put_unwind_info’
  260 | extern void unwi_dyn_remote_put_unwind_info (unw_addr_space_t as,
      |             ^~~~~~~~~~~~~~~~~~~~~~~~~~~~~~~
/home/abc/nhat/optee_examples/eevm_minimal_ta/external/openenclave/3rdparty/libunwind/libunwind/include/libunwind_i.h:172:57: error: expected ‘)’ before ‘(’ token
  172 | #define UNWI_OBJ(fn)      UNW_PASTE(UNW_PREFIX,UNW_PASTE(I,fn))
      |                                                         ^
/home/abc/nhat/optee_examples/eevm_minimal_ta/external/openenclave/3rdparty/libunwind/libunwind/include/libunwind_i.h:237:41: note: in expansion of macro ‘UNWI_OBJ’
  237 | #define unwi_dyn_validate_cache         UNWI_OBJ(dyn_validate_cache)
      |                                         ^~~~~~~~
/home/abc/nhat/optee_examples/eevm_minimal_ta/external/openenclave/3rdparty/libunwind/libunwind/include/libunwind_i.h:263:12: note: in expansion of macro ‘unwi_dyn_validate_cache’
  263 | extern int unwi_dyn_validate_cache (unw_addr_space_t as, void *arg);
      |            ^~~~~~~~~~~~~~~~~~~~~~~
/home/abc/nhat/optee_examples/eevm_minimal_ta/external/openenclave/3rdparty/libunwind/libunwind/include/libunwind_i.h:265:28: error: expected ‘=’, ‘,’, ‘;’, ‘asm’ or ‘__attribute__’ before ‘_U_dyn_info_list’
  265 | extern unw_dyn_info_list_t _U_dyn_info_list;
      |                            ^~~~~~~~~~~~~~~~
/home/abc/nhat/optee_examples/eevm_minimal_ta/external/openenclave/3rdparty/libunwind/libunwind/include/libunwind_i.h:266:24: error: expected ‘=’, ‘,’, ‘;’, ‘asm’ or ‘__attribute__’ before ‘_U_dyn_info_list_lock’
  266 | extern pthread_mutex_t _U_dyn_info_list_lock;
      |                        ^~~~~~~~~~~~~~~~~~~~~
/home/abc/nhat/optee_examples/eevm_minimal_ta/external/openenclave/3rdparty/libunwind/libunwind/include/libunwind_i.h:292:1: error: expected ‘=’, ‘,’, ‘;’, ‘asm’ or ‘__attribute__’ before ‘{’ token
  292 | {
      | ^
/home/abc/nhat/optee_examples/eevm_minimal_ta/external/openenclave/3rdparty/libunwind/libunwind/include/libunwind_i.h:173:37: error: unknown type name ‘UNW_PASTE’
  173 | #define UNWI_ARCH_OBJ(fn) UNW_PASTE(UNW_PASTE(UNW_PASTE(_UI,UNW_TARGET),_), fn)
      |                                     ^~~~~~~~~
/home/abc/nhat/optee_examples/eevm_minimal_ta/external/openenclave/3rdparty/libunwind/libunwind/include/libunwind_i.h:296:25: note: in expansion of macro ‘UNWI_ARCH_OBJ’
  296 | #define mi_init         UNWI_ARCH_OBJ(mi_init)
      |                         ^~~~~~~~~~~~~
/home/abc/nhat/optee_examples/eevm_minimal_ta/external/openenclave/3rdparty/libunwind/libunwind/include/libunwind_i.h:298:13: note: in expansion of macro ‘mi_init’
  298 | extern void mi_init (void);     /* machine-independent initializations */
      |             ^~~~~~~
/home/abc/nhat/optee_examples/eevm_minimal_ta/external/openenclave/3rdparty/libunwind/libunwind/include/libunwind_i.h:296:39: error: unknown type name ‘mi_init’
  296 | #define mi_init         UNWI_ARCH_OBJ(mi_init)
      |                                       ^~~~~~~
/home/abc/nhat/optee_examples/eevm_minimal_ta/external/openenclave/3rdparty/libunwind/libunwind/include/libunwind_i.h:173:77: note: in definition of macro ‘UNWI_ARCH_OBJ’
  173 | #define UNWI_ARCH_OBJ(fn) UNW_PASTE(UNW_PASTE(UNW_PASTE(_UI,UNW_TARGET),_), fn)
      |                                                                             ^~
/home/abc/nhat/optee_examples/eevm_minimal_ta/external/openenclave/3rdparty/libunwind/libunwind/include/libunwind_i.h:298:13: note: in expansion of macro ‘mi_init’
  298 | extern void mi_init (void);     /* machine-independent initializations */
      |             ^~~~~~~
/home/abc/nhat/optee_examples/eevm_minimal_ta/external/openenclave/3rdparty/libunwind/libunwind/include/libunwind_i.h:299:19: error: expected ‘=’, ‘,’, ‘;’, ‘asm’ or ‘__attribute__’ before ‘_U_dyn_info_list_addr’
  299 | extern unw_word_t _U_dyn_info_list_addr (void);
      |                   ^~~~~~~~~~~~~~~~~~~~~
/home/abc/nhat/optee_examples/eevm_minimal_ta/external/openenclave/3rdparty/libunwind/libunwind/include/libunwind_i.h:303:1: warning: empty declaration
  303 | struct elf_image
      | ^~~~~~
/home/abc/nhat/optee_examples/eevm_minimal_ta/external/openenclave/3rdparty/libunwind/libunwind/include/libunwind_i.h:312:5: error: expected specifier-qualifier-list before ‘unw_dyn_info_t’
  312 |     unw_dyn_info_t di_cache;
      |     ^~~~~~~~~~~~~~
/home/abc/nhat/optee_examples/eevm_minimal_ta/external/openenclave/3rdparty/libunwind/libunwind/include/libunwind_i.h:309:1: warning: empty declaration
  309 | struct elf_dyn_info
      | ^~~~~~
/home/abc/nhat/optee_examples/eevm_minimal_ta/external/openenclave/3rdparty/libunwind/libunwind/include/libunwind_i.h:323:1: error: expected ‘=’, ‘,’, ‘;’, ‘asm’ or ‘__attribute__’ before ‘{’ token
  323 | {
      | ^
In file included from /home/abc/optee_os/out/arm-plat-rpi5/export-ta_arm64/include/elf64.h:33,
                 from ./include/tdep/libunwind_i.h:36,
                 from /home/abc/nhat/optee_examples/eevm_minimal_ta/external/openenclave/3rdparty/libunwind/libunwind/include/libunwind_i.h:352:
/home/abc/optee_os/out/arm-plat-rpi5/export-ta_arm64/include/elf_common.h:54:3: error: storage class specified for parameter ‘Elf_Note’
   54 | } Elf_Note;
      |   ^~~~~~~~
/home/abc/optee_os/out/arm-plat-rpi5/export-ta_arm64/include/elf_common.h:65:3: error: storage class specified for parameter ‘Elf_GNU_Hash_Header’
   65 | } Elf_GNU_Hash_Header;
      |   ^~~~~~~~~~~~~~~~~~~
/home/abc/optee_os/out/arm-plat-rpi5/export-ta_arm64/include/elf_common.h:73:3: error: storage class specified for parameter ‘Elf_Prop’
   73 | } Elf_Prop;
      |   ^~~~~~~~
/home/abc/optee_os/out/arm-plat-rpi5/export-ta_arm64/include/elf64.h:40:25: error: storage class specified for parameter ‘Elf64_Addr’
   40 | typedef uint64_t        Elf64_Addr;
      |                         ^~~~~~~~~~
/home/abc/optee_os/out/arm-plat-rpi5/export-ta_arm64/include/elf64.h:41:25: error: storage class specified for parameter ‘Elf64_Half’
   41 | typedef uint16_t        Elf64_Half;
      |                         ^~~~~~~~~~
/home/abc/optee_os/out/arm-plat-rpi5/export-ta_arm64/include/elf64.h:42:25: error: storage class specified for parameter ‘Elf64_Off’
   42 | typedef uint64_t        Elf64_Off;
      |                         ^~~~~~~~~
/home/abc/optee_os/out/arm-plat-rpi5/export-ta_arm64/include/elf64.h:43:25: error: storage class specified for parameter ‘Elf64_Sword’
   43 | typedef int32_t         Elf64_Sword;
      |                         ^~~~~~~~~~~
/home/abc/optee_os/out/arm-plat-rpi5/export-ta_arm64/include/elf64.h:44:25: error: storage class specified for parameter ‘Elf64_Sxword’
   44 | typedef int64_t         Elf64_Sxword;
      |                         ^~~~~~~~~~~~
/home/abc/optee_os/out/arm-plat-rpi5/export-ta_arm64/include/elf64.h:45:25: error: storage class specified for parameter ‘Elf64_Word’
   45 | typedef uint32_t        Elf64_Word;
      |                         ^~~~~~~~~~
/home/abc/optee_os/out/arm-plat-rpi5/export-ta_arm64/include/elf64.h:46:25: error: storage class specified for parameter ‘Elf64_Lword’
   46 | typedef uint64_t        Elf64_Lword;
      |                         ^~~~~~~~~~~
/home/abc/optee_os/out/arm-plat-rpi5/export-ta_arm64/include/elf64.h:47:25: error: storage class specified for parameter ‘Elf64_Xword’
   47 | typedef uint64_t        Elf64_Xword;
      |                         ^~~~~~~~~~~
/home/abc/optee_os/out/arm-plat-rpi5/export-ta_arm64/include/elf64.h:56:25: error: expected ‘=’, ‘,’, ‘;’, ‘asm’ or ‘__attribute__’ before ‘Elf64_Hashelt’
   56 | typedef Elf64_Word      Elf64_Hashelt;
      |                         ^~~~~~~~~~~~~
/home/abc/optee_os/out/arm-plat-rpi5/export-ta_arm64/include/elf64.h:59:25: error: expected ‘=’, ‘,’, ‘;’, ‘asm’ or ‘__attribute__’ before ‘Elf64_Size’
   59 | typedef Elf64_Xword     Elf64_Size;
      |                         ^~~~~~~~~~
/home/abc/optee_os/out/arm-plat-rpi5/export-ta_arm64/include/elf64.h:60:25: error: expected ‘=’, ‘,’, ‘;’, ‘asm’ or ‘__attribute__’ before ‘Elf64_Ssize’
   60 | typedef Elf64_Sxword    Elf64_Ssize;
      |                         ^~~~~~~~~~~
/home/abc/optee_os/out/arm-plat-rpi5/export-ta_arm64/include/elf64.h:68:9: error: expected specifier-qualifier-list before ‘Elf64_Half’
   68 |         Elf64_Half      e_type;         /* File type. */
      |         ^~~~~~~~~~
/home/abc/optee_os/out/arm-plat-rpi5/export-ta_arm64/include/elf64.h:81:3: error: storage class specified for parameter ‘Elf64_Ehdr’
   81 | } Elf64_Ehdr;
      |   ^~~~~~~~~~
/home/abc/optee_os/out/arm-plat-rpi5/export-ta_arm64/include/elf64.h:88:9: error: expected specifier-qualifier-list before ‘Elf64_Word’
   88 |         Elf64_Word      sh_name;        /* Section name (index into the
      |         ^~~~~~~~~~
/home/abc/optee_os/out/arm-plat-rpi5/export-ta_arm64/include/elf64.h:99:3: error: storage class specified for parameter ‘Elf64_Shdr’
   99 | } Elf64_Shdr;
      |   ^~~~~~~~~~
/home/abc/optee_os/out/arm-plat-rpi5/export-ta_arm64/include/elf64.h:106:9: error: expected specifier-qualifier-list before ‘Elf64_Word’
  106 |         Elf64_Word      p_type;         /* Entry type. */
      |         ^~~~~~~~~~
/home/abc/optee_os/out/arm-plat-rpi5/export-ta_arm64/include/elf64.h:114:3: error: storage class specified for parameter ‘Elf64_Phdr’
  114 | } Elf64_Phdr;
      |   ^~~~~~~~~~
/home/abc/optee_os/out/arm-plat-rpi5/export-ta_arm64/include/elf64.h:121:9: error: expected specifier-qualifier-list before ‘Elf64_Sxword’
  121 |         Elf64_Sxword    d_tag;          /* Entry type. */
      |         ^~~~~~~~~~~~
/home/abc/optee_os/out/arm-plat-rpi5/export-ta_arm64/include/elf64.h:126:3: error: storage class specified for parameter ‘Elf64_Dyn’
  126 | } Elf64_Dyn;
      |   ^~~~~~~~~
/home/abc/optee_os/out/arm-plat-rpi5/export-ta_arm64/include/elf64.h:134:9: error: expected specifier-qualifier-list before ‘Elf64_Addr’
  134 |         Elf64_Addr      r_offset;       /* Location to be relocated. */
      |         ^~~~~~~~~~
/home/abc/optee_os/out/arm-plat-rpi5/export-ta_arm64/include/elf64.h:136:3: error: storage class specified for parameter ‘Elf64_Rel’
  136 | } Elf64_Rel;
      |   ^~~~~~~~~
/home/abc/optee_os/out/arm-plat-rpi5/export-ta_arm64/include/elf64.h:140:9: error: expected specifier-qualifier-list before ‘Elf64_Addr’
  140 |         Elf64_Addr      r_offset;       /* Location to be relocated. */
      |         ^~~~~~~~~~
/home/abc/optee_os/out/arm-plat-rpi5/export-ta_arm64/include/elf64.h:143:3: error: storage class specified for parameter ‘Elf64_Rela’
  143 | } Elf64_Rela;
      |   ^~~~~~~~~~
/home/abc/optee_os/out/arm-plat-rpi5/export-ta_arm64/include/elf64.h:160:18: error: expected ‘=’, ‘,’, ‘;’, ‘asm’ or ‘__attribute__’ before ‘Elf64_Nhdr’
  160 | typedef Elf_Note Elf64_Nhdr;
      |                  ^~~~~~~~~~
/home/abc/optee_os/out/arm-plat-rpi5/export-ta_arm64/include/elf64.h:166:9: error: expected specifier-qualifier-list before ‘Elf64_Lword’
  166 |         Elf64_Lword     m_value;        /* symbol value */
      |         ^~~~~~~~~~~
/home/abc/optee_os/out/arm-plat-rpi5/export-ta_arm64/include/elf64.h:171:3: error: storage class specified for parameter ‘Elf64_Move’
  171 | } Elf64_Move;
      |   ^~~~~~~~~~
/home/abc/optee_os/out/arm-plat-rpi5/export-ta_arm64/include/elf64.h:181:9: error: expected specifier-qualifier-list before ‘Elf64_Xword’
  181 |         Elf64_Xword     c_tag;          /* how to interpret value */
      |         ^~~~~~~~~~~
/home/abc/optee_os/out/arm-plat-rpi5/export-ta_arm64/include/elf64.h:186:3: error: storage class specified for parameter ‘Elf64_Cap’
  186 | } Elf64_Cap;
      |   ^~~~~~~~~
/home/abc/optee_os/out/arm-plat-rpi5/export-ta_arm64/include/elf64.h:193:9: error: expected specifier-qualifier-list before ‘Elf64_Word’
  193 |         Elf64_Word      st_name;        /* String table index of name. */
      |         ^~~~~~~~~~
/home/abc/optee_os/out/arm-plat-rpi5/export-ta_arm64/include/elf64.h:199:3: error: storage class specified for parameter ‘Elf64_Sym’
  199 | } Elf64_Sym;
      |   ^~~~~~~~~
/home/abc/optee_os/out/arm-plat-rpi5/export-ta_arm64/include/elf64.h:213:9: error: expected specifier-qualifier-list before ‘Elf64_Half’
  213 |         Elf64_Half      vd_version;
      |         ^~~~~~~~~~
/home/abc/optee_os/out/arm-plat-rpi5/export-ta_arm64/include/elf64.h:220:3: error: storage class specified for parameter ‘Elf64_Verdef’
  220 | } Elf64_Verdef;
      |   ^~~~~~~~~~~~
/home/abc/optee_os/out/arm-plat-rpi5/export-ta_arm64/include/elf64.h:223:9: error: expected specifier-qualifier-list before ‘Elf64_Word’
  223 |         Elf64_Word      vda_name;
      |         ^~~~~~~~~~
/home/abc/optee_os/out/arm-plat-rpi5/export-ta_arm64/include/elf64.h:225:3: error: storage class specified for parameter ‘Elf64_Verdaux’
  225 | } Elf64_Verdaux;
      |   ^~~~~~~~~~~~~
/home/abc/optee_os/out/arm-plat-rpi5/export-ta_arm64/include/elf64.h:228:9: error: expected specifier-qualifier-list before ‘Elf64_Half’
  228 |         Elf64_Half      vn_version;
      |         ^~~~~~~~~~
/home/abc/optee_os/out/arm-plat-rpi5/export-ta_arm64/include/elf64.h:233:3: error: storage class specified for parameter ‘Elf64_Verneed’
  233 | } Elf64_Verneed;
      |   ^~~~~~~~~~~~~
/home/abc/optee_os/out/arm-plat-rpi5/export-ta_arm64/include/elf64.h:236:9: error: expected specifier-qualifier-list before ‘Elf64_Word’
  236 |         Elf64_Word      vna_hash;
      |         ^~~~~~~~~~
/home/abc/optee_os/out/arm-plat-rpi5/export-ta_arm64/include/elf64.h:241:3: error: storage class specified for parameter ‘Elf64_Vernaux’
  241 | } Elf64_Vernaux;
      |   ^~~~~~~~~~~~~
/home/abc/optee_os/out/arm-plat-rpi5/export-ta_arm64/include/elf64.h:243:20: error: expected ‘=’, ‘,’, ‘;’, ‘asm’ or ‘__attribute__’ before ‘Elf64_Versym’
  243 | typedef Elf64_Half Elf64_Versym;
      |                    ^~~~~~~~~~~~
/home/abc/optee_os/out/arm-plat-rpi5/export-ta_arm64/include/elf64.h:246:9: error: expected specifier-qualifier-list before ‘Elf64_Half’
  246 |         Elf64_Half      si_boundto;     /* direct bindings - symbol bound to */
      |         ^~~~~~~~~~
/home/abc/optee_os/out/arm-plat-rpi5/export-ta_arm64/include/elf64.h:248:3: error: storage class specified for parameter ‘Elf64_Syminfo’
  248 | } Elf64_Syminfo;
      |   ^~~~~~~~~~~~~
In file included from ./include/tdep/libunwind_i.h:37:
/home/abc/optee_os/out/arm-plat-rpi5/export-ta_arm64/include/mempool.h:25:9: error: unknown type name ‘ssize_t’; did you mean ‘size_t’?
   25 |         ssize_t prev_item_offset;
      |         ^~~~~~~
      |         size_t
/home/abc/optee_os/out/arm-plat-rpi5/export-ta_arm64/include/mempool.h:26:9: error: unknown type name ‘ssize_t’; did you mean ‘size_t’?
   26 |         ssize_t next_item_offset;
      |         ^~~~~~~
      |         size_t
/home/abc/optee_os/out/arm-plat-rpi5/export-ta_arm64/include/mempool.h:23:1: warning: empty declaration
   23 | struct mempool_item {
      | ^~~~~~
/home/abc/optee_os/out/arm-plat-rpi5/export-ta_arm64/include/mempool.h:29:1: warning: empty declaration
   29 | struct mempool;
      | ^~~~~~
./include/tdep/libunwind_i.h:47:1: error: storage class specified for parameter ‘unw_tdep_frame_type_t’
   47 | unw_tdep_frame_type_t;
      | ^~~~~~~~~~~~~~~~~~~~~
./include/tdep/libunwind_i.h:60:1: error: storage class specified for parameter ‘unw_tdep_frame_t’
   60 | unw_tdep_frame_t;
      | ^~~~~~~~~~~~~~~~
./include/tdep/libunwind_i.h:64:20: error: expected ‘=’, ‘,’, ‘;’, ‘asm’ or ‘__attribute__’ before ‘aarch64_loc_t’
   64 | typedef unw_word_t aarch64_loc_t;
      |                    ^~~~~~~~~~~~~
./include/tdep/libunwind_i.h:78:26: error: field ‘acc’ has incomplete type
   78 |     struct unw_accessors acc;
      |                          ^~~
./include/tdep/libunwind_i.h:80:5: error: unknown type name ‘unw_caching_policy_t’
   80 |     unw_caching_policy_t caching_policy;
      |     ^~~~~~~~~~~~~~~~~~~~
./include/tdep/libunwind_i.h:86:5: error: expected specifier-qualifier-list before ‘unw_word_t’
   86 |     unw_word_t dyn_generation;          /* see dyn-common.h */
      |     ^~~~~~~~~~
./include/tdep/libunwind_i.h:76:1: warning: empty declaration
   76 | struct unw_addr_space
      | ^~~~~~
./include/tdep/libunwind_i.h:96:5: error: expected specifier-qualifier-list before ‘unw_tdep_frame_t’
   96 |     unw_tdep_frame_t frame_info;        /* quick tracing assist info */
      |     ^~~~~~~~~~~~~~~~
./include/tdep/libunwind_i.h:92:1: warning: empty declaration
   92 | struct cursor
      | ^~~~~~
./include/tdep/libunwind_i.h:124:38: error: expected declaration specifiers or ‘...’ before ‘dwarf_loc_t’
  124 | dwarf_getfp (struct dwarf_cursor *c, dwarf_loc_t loc, unw_fpreg_t *val)
      |                                      ^~~~~~~~~~~
./include/tdep/libunwind_i.h:124:55: error: unknown type name ‘unw_fpreg_t’
  124 | dwarf_getfp (struct dwarf_cursor *c, dwarf_loc_t loc, unw_fpreg_t *val)
      |                                                       ^~~~~~~~~~~
./include/tdep/libunwind_i.h:133:38: error: expected declaration specifiers or ‘...’ before ‘dwarf_loc_t’
  133 | dwarf_putfp (struct dwarf_cursor *c, dwarf_loc_t loc, unw_fpreg_t val)
      |                                      ^~~~~~~~~~~
./include/tdep/libunwind_i.h:133:55: error: unknown type name ‘unw_fpreg_t’
  133 | dwarf_putfp (struct dwarf_cursor *c, dwarf_loc_t loc, unw_fpreg_t val)
      |                                                       ^~~~~~~~~~~
./include/tdep/libunwind_i.h:142:36: error: expected declaration specifiers or ‘...’ before ‘dwarf_loc_t’
  142 | dwarf_get (struct dwarf_cursor *c, dwarf_loc_t loc, unw_word_t *val)
      |                                    ^~~~~~~~~~~
./include/tdep/libunwind_i.h:142:53: error: expected declaration specifiers or ‘...’ before ‘unw_word_t’
  142 | dwarf_get (struct dwarf_cursor *c, dwarf_loc_t loc, unw_word_t *val)
      |                                                     ^~~~~~~~~~
./include/tdep/libunwind_i.h:151:36: error: expected declaration specifiers or ‘...’ before ‘dwarf_loc_t’
  151 | dwarf_put (struct dwarf_cursor *c, dwarf_loc_t loc, unw_word_t val)
      |                                    ^~~~~~~~~~~
./include/tdep/libunwind_i.h:151:53: error: expected declaration specifiers or ‘...’ before ‘unw_word_t’
  151 | dwarf_put (struct dwarf_cursor *c, dwarf_loc_t loc, unw_word_t val)
      |                                                     ^~~~~~~~~~
./include/tdep/libunwind_i.h:264:41: error: storage class specified for parameter ‘UNW_OBJ’
  264 | #define tdep_init_done                  UNW_OBJ(init_done)
      |                                         ^~~~~~~
./include/tdep/libunwind_i.h:300:12: note: in expansion of macro ‘tdep_init_done’
  300 | extern int tdep_init_done;
      |            ^~~~~~~~~~~~~~
./include/tdep/libunwind_i.h:300:1: error: parameter names (without types) in function declaration [-Wdeclaration-missing-parameter-type]
  300 | extern int tdep_init_done;
      | ^~~~~~
./include/tdep/libunwind_i.h:264:41: error: redefinition of parameter ‘UNW_OBJ’
  264 | #define tdep_init_done                  UNW_OBJ(init_done)
      |                                         ^~~~~~~
./include/tdep/libunwind_i.h:300:12: note: in expansion of macro ‘tdep_init_done’
  300 | extern int tdep_init_done;
      |            ^~~~~~~~~~~~~~
/home/abc/nhat/optee_examples/eevm_minimal_ta/external/openenclave/3rdparty/libunwind/libunwind/include/dwarf.h:398:41: note: previous definition of ‘UNW_OBJ’ with type ‘int (*)()’
  398 | #define dwarf_flush_rs_cache            UNW_OBJ (dwarf_flush_rs_cache)
      |                                         ^~~~~~~
/home/abc/nhat/optee_examples/eevm_minimal_ta/external/openenclave/3rdparty/libunwind/libunwind/include/dwarf.h:448:12: note: in expansion of macro ‘dwarf_flush_rs_cache’
  448 | extern int dwarf_flush_rs_cache (struct dwarf_rs_cache *cache);
      |            ^~~~~~~~~~~~~~~~~~~~
./include/tdep/libunwind_i.h:265:41: error: storage class specified for parameter ‘UNW_OBJ’
  265 | #define tdep_init                       UNW_OBJ(init)
      |                                         ^~~~~~~
./include/tdep/libunwind_i.h:302:13: note: in expansion of macro ‘tdep_init’
  302 | extern void tdep_init (void);
      |             ^~~~~~~~~
./include/tdep/libunwind_i.h:265:41: error: ‘UNW_OBJ’ declared as function returning a function
  265 | #define tdep_init                       UNW_OBJ(init)
      |                                         ^~~~~~~
./include/tdep/libunwind_i.h:302:13: note: in expansion of macro ‘tdep_init’
  302 | extern void tdep_init (void);
      |             ^~~~~~~~~
./include/tdep/libunwind_i.h:302:1: error: parameter names (without types) in function declaration [-Wdeclaration-missing-parameter-type]
  302 | extern void tdep_init (void);
      | ^~~~~~
./include/tdep/libunwind_i.h:265:41: error: redefinition of parameter ‘UNW_OBJ’
  265 | #define tdep_init                       UNW_OBJ(init)
      |                                         ^~~~~~~
./include/tdep/libunwind_i.h:302:13: note: in expansion of macro ‘tdep_init’
  302 | extern void tdep_init (void);
      |             ^~~~~~~~~
./include/tdep/libunwind_i.h:264:41: note: previous definition of ‘UNW_OBJ’ with type ‘int (*)()’
  264 | #define tdep_init_done                  UNW_OBJ(init_done)
      |                                         ^~~~~~~
./include/tdep/libunwind_i.h:300:12: note: in expansion of macro ‘tdep_init_done’
  300 | extern int tdep_init_done;
      |            ^~~~~~~~~~~~~~
./include/tdep/libunwind_i.h:303:38: error: unknown type name ‘unw_addr_space_t’
  303 | extern int tdep_search_unwind_table (unw_addr_space_t as, unw_word_t ip,
      |                                      ^~~~~~~~~~~~~~~~
./include/tdep/libunwind_i.h:303:59: error: expected declaration specifiers or ‘...’ before ‘unw_word_t’
  303 | extern int tdep_search_unwind_table (unw_addr_space_t as, unw_word_t ip,
      |                                                           ^~~~~~~~~~
./include/tdep/libunwind_i.h:304:38: error: expected declaration specifiers or ‘...’ before ‘unw_dyn_info_t’
  304 |                                      unw_dyn_info_t *di, unw_proc_info_t *pi,
      |                                      ^~~~~~~~~~~~~~
./include/tdep/libunwind_i.h:304:58: error: unknown type name ‘unw_proc_info_t’
  304 |                                      unw_dyn_info_t *di, unw_proc_info_t *pi,
      |                                                          ^~~~~~~~~~~~~~~
./include/tdep/libunwind_i.h:306:28: error: unknown type name ‘unw_tdep_context_t’; did you mean ‘unw_tdep_getcontext’?
  306 | extern void *tdep_uc_addr (unw_tdep_context_t *uc, int reg);
      |                            ^~~~~~~~~~~~~~~~~~
      |                            unw_tdep_getcontext
./include/tdep/libunwind_i.h:307:54: error: expected declaration specifiers or ‘...’ before ‘pid_t’
  307 | extern int tdep_get_elf_image (struct elf_image *ei, pid_t pid, unw_word_t ip,
      |                                                      ^~~~~
./include/tdep/libunwind_i.h:307:65: error: expected declaration specifiers or ‘...’ before ‘unw_word_t’
  307 | extern int tdep_get_elf_image (struct elf_image *ei, pid_t pid, unw_word_t ip,
      |                                                                 ^~~~~~~~~~
./include/tdep/libunwind_i.h:272:41: error: storage class specified for parameter ‘UNW_ARCH_OBJ’
  272 | #define tdep_get_exe_image_path         UNW_ARCH_OBJ(get_exe_image_path)
      |                                         ^~~~~~~~~~~~
./include/tdep/libunwind_i.h:310:13: note: in expansion of macro ‘tdep_get_exe_image_path’
  310 | extern void tdep_get_exe_image_path (char *path);
      |             ^~~~~~~~~~~~~~~~~~~~~~~
./include/tdep/libunwind_i.h:272:41: error: ‘UNW_ARCH_OBJ’ declared as function returning a function
  272 | #define tdep_get_exe_image_path         UNW_ARCH_OBJ(get_exe_image_path)
      |                                         ^~~~~~~~~~~~
./include/tdep/libunwind_i.h:310:13: note: in expansion of macro ‘tdep_get_exe_image_path’
  310 | extern void tdep_get_exe_image_path (char *path);
      |             ^~~~~~~~~~~~~~~~~~~~~~~
./include/tdep/libunwind_i.h:310:1: error: parameter names (without types) in function declaration [-Wdeclaration-missing-parameter-type]
  310 | extern void tdep_get_exe_image_path (char *path);
      | ^~~~~~
./include/tdep/libunwind_i.h:272:41: error: redefinition of parameter ‘UNW_ARCH_OBJ’
  272 | #define tdep_get_exe_image_path         UNW_ARCH_OBJ(get_exe_image_path)
      |                                         ^~~~~~~~~~~~
./include/tdep/libunwind_i.h:310:13: note: in expansion of macro ‘tdep_get_exe_image_path’
  310 | extern void tdep_get_exe_image_path (char *path);
      |             ^~~~~~~~~~~~~~~~~~~~~~~
/home/abc/nhat/optee_examples/eevm_minimal_ta/external/openenclave/3rdparty/libunwind/libunwind/include/dwarf.h:380:41: note: previous definition of ‘UNW_ARCH_OBJ’ with type ‘int (*)()’
  380 | #define dwarf_init                      UNW_ARCH_OBJ (dwarf_init)
      |                                         ^~~~~~~~~~~~
/home/abc/nhat/optee_examples/eevm_minimal_ta/external/openenclave/3rdparty/libunwind/libunwind/include/dwarf.h:400:12: note: in expansion of macro ‘dwarf_init’
  400 | extern int dwarf_init (void);
      |            ^~~~~~~~~~
./include/tdep/libunwind_i.h:311:47: error: unknown type name ‘unw_regnum_t’
  311 | extern int tdep_access_reg (struct cursor *c, unw_regnum_t reg,
      |                                               ^~~~~~~~~~~~
./include/tdep/libunwind_i.h:312:29: error: expected declaration specifiers or ‘...’ before ‘unw_word_t’
  312 |                             unw_word_t *valp, int write);
      |                             ^~~~~~~~~~
./include/tdep/libunwind_i.h:313:49: error: unknown type name ‘unw_regnum_t’
  313 | extern int tdep_access_fpreg (struct cursor *c, unw_regnum_t reg,
      |                                                 ^~~~~~~~~~~~
./include/tdep/libunwind_i.h:314:31: error: unknown type name ‘unw_fpreg_t’
  314 |                               unw_fpreg_t *valp, int write);
      |                               ^~~~~~~~~~~
./include/tdep/libunwind_i.h:315:24: error: unknown type name ‘unw_cursor_t’
  315 | extern int tdep_trace (unw_cursor_t *cursor, void **addresses, int *n);
      |                        ^~~~~~~~~~~~
./include/tdep/libunwind_i.h:278:41: error: storage class specified for parameter ‘UNW_OBJ’
  278 | #define tdep_stash_frame                UNW_OBJ(tdep_stash_frame)
      |                                         ^~~~~~~
./include/tdep/libunwind_i.h:316:13: note: in expansion of macro ‘tdep_stash_frame’
  316 | extern void tdep_stash_frame (struct dwarf_cursor *c,
      |             ^~~~~~~~~~~~~~~~
./include/tdep/libunwind_i.h:278:41: error: ‘UNW_OBJ’ declared as function returning a function
  278 | #define tdep_stash_frame                UNW_OBJ(tdep_stash_frame)
      |                                         ^~~~~~~
./include/tdep/libunwind_i.h:316:13: note: in expansion of macro ‘tdep_stash_frame’
  316 | extern void tdep_stash_frame (struct dwarf_cursor *c,
      |             ^~~~~~~~~~~~~~~~
./include/tdep/libunwind_i.h:317:38: error: parameter names (without types) in function declaration [-Wdeclaration-missing-parameter-type]
  317 |                               struct dwarf_reg_state *rs);
      |                                      ^~~~~~~~~~~~~~~
./include/tdep/libunwind_i.h:278:41: error: redefinition of parameter ‘UNW_OBJ’
  278 | #define tdep_stash_frame                UNW_OBJ(tdep_stash_frame)
      |                                         ^~~~~~~
./include/tdep/libunwind_i.h:316:13: note: in expansion of macro ‘tdep_stash_frame’
  316 | extern void tdep_stash_frame (struct dwarf_cursor *c,
      |             ^~~~~~~~~~~~~~~~
./include/tdep/libunwind_i.h:265:41: note: previous definition of ‘UNW_OBJ’ with type ‘int (*)()’
  265 | #define tdep_init                       UNW_OBJ(init)
      |                                         ^~~~~~~
./include/tdep/libunwind_i.h:302:13: note: in expansion of macro ‘tdep_init’
  302 | extern void tdep_init (void);
      |             ^~~~~~~~~
./include/tdep/libunwind_i.h:318:35: error: unknown type name ‘unw_tdep_context_t’; did you mean ‘unw_tdep_getcontext’?
  318 | extern int tdep_getcontext_trace (unw_tdep_context_t *);
      |                                   ^~~~~~~~~~~~~~~~~~
      |                                   unw_tdep_getcontext
/home/abc/nhat/optee_examples/eevm_minimal_ta/external/openenclave/3rdparty/libunwind/libunwind/include/dwarf_i.h:43:1: error: storage class specified for parameter ‘dwarf_misaligned_value_t’
   43 | dwarf_misaligned_value_t;
      | ^~~~~~~~~~~~~~~~~~~~~~~~
/home/abc/nhat/optee_examples/eevm_minimal_ta/external/openenclave/3rdparty/libunwind/libunwind/include/dwarf_i.h:46:15: error: unknown type name ‘unw_addr_space_t’
   46 | dwarf_reads8 (unw_addr_space_t as, unw_accessors_t *a, unw_word_t *addr,
      |               ^~~~~~~~~~~~~~~~
/home/abc/nhat/optee_examples/eevm_minimal_ta/external/openenclave/3rdparty/libunwind/libunwind/include/dwarf_i.h:46:36: error: unknown type name ‘unw_accessors_t’
   46 | dwarf_reads8 (unw_addr_space_t as, unw_accessors_t *a, unw_word_t *addr,
      |                                    ^~~~~~~~~~~~~~~
/home/abc/nhat/optee_examples/eevm_minimal_ta/external/openenclave/3rdparty/libunwind/libunwind/include/dwarf_i.h:46:56: error: expected declaration specifiers or ‘...’ before ‘unw_word_t’
   46 | dwarf_reads8 (unw_addr_space_t as, unw_accessors_t *a, unw_word_t *addr,
      |                                                        ^~~~~~~~~~
/home/abc/nhat/optee_examples/eevm_minimal_ta/external/openenclave/3rdparty/libunwind/libunwind/include/dwarf_i.h:57:16: error: unknown type name ‘unw_addr_space_t’
   57 | dwarf_reads16 (unw_addr_space_t as, unw_accessors_t *a, unw_word_t *addr,
      |                ^~~~~~~~~~~~~~~~
/home/abc/nhat/optee_examples/eevm_minimal_ta/external/openenclave/3rdparty/libunwind/libunwind/include/dwarf_i.h:57:37: error: unknown type name ‘unw_accessors_t’
   57 | dwarf_reads16 (unw_addr_space_t as, unw_accessors_t *a, unw_word_t *addr,
      |                                     ^~~~~~~~~~~~~~~
/home/abc/nhat/optee_examples/eevm_minimal_ta/external/openenclave/3rdparty/libunwind/libunwind/include/dwarf_i.h:57:57: error: expected declaration specifiers or ‘...’ before ‘unw_word_t’
   57 | dwarf_reads16 (unw_addr_space_t as, unw_accessors_t *a, unw_word_t *addr,
      |                                                         ^~~~~~~~~~
/home/abc/nhat/optee_examples/eevm_minimal_ta/external/openenclave/3rdparty/libunwind/libunwind/include/dwarf_i.h:68:16: error: unknown type name ‘unw_addr_space_t’
   68 | dwarf_reads32 (unw_addr_space_t as, unw_accessors_t *a, unw_word_t *addr,
      |                ^~~~~~~~~~~~~~~~
/home/abc/nhat/optee_examples/eevm_minimal_ta/external/openenclave/3rdparty/libunwind/libunwind/include/dwarf_i.h:68:37: error: unknown type name ‘unw_accessors_t’
   68 | dwarf_reads32 (unw_addr_space_t as, unw_accessors_t *a, unw_word_t *addr,
      |                                     ^~~~~~~~~~~~~~~
/home/abc/nhat/optee_examples/eevm_minimal_ta/external/openenclave/3rdparty/libunwind/libunwind/include/dwarf_i.h:68:57: error: expected declaration specifiers or ‘...’ before ‘unw_word_t’
   68 | dwarf_reads32 (unw_addr_space_t as, unw_accessors_t *a, unw_word_t *addr,
      |                                                         ^~~~~~~~~~
/home/abc/nhat/optee_examples/eevm_minimal_ta/external/openenclave/3rdparty/libunwind/libunwind/include/dwarf_i.h:79:16: error: unknown type name ‘unw_addr_space_t’
   79 | dwarf_reads64 (unw_addr_space_t as, unw_accessors_t *a, unw_word_t *addr,
      |                ^~~~~~~~~~~~~~~~
/home/abc/nhat/optee_examples/eevm_minimal_ta/external/openenclave/3rdparty/libunwind/libunwind/include/dwarf_i.h:79:37: error: unknown type name ‘unw_accessors_t’
   79 | dwarf_reads64 (unw_addr_space_t as, unw_accessors_t *a, unw_word_t *addr,
      |                                     ^~~~~~~~~~~~~~~
/home/abc/nhat/optee_examples/eevm_minimal_ta/external/openenclave/3rdparty/libunwind/libunwind/include/dwarf_i.h:79:57: error: expected declaration specifiers or ‘...’ before ‘unw_word_t’
   79 | dwarf_reads64 (unw_addr_space_t as, unw_accessors_t *a, unw_word_t *addr,
      |                                                         ^~~~~~~~~~
/home/abc/nhat/optee_examples/eevm_minimal_ta/external/openenclave/3rdparty/libunwind/libunwind/include/dwarf_i.h:90:15: error: unknown type name ‘unw_addr_space_t’
   90 | dwarf_readu8 (unw_addr_space_t as, unw_accessors_t *a, unw_word_t *addr,
      |               ^~~~~~~~~~~~~~~~
/home/abc/nhat/optee_examples/eevm_minimal_ta/external/openenclave/3rdparty/libunwind/libunwind/include/dwarf_i.h:90:36: error: unknown type name ‘unw_accessors_t’
   90 | dwarf_readu8 (unw_addr_space_t as, unw_accessors_t *a, unw_word_t *addr,
      |                                    ^~~~~~~~~~~~~~~
/home/abc/nhat/optee_examples/eevm_minimal_ta/external/openenclave/3rdparty/libunwind/libunwind/include/dwarf_i.h:90:56: error: expected declaration specifiers or ‘...’ before ‘unw_word_t’
   90 | dwarf_readu8 (unw_addr_space_t as, unw_accessors_t *a, unw_word_t *addr,
      |                                                        ^~~~~~~~~~
/home/abc/nhat/optee_examples/eevm_minimal_ta/external/openenclave/3rdparty/libunwind/libunwind/include/dwarf_i.h:101:16: error: unknown type name ‘unw_addr_space_t’
  101 | dwarf_readu16 (unw_addr_space_t as, unw_accessors_t *a, unw_word_t *addr,
      |                ^~~~~~~~~~~~~~~~
/home/abc/nhat/optee_examples/eevm_minimal_ta/external/openenclave/3rdparty/libunwind/libunwind/include/dwarf_i.h:101:37: error: unknown type name ‘unw_accessors_t’
  101 | dwarf_readu16 (unw_addr_space_t as, unw_accessors_t *a, unw_word_t *addr,
      |                                     ^~~~~~~~~~~~~~~
/home/abc/nhat/optee_examples/eevm_minimal_ta/external/openenclave/3rdparty/libunwind/libunwind/include/dwarf_i.h:101:57: error: expected declaration specifiers or ‘...’ before ‘unw_word_t’
  101 | dwarf_readu16 (unw_addr_space_t as, unw_accessors_t *a, unw_word_t *addr,
      |                                                         ^~~~~~~~~~
/home/abc/nhat/optee_examples/eevm_minimal_ta/external/openenclave/3rdparty/libunwind/libunwind/include/dwarf_i.h:112:16: error: unknown type name ‘unw_addr_space_t’
  112 | dwarf_readu32 (unw_addr_space_t as, unw_accessors_t *a, unw_word_t *addr,
      |                ^~~~~~~~~~~~~~~~
/home/abc/nhat/optee_examples/eevm_minimal_ta/external/openenclave/3rdparty/libunwind/libunwind/include/dwarf_i.h:112:37: error: unknown type name ‘unw_accessors_t’
  112 | dwarf_readu32 (unw_addr_space_t as, unw_accessors_t *a, unw_word_t *addr,
      |                                     ^~~~~~~~~~~~~~~
/home/abc/nhat/optee_examples/eevm_minimal_ta/external/openenclave/3rdparty/libunwind/libunwind/include/dwarf_i.h:112:57: error: expected declaration specifiers or ‘...’ before ‘unw_word_t’
  112 | dwarf_readu32 (unw_addr_space_t as, unw_accessors_t *a, unw_word_t *addr,
      |                                                         ^~~~~~~~~~
/home/abc/nhat/optee_examples/eevm_minimal_ta/external/openenclave/3rdparty/libunwind/libunwind/include/dwarf_i.h:123:16: error: unknown type name ‘unw_addr_space_t’
  123 | dwarf_readu64 (unw_addr_space_t as, unw_accessors_t *a, unw_word_t *addr,
      |                ^~~~~~~~~~~~~~~~
/home/abc/nhat/optee_examples/eevm_minimal_ta/external/openenclave/3rdparty/libunwind/libunwind/include/dwarf_i.h:123:37: error: unknown type name ‘unw_accessors_t’
  123 | dwarf_readu64 (unw_addr_space_t as, unw_accessors_t *a, unw_word_t *addr,
      |                                     ^~~~~~~~~~~~~~~
/home/abc/nhat/optee_examples/eevm_minimal_ta/external/openenclave/3rdparty/libunwind/libunwind/include/dwarf_i.h:123:57: error: expected declaration specifiers or ‘...’ before ‘unw_word_t’
  123 | dwarf_readu64 (unw_addr_space_t as, unw_accessors_t *a, unw_word_t *addr,
      |                                                         ^~~~~~~~~~
/home/abc/nhat/optee_examples/eevm_minimal_ta/external/openenclave/3rdparty/libunwind/libunwind/include/dwarf_i.h:263:14: error: unknown type name ‘unw_addr_space_t’
  263 | dwarf_readw (unw_addr_space_t as, unw_accessors_t *a, unw_word_t *addr,
      |              ^~~~~~~~~~~~~~~~
/home/abc/nhat/optee_examples/eevm_minimal_ta/external/openenclave/3rdparty/libunwind/libunwind/include/dwarf_i.h:263:35: error: unknown type name ‘unw_accessors_t’
  263 | dwarf_readw (unw_addr_space_t as, unw_accessors_t *a, unw_word_t *addr,
      |                                   ^~~~~~~~~~~~~~~
/home/abc/nhat/optee_examples/eevm_minimal_ta/external/openenclave/3rdparty/libunwind/libunwind/include/dwarf_i.h:263:55: error: expected declaration specifiers or ‘...’ before ‘unw_word_t’
  263 | dwarf_readw (unw_addr_space_t as, unw_accessors_t *a, unw_word_t *addr,
      |                                                       ^~~~~~~~~~
/home/abc/nhat/optee_examples/eevm_minimal_ta/external/openenclave/3rdparty/libunwind/libunwind/include/dwarf_i.h:264:14: error: expected declaration specifiers or ‘...’ before ‘unw_word_t’
  264 |              unw_word_t *val, void *arg)
      |              ^~~~~~~~~~
/home/abc/nhat/optee_examples/eevm_minimal_ta/external/openenclave/3rdparty/libunwind/libunwind/include/dwarf_i.h:295:21: error: unknown type name ‘unw_addr_space_t’
  295 | dwarf_read_uleb128 (unw_addr_space_t as, unw_accessors_t *a, unw_word_t *addr,
      |                     ^~~~~~~~~~~~~~~~
/home/abc/nhat/optee_examples/eevm_minimal_ta/external/openenclave/3rdparty/libunwind/libunwind/include/dwarf_i.h:295:42: error: unknown type name ‘unw_accessors_t’
  295 | dwarf_read_uleb128 (unw_addr_space_t as, unw_accessors_t *a, unw_word_t *addr,
      |                                          ^~~~~~~~~~~~~~~
/home/abc/nhat/optee_examples/eevm_minimal_ta/external/openenclave/3rdparty/libunwind/libunwind/include/dwarf_i.h:295:62: error: expected declaration specifiers or ‘...’ before ‘unw_word_t’
  295 | dwarf_read_uleb128 (unw_addr_space_t as, unw_accessors_t *a, unw_word_t *addr,
      |                                                              ^~~~~~~~~~
/home/abc/nhat/optee_examples/eevm_minimal_ta/external/openenclave/3rdparty/libunwind/libunwind/include/dwarf_i.h:296:21: error: expected declaration specifiers or ‘...’ before ‘unw_word_t’
  296 |                     unw_word_t *valp, void *arg)
      |                     ^~~~~~~~~~
/home/abc/nhat/optee_examples/eevm_minimal_ta/external/openenclave/3rdparty/libunwind/libunwind/include/dwarf_i.h:320:21: error: unknown type name ‘unw_addr_space_t’
  320 | dwarf_read_sleb128 (unw_addr_space_t as, unw_accessors_t *a, unw_word_t *addr,
      |                     ^~~~~~~~~~~~~~~~
/home/abc/nhat/optee_examples/eevm_minimal_ta/external/openenclave/3rdparty/libunwind/libunwind/include/dwarf_i.h:320:42: error: unknown type name ‘unw_accessors_t’
  320 | dwarf_read_sleb128 (unw_addr_space_t as, unw_accessors_t *a, unw_word_t *addr,
      |                                          ^~~~~~~~~~~~~~~
/home/abc/nhat/optee_examples/eevm_minimal_ta/external/openenclave/3rdparty/libunwind/libunwind/include/dwarf_i.h:320:62: error: expected declaration specifiers or ‘...’ before ‘unw_word_t’
  320 | dwarf_read_sleb128 (unw_addr_space_t as, unw_accessors_t *a, unw_word_t *addr,
      |                                                              ^~~~~~~~~~
/home/abc/nhat/optee_examples/eevm_minimal_ta/external/openenclave/3rdparty/libunwind/libunwind/include/dwarf_i.h:321:21: error: expected declaration specifiers or ‘...’ before ‘unw_word_t’
  321 |                     unw_word_t *valp, void *arg)
      |                     ^~~~~~~~~~
/home/abc/nhat/optee_examples/eevm_minimal_ta/external/openenclave/3rdparty/libunwind/libunwind/include/dwarf_i.h:346:37: error: unknown type name ‘unw_addr_space_t’
  346 | dwarf_read_encoded_pointer_inlined (unw_addr_space_t as, unw_accessors_t *a,
      |                                     ^~~~~~~~~~~~~~~~
/home/abc/nhat/optee_examples/eevm_minimal_ta/external/openenclave/3rdparty/libunwind/libunwind/include/dwarf_i.h:346:58: error: unknown type name ‘unw_accessors_t’
  346 | dwarf_read_encoded_pointer_inlined (unw_addr_space_t as, unw_accessors_t *a,
      |                                                          ^~~~~~~~~~~~~~~
/home/abc/nhat/optee_examples/eevm_minimal_ta/external/openenclave/3rdparty/libunwind/libunwind/include/dwarf_i.h:347:37: error: expected declaration specifiers or ‘...’ before ‘unw_word_t’
  347 |                                     unw_word_t *addr, unsigned char encoding,
      |                                     ^~~~~~~~~~
/home/abc/nhat/optee_examples/eevm_minimal_ta/external/openenclave/3rdparty/libunwind/libunwind/include/dwarf_i.h:348:43: error: unknown type name ‘unw_proc_info_t’
  348 |                                     const unw_proc_info_t *pi,
      |                                           ^~~~~~~~~~~~~~~
/home/abc/nhat/optee_examples/eevm_minimal_ta/external/openenclave/3rdparty/libunwind/libunwind/include/dwarf_i.h:349:37: error: expected declaration specifiers or ‘...’ before ‘unw_word_t’
  349 |                                     unw_word_t *valp, void *arg)
      |                                     ^~~~~~~~~~
In file included from /home/abc/nhat/optee_examples/eevm_minimal_ta/external/openenclave/3rdparty/libunwind/libunwind/include/libunwind_i.h:38:
/home/abc/nhat/optee_examples/eevm_minimal_ta/external/openenclave/3rdparty/libunwind/libunwind/include/compiler.h:43:25: error: expected declaration specifiers before ‘__attribute__’
   43 | #  define HIDDEN        __attribute__((visibility ("hidden")))
      |                         ^~~~~~~~~~~~~
/home/abc/nhat/optee_examples/eevm_minimal_ta/external/openenclave/3rdparty/libunwind/libunwind/src/dwarf/global.c:28:1: note: in expansion of macro ‘HIDDEN’
   28 | HIDDEN struct mempool dwarf_reg_state_pool;
      | ^~~~~~
/home/abc/nhat/optee_examples/eevm_minimal_ta/external/openenclave/3rdparty/libunwind/libunwind/include/compiler.h:43:25: error: expected declaration specifiers before ‘__attribute__’
   43 | #  define HIDDEN        __attribute__((visibility ("hidden")))
      |                         ^~~~~~~~~~~~~
/home/abc/nhat/optee_examples/eevm_minimal_ta/external/openenclave/3rdparty/libunwind/libunwind/src/dwarf/global.c:29:1: note: in expansion of macro ‘HIDDEN’
   29 | HIDDEN struct mempool dwarf_cie_info_pool;
      | ^~~~~~
/home/abc/nhat/optee_examples/eevm_minimal_ta/external/openenclave/3rdparty/libunwind/libunwind/include/compiler.h:43:25: error: expected declaration specifiers before ‘__attribute__’
   43 | #  define HIDDEN        __attribute__((visibility ("hidden")))
      |                         ^~~~~~~~~~~~~
/home/abc/nhat/optee_examples/eevm_minimal_ta/external/openenclave/3rdparty/libunwind/libunwind/src/dwarf/global.c:31:1: note: in expansion of macro ‘HIDDEN’
   31 | HIDDEN int
      | ^~~~~~
/home/abc/arm-toolchain/aarch64-none-linux-gnu/libc/usr/include/sys/time.h:67:12: error: old-style parameter declarations in prototyped function definition
   67 | extern int gettimeofday (struct timeval *__restrict __tv,
      |            ^~~~~~~~~~~~
/home/abc/nhat/optee_examples/eevm_minimal_ta/external/openenclave/3rdparty/libunwind/libunwind/src/dwarf/global.c:38: error: expected ‘{’ at end of input
